PC     Output      Line
040000             0001        .assume adl=1
040000             0002        .org 0x040000
040000             0003    
040000 C3 45 00 04 0004        jp start
040004             0005    
040004             0006        .align 64
       FF FF FF FF 
       FF FF FF FF 
       FF FF FF FF 
       FF FF FF FF 
       FF FF FF FF 
       FF FF FF FF 
       FF FF FF FF 
       FF FF FF FF 
       FF FF FF FF 
       FF FF FF FF 
       FF FF FF FF 
       FF FF FF FF 
       FF FF FF FF 
       FF FF FF FF 
       FF FF FF FF 
040040 4D 4F 53    0007        .db "MOS"
040043 00          0008        .db 00h
040044 01          0009        .db 01h
040045             0010    
040045             0011    start:
040045 F5          0012        push af
040046 C5          0013        push bc
040047 D5          0014        push de
040048 DD E5       0015        push ix
04004A FD E5       0016        push iy
04004C             0017    
04004C CD F2 14 04 0018        call init
040050 CD F3 14 04 0019        call main
040054             0020    
040054             0021    exit:
040054 FD E1       0022        pop iy
040056 DD E1       0023        pop ix
040058 D1          0024        pop de
040059 C1          0025        pop bc
04005A F1          0026        pop af
04005B 21 00 00 00 0027        ld hl,0
04005F C9          0028        ret
040060             0029    
040060             0030        include "mos_api.inc"
040060             0001*   ; https://github.com/envenomator/Agon/blob/master/ez80asm%20examples%20(annotated)/mos_api.inc
040060             0002*   ;
040060             0003*   ; Title:	AGON MOS - API for user projects
040060             0004*   ; Author:	Dean Belfield
040060             0005*   ;			Adapted for agon-ez80asm by Jeroen Venema
040060             0006*   ;			Added MOS error codes for return in HL
040060             0007*   ; Created:	03/08/2022
040060             0008*   ; Last Updated:	10/08/2023
040060             0009*   ;
040060             0010*   ; Modinfo:
040060             0011*   ; 05/08/2022:	Added mos_feof
040060             0012*   ; 09/08/2022:	Added system variables: cursorX, cursorY
040060             0013*   ; 18/08/2022:	Added system variables: scrchar, scrpixel, audioChannel, audioSuccess, vpd_pflags
040060             0014*   ; 05/09/2022:	Added mos_ren, vdp_pflag_mode
040060             0015*   ; 24/09/2022:	Added mos_getError, mos_mkdir
040060             0016*   ; 13/10/2022:	Added mos_oscli
040060             0017*   ; 23/02/2023:	Added more sysvars, fixed typo in sysvar_audioSuccess, offsets for sysvar_scrCols, sysvar_scrRows
040060             0018*   ; 04/03/2023:	Added sysvar_scrpixelIndex
040060             0019*   ; 08/03/2023:	Renamed sysvar_keycode to sysvar_keyascii, added sysvar_vkeycode
040060             0020*   ; 15/03/2023:	Added mos_copy, mos_getrtc, mos_setrtc, rtc, vdp_pflag_rtc
040060             0021*   ; 21/03/2023:	Added mos_setintvector, sysvars for keyboard status, vdu codes for vdp
040060             0022*   ; 22/03/2023:	The VDP commands are now indexed from 0x80
040060             0023*   ; 29/03/2023:	Added mos_uopen, mos_uclose, mos_ugetc, mos_uputc
040060             0024*   ; 13/04/2023:	Added FatFS file structures (FFOBJID, FIL, DIR, FILINFO)
040060             0025*   ; 15/04/2023:	Added mos_getfil, mos_fread, mos_fwrite and mos_flseek
040060             0026*   ; 19/05/2023:	Added sysvar_scrMode
040060             0027*   ; 05/06/2023:	Added sysvar_rtcEnable
040060             0028*   ; 03/08/2023:	Added mos_setkbvector
040060             0029*   ; 10/08/2023:	Added mos_getkbmap
040060             0030*   
040060             0031*   ; VDP control (VDU 23, 0, n)
040060             0032*   ;
040060             0033*   vdp_gp:				EQU 80h
040060             0034*   vdp_keycode:		EQU 81h
040060             0035*   vdp_cursor:			EQU	82h
040060             0036*   vdp_scrchar:		EQU	83h
040060             0037*   vdp_scrpixel:		EQU	84h
040060             0038*   vdp_audio:			EQU	85h
040060             0039*   vdp_mode:			EQU	86h
040060             0040*   vdp_rtc:			EQU	87h
040060             0041*   vdp_keystate:		EQU	88h
040060             0042*   vdp_logicalcoords:	EQU	C0h
040060             0043*   vdp_terminalmode:	EQU	FFh
040060             0044*   
040060             0045*   ;
040060             0046*   ; Macro for calling the API
040060             0047*   ; Parameters:
040060             0048*   ; - function: One of the function numbers listed below
040060             0049*   ;
040060             0050*   	MACRO	MOSCALL	function
040060             0051*   			LD	A, function
040060             0052*   			RST.LIL	08h
040060             0053*   	ENDMACRO
040060             0054*   
040060             0055*   ;
040060             0056*   ; Same as above but keeps IY safe on FFS calls. This was added after some FFS
040060             0057*   ; functions unexpectedly destroyed IY in the emulator; that behavior may since
040060             0058*   ; have been fixed. TODO: test current emulator and hardware MOS builds, then
040060             0059*   ; remove this wrapper if unnecessary: PUSH/POP IY adds avoidable cycles and
040060             0060*   ; index-register stack operations are costlier than their GP-register forms.
040060             0061*   ; (Can be used for regular MOS calls as well.)
040060             0062*   ;
040060             0063*   	MACRO	FFSCALL	function
040060             0064*   			PUSH IY
040060             0065*   			LD	A, function
040060             0066*   			RST.LIL	08h
040060             0067*   			POP IY
040060             0068*   	ENDMACRO
040060             0069*   
040060             0070*   ; MOS high level functions
040060             0071*   ;
040060             0072*   ; Get keycode
040060             0073*   ; Returns:
040060             0074*   ;  A: ASCII code of key pressed, or 0 if no key pressed
040060             0075*   mos_getkey:			EQU	00h
040060             0076*   
040060             0077*   ; Load an area of memory from a file.
040060             0078*   ; HLU: Address of filename (zero terminated)
040060             0079*   ; DEU: Address at which to load
040060             0080*   ; BCU: Maximum allowed size (bytes)
040060             0081*   ; Returns:
040060             0082*   ; - A: File error, or 0 if OK
040060             0083*   ; - F: Carry reset indicates no room for file.
040060             0084*   mos_load:			EQU	01h
040060             0085*   
040060             0086*   ; Save a file to the SD card from RAM
040060             0087*   ; HLU: Address of filename (zero terminated)
040060             0088*   ; DEU: Address to save from
040060             0089*   ; BCU: Number of bytes to save
040060             0090*   ; Returns:
040060             0091*   ; - A: File error, or 0 if OK
040060             0092*   ; - F: Carry reset indicates no room for file
040060             0093*   mos_save:			EQU	02h
040060             0094*   
040060             0095*   ; Change directory
040060             0096*   ; HLU: Address of path (zero terminated)
040060             0097*   ; Returns:
040060             0098*   ; - A: File error, or 0 if OK
040060             0099*   mos_cd:				EQU	03h
040060             0100*   
040060             0101*   ; Directory listing
040060             0102*   ; HLU: Address of path (zero terminated)
040060             0103*   ; Returns:
040060             0104*   ; - A: File error, or 0 if OK
040060             0105*   mos_dir:			EQU	04h
040060             0106*   
040060             0107*   ; Delete a file from the SD card
040060             0108*   ; HLU: Address of filename (zero terminated)
040060             0109*   ; Returns:
040060             0110*   ; - A: File error, or 0 if OK
040060             0111*   mos_del:			EQU	05h
040060             0112*   
040060             0113*   ; Rename a file on the SD card
040060             0114*   ; HLU: Address of filename1 (zero terminated)
040060             0115*   ; DEU: Address of filename2 (zero terminated)
040060             0116*   ; Returns:
040060             0117*   ; - A: File error, or 0 if OK
040060             0118*   mos_ren:			EQU	06h
040060             0119*   
040060             0120*   ; Make a folder on the SD card
040060             0121*   ; HLU: Address of filename (zero terminated)
040060             0122*   ; Returns:
040060             0123*   ; - A: File error, or 0 if OK
040060             0124*   mos_mkdir:			EQU	07h
040060             0125*   
040060             0126*   ; Get a pointer to a system variable
040060             0127*   ; Returns:
040060             0128*   ; IXU: Pointer to system variables (see mos_api.asm for more details)
040060             0129*   mos_sysvars:		EQU	08h
040060             0130*   
040060             0131*   ; Invoke the line editor
040060             0132*   ; HLU: Address of the buffer
040060             0133*   ; BCU: Buffer length
040060             0134*   ;   E: 0 to not clear buffer, 1 to clear
040060             0135*   ; Returns:
040060             0136*   ;   A: Key that was used to exit the input loop (CR=13, ESC=27)
040060             0137*   mos_editline:		EQU	09h
040060             0138*   
040060             0139*   ; Open a file
040060             0140*   ; HLU: Filename
040060             0141*   ;   C: Mode
040060             0142*   ; Returns:
040060             0143*   ;   A: Filehandle, or 0 if couldn't open
040060             0144*   mos_fopen:			EQU	0Ah
040060             0145*   
040060             0146*   ; Close a file
040060             0147*   ;   C: Filehandle
040060             0148*   ; Returns
040060             0149*   ;   A: Number of files still open
040060             0150*   mos_fclose:			EQU	0Bh
040060             0151*   
040060             0152*   ; Get a character from a file
040060             0153*   ;   C: Filehandle
040060             0154*   ; Returns:
040060             0155*   ;   A: Character read
040060             0156*   ;   F: C set if last character in file, otherwise NC
040060             0157*   mos_fgetc:			EQU	0Ch
040060             0158*   
040060             0159*   ; Write a character to a file
040060             0160*   ;   C: Filehandle
040060             0161*   ;   B: Character to write
040060             0162*   mos_fputc:			EQU	0Dh
040060             0163*   
040060             0164*   ; Check whether we're at the end of the file
040060             0165*   ;   C: Filehandle
040060             0166*   ; Returns:
040060             0167*   ;   A: 1 if at end of file, otherwise 0
040060             0168*   mos_feof:			EQU	0Eh
040060             0169*   
040060             0170*   ; Copy an error message
040060             0171*   ;   E: The error code
040060             0172*   ; HLU: Address of buffer to copy message into
040060             0173*   ; BCU: Size of buffer
040060             0174*   mos_getError:		EQU	0Fh
040060             0175*   
040060             0176*   ; Execute a MOS command
040060             0177*   ; HLU: Pointer the the MOS command string
040060             0178*   ; DEU: Pointer to additional command structure
040060             0179*   ; BCU: Number of additional commands
040060             0180*   ; Returns:
040060             0181*   ;   A: MOS error code
040060             0182*   mos_oscli:			EQU	10h
040060             0183*   
040060             0184*   ; Copy a file on the SD card
040060             0185*   ; HLU: Address of filename1 (zero terminated)
040060             0186*   ; DEU: Address of filename2 (zero terminated)
040060             0187*   ; Returns:
040060             0188*   ; - A: File error, or 0 if OK
040060             0189*   mos_copy:			EQU	11h
040060             0190*   
040060             0191*   ; Fetch a RTC string
040060             0192*   ; HLU: Pointer to a buffer to copy the string to
040060             0193*   ; Returns:
040060             0194*   ;   A: Length of time
040060             0195*   mos_getrtc:			EQU	12h
040060             0196*   
040060             0197*   ; Set the RTC
040060             0198*   ; HLU: Pointer to a buffer with the time data in
040060             0199*   mos_setrtc:			EQU	13h
040060             0200*   
040060             0201*   ; Set an interrupt vector
040060             0202*   ; HLU: Pointer to the interrupt vector (24-bit pointer)
040060             0203*   ;   E: Vector # to set
040060             0204*   ; Returns:
040060             0205*   ; HLU: Pointer to the previous vector
040060             0206*   mos_setintvector:	EQU	14h
040060             0207*   
040060             0208*   ; Open UART1
040060             0209*   ; IXU: Pointer to UART struct
040060             0210*   ;	+0: Baud rate (24-bit, little endian)
040060             0211*   ;	+3: Data bits
040060             0212*   ;	+4: Stop bits
040060             0213*   ;	+5: Parity bits
040060             0214*   ;	+6: Flow control (0: None, 1: Hardware)
040060             0215*   ;	+7: Enabled interrupts
040060             0216*   ; Returns:
040060             0217*   ;   A: Error code (0 = no error)
040060             0218*   mos_uopen:			EQU	15h
040060             0219*   
040060             0220*   ; Close UART1
040060             0221*   mos_uclose:			EQU	16h
040060             0222*   
040060             0223*   ; Get a character from UART1
040060             0224*   ; Returns:
040060             0225*   ;   A: Character read
040060             0226*   ;   F: C if successful
040060             0227*   ;   F: NC if the UART is not open
040060             0228*   mos_ugetc:			EQU	17h
040060             0229*   
040060             0230*   ; Write a character to UART1
040060             0231*   ;   C: Character to write
040060             0232*   ; Returns:
040060             0233*   ;   F: C if successful
040060             0234*   ;   F: NC if the UART is not open
040060             0235*   mos_uputc:			EQU	18h
040060             0236*   
040060             0237*   ; Convert a file handle to a FIL structure pointer
040060             0238*   ;   C: Filehandle
040060             0239*   ; Returns:
040060             0240*   ; HLU: Pointer to a FIL struct
040060             0241*   mos_getfil:			EQU	19h
040060             0242*   
040060             0243*   ; Read a block of data from a file
040060             0244*   ;   C: Filehandle
040060             0245*   ; HLU: Pointer to where to write the data to
040060             0246*   ; DEU: Number of bytes to read
040060             0247*   ; Returns:
040060             0248*   ; DEU: Number of bytes read
040060             0249*   mos_fread:			EQU	1Ah
040060             0250*   
040060             0251*   ; Write a block of data to a file
040060             0252*   ;  C: Filehandle
040060             0253*   ; HLU: Pointer to where the data is
040060             0254*   ; DEU: Number of bytes to write
040060             0255*   ; Returns:
040060             0256*   ; DEU: Number of bytes read
040060             0257*   mos_fwrite:			EQU	1Bh
040060             0258*   
040060             0259*   ; Move the read/write pointer in a file
040060             0260*   ;   C: Filehandle
040060             0261*   ; HLU: Least significant 3 bytes of the offset from the start of the file (DWORD)
040060             0262*   ;   E: Most significant byte of the offset
040060             0263*   ; Returns:
040060             0264*   ;   A: FRESULT
040060             0265*   mos_flseek:			EQU	1Ch
040060             0266*   
040060             0267*   ; Move the read/write pointer in a file relative to the current position
040060             0268*   ;   C: Filehandle
040060             0269*   ; DEU: Signed 24-bit offset
040060             0270*   ; Returns:
040060             0271*   ;   A: FRESULT
040060             0272*   mos_api_flseek_rel:
040060 C5          0273*   	push bc ; back up file handle in c
040061 D5          0274*   	push de ; save offset
040062             0275*   	MOSCALL mos_getfil
                       M1 Args: function=mos_getfil 
040062 3E 19       0001*M1 			LD	A, function
040064 5B CF       0002*M1 			RST.LIL	08h
040066 E5          0276*   	push hl
040067 FD E1       0277*   	pop iy ; iy points to FIL struct
040069 FD 27 11    0278*   	ld hl,(iy+fil_fptr) ; get lowest 3 bytes of current position
04006C AF          0279*   	xor a ; clear carry
04006D D1          0280*   	pop de ; restore offset
04006E ED 5A       0281*   	adc hl,de ; adc the offset because we need sign flag
040070 F2 78 00 04 0282*   	jp p,@not_neg
040074 21 00 00 00 0283*   	ld hl,0 ; seek to beginning of file
040078             0284*   @not_neg:
040078 C1          0285*   	pop bc ; restore file handle to c
040079 1E 00       0286*   	ld e,0 ; highest byte of offset
04007B             0287*   	MOSCALL mos_flseek
                       M1 Args: function=mos_flseek 
04007B 3E 1C       0001*M1 			LD	A, function
04007D 5B CF       0002*M1 			RST.LIL	08h
04007F C9          0288*   	ret
040080             0289*   
040080             0290*   ; Set a VDP keyboard packet receiver callback
040080             0291*   ;   C: If non-zero then set the top byte of HLU(callback address)  to MB (for ADL=0 callers)
040080             0292*   ; HLU: Pointer to callback
040080             0293*   mos_setkbvector:	EQU	1Dh
040080             0294*   
040080             0295*   ; Get the address of the keyboard map
040080             0296*   ; Returns:
040080             0297*   ; IXU: Base address of the keymap
040080             0298*   mos_getkbmap:		EQU	1Eh
040080             0299*   
040080             0300*   ; MOS program exit codes
040080             0301*   ;
040080             0302*   EXIT_OK:				EQU  0;	"OK",
040080             0303*   EXIT_ERROR_SD_ACCESS:	EQU	 1;	"Error accessing SD card",
040080             0304*   EXIT_ERROR_ASSERTION:	EQU  2;	"Assertion failed",
040080             0305*   EXIT_SD_CARDFAILURE:	EQU  3;	"SD card failure",
040080             0306*   EXIT_FILENOTFOUND:		EQU  4;	"Could not find file",
040080             0307*   EXIT_PATHNOTFOUND:		EQU  5;	"Could not find path",
040080             0308*   EXIT_INVALIDPATHNAME:	EQU  6;	"Invalid path name",
040080             0309*   EXIT_ACCESSDENIED_FULL:	EQU  7;	"Access denied or directory full",
040080             0310*   EXIT_ACCESSDENIED:		EQU  8;	"Access denied",
040080             0311*   EXIT_INVALIDOBJECT:		EQU  9;	"Invalid file/directory object",
040080             0312*   EXIT_SD_WRITEPROTECTED:	EQU 10;	"SD card is write protected",
040080             0313*   EXIT_INVALIDDRIVENUMBER:EQU 11;	"Logical drive number is invalid",
040080             0314*   EXIT_NOVOLUMEWORKAREA:	EQU 12;	"Volume has no work area",
040080             0315*   EXIT_NOVALIDFATVOLUME:	EQU 13;	"No valid FAT volume",
040080             0316*   EXIT_ERRORMKFS:			EQU 14;	"Error occurred during mkfs",
040080             0317*   EXIT_VOLUMETIMEOUT:		EQU 15;	"Volume timeout",
040080             0318*   EXIT_VOLUMELOCKED:		EQU 16;	"Volume locked",
040080             0319*   EXIT_LFNALLOCATION:		EQU 17;	"LFN working buffer could not be allocated",
040080             0320*   EXIT_MAXOPENFILES:		EQU 18;	"Too many open files",
040080             0321*   EXIT_INVALIDPARAMETER:	EQU 19;	"Invalid parameter",
040080             0322*   EXIT_INVALIDCOMMAND:	EQU 20;	"Invalid command",
040080             0323*   EXIT_INVALIDEXECUTABLE:	EQU 21;	"Invalid executable",
040080             0324*   
040080             0325*   ; FatFS file access functions
040080             0326*   ;
040080             0327*   ; Open a file
040080             0328*   ; HLU: Pointer to a blank FIL struct
040080             0329*   ; DEU: Pointer to the filename (0 terminated)
040080             0330*   ;   C: File mode
040080             0331*   ; Returns:
040080             0332*   ;   A: FRESULT
040080             0333*   ffs_fopen:			EQU	80h
040080             0334*   
040080             0335*   ; Close a file
040080             0336*   ; HLU: Pointer to a blank FIL struct
040080             0337*   ; Returns:
040080             0338*   ;   A: FRESULT
040080             0339*   ffs_fclose:			EQU	81h
040080             0340*   
040080             0341*   ; Read data from a file
040080             0342*   ; HLU: Pointer to a FIL struct
040080             0343*   ; DEU: Pointer to where to write the file out
040080             0344*   ; BCU: Number of bytes to read
040080             0345*   ; Returns:
040080             0346*   ;   A: FRESULT
040080             0347*   ; BCU: Number of bytes read
040080             0348*   ffs_fread:			EQU	82h
040080             0349*   
040080             0350*   ; Write data to a file
040080             0351*   ; HLU: Pointer to a FIL struct
040080             0352*   ; DEU: Pointer to the data to write out
040080             0353*   ; BCU: Number of bytes to write
040080             0354*   ; Returns:
040080             0355*   ;   A: FRESULT
040080             0356*   ; BCU: Number of bytes written
040080             0357*   ffs_fwrite:			EQU	83h
040080             0358*   
040080             0359*   ; Move the read/write pointer in a file
040080             0360*   ; HLU: Pointer to a FIL struct
040080             0361*   ; DEU: Least significant 3 bytes of the offset from the start of the file (DWORD)
040080             0362*   ;   C: Most significant byte of the offset
040080             0363*   ; Returns:
040080             0364*   ;   A: FRESULT
040080             0365*   ffs_flseek:			EQU	84h
040080             0366*   
040080             0367*   ; not implemented
040080             0368*   ffs_ftruncate:		EQU	85h
040080             0369*   
040080             0370*   ; not implemented
040080             0371*   ffs_fsync:			EQU	86h
040080             0372*   
040080             0373*   ; not implemented
040080             0374*   ffs_fforward:		EQU	87h
040080             0375*   
040080             0376*   ; not implemented
040080             0377*   ffs_fexpand:		EQU	88h
040080             0378*   
040080             0379*   ; not implemented
040080             0380*   ffs_fgets:			EQU	89h
040080             0381*   
040080             0382*   ; not implemented
040080             0383*   ffs_fputc:			EQU	8Ah
040080             0384*   
040080             0385*   ; not implemented
040080             0386*   ffs_fputs:			EQU	8Bh
040080             0387*   
040080             0388*   ; not implemented
040080             0389*   ffs_fprintf:		EQU	8Ch
040080             0390*   
040080             0391*   ; not implemented
040080             0392*   ffs_ftell:			EQU	8Dh
040080             0393*   
040080             0394*   ; Check for EOF
040080             0395*   ; HLU: Pointer to a FILINFO struct
040080             0396*   ; Returns:
040080             0397*   ;   A: 1 if end of file, otherwise 0
040080             0398*   ffs_feof:			EQU	8Eh
040080             0399*   
040080             0400*   ; not implemented
040080             0401*   ffs_fsize:			EQU	8Fh
040080             0402*   
040080             0403*   ; not implemented
040080             0404*   ffs_ferror:			EQU	90h
040080             0405*   
040080             0406*   ; FatFS directory access functions
040080             0407*   ;
040080             0408*   ; Open a directory
040080             0409*   ; HLU: Pointer to a blank DIR struct
040080             0410*   ; DEU: Pointer to the directory path
040080             0411*   ; Returns:
040080             0412*   ; A: FRESULT
040080             0413*   ffs_dopen:			EQU	91h
040080             0414*   
040080             0415*   ; Close a directory
040080             0416*   ; HLU: Pointer to an open DIR struct
040080             0417*   ; Returns:
040080             0418*   ; A: FRESULT
040080             0419*   ffs_dclose:			EQU	92h
040080             0420*   
040080             0421*   ; Read the next FILINFO from an open DIR
040080             0422*   ; HLU: Pointer to an open DIR struct
040080             0423*   ; DEU: Pointer to an empty FILINFO struct
040080             0424*   ; Returns:
040080             0425*   ; A: FRESULT
040080             0426*   ffs_dread:			EQU	93h
040080             0427*   
040080             0428*   ; not implemented
040080             0429*   ffs_dfindfirst:		EQU	94h
040080             0430*   
040080             0431*   ; not implemented
040080             0432*   ffs_dfindnext:		EQU	95h
040080             0433*   
040080             0434*   ; FatFS file and directory management functions
040080             0435*   ;
040080             0436*   ; Check file exists
040080             0437*   ; HLU: Pointer to a FILINFO struct
040080             0438*   ; DEU: Pointer to the filename (0 terminated)
040080             0439*   ; Returns:
040080             0440*   ;   A: FRESULT
040080             0441*   ffs_stat:			EQU	96h
040080             0442*   
040080             0443*   ; not implemented
040080             0444*   ffs_unlink:			EQU	97h
040080             0445*   
040080             0446*   ; not implemented
040080             0447*   ffs_rename:			EQU	98h
040080             0448*   
040080             0449*   ; not implemented
040080             0450*   ffs_chmod:			EQU	99h
040080             0451*   
040080             0452*   ; not implemented
040080             0453*   ffs_utime:			EQU	9Ah
040080             0454*   
040080             0455*   ; not implemented
040080             0456*   ffs_mkdir:			EQU	9Bh
040080             0457*   
040080             0458*   ; not implemented
040080             0459*   ffs_chdir:			EQU	9Ch
040080             0460*   
040080             0461*   ; not implemented
040080             0462*   ffs_chdrive:		EQU	9Dh
040080             0463*   
040080             0464*   ; Copy the current directory (string) into buffer (hl)
040080             0465*   ; HLU: Pointer to a buffer
040080             0466*   ; BCU: Maximum length of buffer
040080             0467*   ; Returns:
040080             0468*   ; A: FRESULT
040080             0469*   ffs_getcwd:			EQU	9Eh
040080             0470*   
040080             0471*   ; FatFS volume management and system configuration functions
040080             0472*   ;
040080             0473*   ; not implemented
040080             0474*   ffs_mount:			EQU	9Fh
040080             0475*   
040080             0476*   ; not implemented
040080             0477*   ffs_mkfs:			EQU	A0h
040080             0478*   
040080             0479*   ; not implemented
040080             0480*   ffs_fdisk:			EQU	A1h
040080             0481*   
040080             0482*   ; not implemented
040080             0483*   ffs_getfree:		EQU	A2h
040080             0484*   
040080             0485*   ; not implemented
040080             0486*   ffs_getlabel:		EQU	A3h
040080             0487*   
040080             0488*   ; not implemented
040080             0489*   ffs_setlabel:		EQU	A4h
040080             0490*   
040080             0491*   ; not implemented
040080             0492*   ffs_setcp:			EQU	A5h
040080             0493*   
040080             0494*   ; File access modes
040080             0495*   ;
040080             0496*   fa_read:			EQU	01h
040080             0497*   fa_write:			EQU	02h
040080             0498*   fa_open_existing:	EQU	00h
040080             0499*   fa_create_new:		EQU	04h
040080             0500*   fa_create_always:	EQU	08h
040080             0501*   fa_open_always:		EQU	10h
040080             0502*   fa_open_append:		EQU	30h
040080             0503*   
040080             0504*   ; System variable indexes for api_sysvars
040080             0505*   ; Index into _sysvars in globals.asm
040080             0506*   ;
040080             0507*   sysvar_time:			EQU	00h	; 4: Clock timer in centiseconds (incremented by 2 every VBLANK)
040080             0508*   sysvar_vpd_pflags:		EQU	04h	; 1: Flags to indicate completion of VDP commands
040080             0509*   sysvar_keyascii:		EQU	05h	; 1: ASCII keycode, or 0 if no key is pressed
040080             0510*   sysvar_keymods:			EQU	06h	; 1: Keycode modifiers
040080             0511*   sysvar_cursorX:			EQU	07h	; 1: Cursor X position
040080             0512*   sysvar_cursorY:			EQU	08h	; 1: Cursor Y position
040080             0513*   sysvar_scrchar:			EQU	09h	; 1: Character read from screen
040080             0514*   sysvar_scrpixel:		EQU	0Ah	; 3: Pixel data read from screen (R,B,G)
040080             0515*   sysvar_audioChannel:	EQU	0Dh	; 1: Audio channel
040080             0516*   sysvar_audioSuccess:	EQU	0Eh	; 1: Audio channel note queued (0 = no, 1 = yes)
040080             0517*   sysvar_scrWidth:		EQU	0Fh	; 2: Screen width in pixels
040080             0518*   sysvar_scrHeight:		EQU	11h	; 2: Screen height in pixels
040080             0519*   sysvar_scrCols:			EQU	13h	; 1: Screen columns in characters
040080             0520*   sysvar_scrRows:			EQU	14h	; 1: Screen rows in characters
040080             0521*   sysvar_scrColours:		EQU	15h	; 1: Number of colours displayed
040080             0522*   sysvar_scrpixelIndex:	EQU	16h	; 1: Index of pixel data read from screen
040080             0523*   sysvar_vkeycode:		EQU	17h	; 1: Virtual key code from FabGL
040080             0524*   sysvar_vkeydown:		EQU	18h	; 1: Virtual key state from FabGL (0=up, 1=down)
040080             0525*   sysvar_vkeycount:		EQU	19h	; 1: Incremented every time a key packet is received
040080             0526*   sysvar_rtc:				EQU	1Ah	; 6: Real time clock data
040080             0527*   sysvar_spare:			EQU	20h	; 2: Spare, previously used by rtc
040080             0528*   sysvar_keydelay:		EQU	22h	; 2: Keyboard repeat delay
040080             0529*   sysvar_keyrate:			EQU	24h	; 2: Keyboard repeat reat
040080             0530*   sysvar_keyled:			EQU	26h	; 1: Keyboard LED status
040080             0531*   sysvar_scrMode:			EQU	27h	; 1: Screen mode
040080             0532*   sysvar_rtcEnable:		EQU	28h	; 1: RTC enable flag (0: disabled, 1: use ESP32 RTC)
040080             0533*   
040080             0534*   ; Flags for the VPD protocol
040080             0535*   ;
040080             0536*   vdp_pflag_cursor:		EQU	00000001b
040080             0537*   vdp_pflag_scrchar:		EQU	00000010b
040080             0538*   vdp_pflag_point:		EQU	00000100b
040080             0539*   vdp_pflag_audio:		EQU	00001000b
040080             0540*   vdp_pflag_mode:			EQU	00010000b
040080             0541*   vdp_pflag_rtc:			EQU	00100000b
040080             0542*   
040080             0543*   ;
040080             0544*   ; FatFS structures
040080             0545*   ; These mirror the structures contained in src_fatfs/ff.h in the MOS project
040080             0546*   ;
040080             0547*   ; Object ID and allocation information (FFOBJID)
040080             0548*   ;
040080             0549*   ; Indexes into FFOBJID structure
040080             0550*   ffobjid_fs:			EQU	0	; 3: Pointer to the hosting volume of this object
040080             0551*   ffobjid_id:			EQU	3	; 2: Hosting volume mount ID
040080             0552*   ffobjid_attr:		EQU	5	; 1: Object attribute
040080             0553*   ffobjid_stat:		EQU	6	; 1: Object chain status (b1-0: =0:not contiguous, =2:contiguous, =3:fragmented in this session, b2:sub-directory stretched)
040080             0554*   ffobjid_sclust:		EQU	7	; 4: Object data start cluster (0:no cluster or root directory)
040080             0555*   ffobjid_objsize:	EQU	11	; 4: Object size (valid when sclust != 0)
040080             0556*   ;
040080             0557*   ; File object structure (FIL)
040080             0558*   ;
040080             0559*   ; Indexes into FIL structure
040080             0560*   fil_obj:		EQU 0	; 15: Object identifier
040080             0561*   fil_flag:		EQU	15 	;  1: File status flags
040080             0562*   fil_err:		EQU	16	;  1: Abort flag (error code)
040080             0563*   fil_fptr:		EQU	17	;  4: File read/write pointer (Zeroed on file open)
040080             0564*   fil_clust:		EQU	21	;  4: Current cluster of fpter (invalid when fptr is 0)
040080             0565*   fil_sect:		EQU	25	;  4: Sector number appearing in buf[] (0:invalid)
040080             0566*   fil_dir_sect:	EQU	29	;  4: Sector number containing the directory entry
040080             0567*   fil_dir_ptr:	EQU	33	;  3: Pointer to the directory entry in the win[]
040080             0568*   ;
040080             0569*   ; Directory object structure (DIR)
040080             0570*   ; Indexes into DIR structure
040080             0571*   dir_obj:		EQU  0	; 15: Object identifier
040080             0572*   dir_dptr:		EQU	15	;  4: Current read/write offset
040080             0573*   dir_clust:		EQU	19	;  4: Current cluster
040080             0574*   dir_sect:		EQU	23	;  4: Current sector (0:Read operation has terminated)
040080             0575*   dir_dir:		EQU	27	;  3: Pointer to the directory item in the win[]
040080             0576*   dir_fn:			EQU	30	; 12: SFN (in/out) {body[8],ext[3],status[1]}
040080             0577*   dir_blk_ofs:	EQU	42	;  4: Offset of current entry block being processed (0xFFFFFFFF:Invalid)
040080             0578*   ;
040080             0579*   ; File information structure (FILINFO)
040080             0580*   ;
040080             0581*   ; Indexes into FILINFO structure
040080             0582*   filinfo_fsize:		EQU 0	;   4: File size
040080             0583*   filinfo_fdate:		EQU	4	;   2: Modified date
040080             0584*   filinfo_ftime:		EQU	6	;   2: Modified time
040080             0585*   filinfo_fattrib:	EQU	8	;   1: File attribute
040080             0586*   filinfo_altname:	EQU	9	;  13: Alternative file name
040080             0587*   filinfo_fname:		EQU	22	; 256: Primary file name
040080             0031        include "macros.inc" ; must precede includes that use these macros
040080             0001*   
040080             0002*   ; test the sign of HL
040080             0003*   ; inputs: HL obviously
040080             0004*   ; outputs: sign flag set if HL is negative, zero flag set if HL is zero
040080             0005*   ; destroys: flags
040080             0006*       MACRO SIGN_UHL
040080             0007*       add hl,de ; 1 cycle
040080             0008*       or a ; clear flags ; 1 cycle
040080             0009*       sbc hl,de ; 2 cycles
040080             0010*       ; 4 cycles total
040080             0011*       ENDMACRO
040080             0012*   
040080             0013*   ; put the value in A into HLU
040080             0014*   ; affects: HLU
040080             0015*   ; destroys: nothing
040080             0016*   ; note: $ instead of @@ b/c anon labels deprecated in ez80asm
040080             0017*       MACRO A_TO_HLU
040080             0018*       xor a ; 1 cycle
040080             0019*       ld ($+8+1),hl ; 7 cycles
040080             0020*       ld ($+4+3),a ; 5 cycles
040080             0021*       ld hl,0x000000 ; 4 cycles
040080             0022*       ; 17 cycles total
040080             0023*       ENDMACRO
040080             0024*   
040080             0025*   ; alternative: https://discord.com/channels/1158535358624039014/1282290921815408681/1318315567102300220
040080             0026*   ; one cycle less but burns flags
040080             0027*       MACRO A_TO_HLU_ALT
040080             0028*       push hl ; 4 cycles
040080             0029*       ld hl,2 ; 4 cycles
040080             0030*       add hl,sp ; 1 cycle
040080             0031*       ld (hl),a ; 2 cycles
040080             0032*       pop hl ; 4 cycles
040080             0033*       ; 15 cycles total
040080             0034*       ENDMACRO
040080             0035*   
040080             0036*       MACRO hlu_mul256
040080             0037*       add hl,hl ; * 2
040080             0038*       add hl,hl ; * 4
040080             0039*       add hl,hl ; * 8
040080             0040*       add hl,hl ; * 16
040080             0041*       add hl,hl ; * 32
040080             0042*       add hl,hl ; * 64
040080             0043*       add hl,hl ; * 128
040080             0044*       add hl,hl ; * 256
040080             0045*       ENDMACRO
040080             0046*   
040080             0047*   ; https://discord.com/channels/1158535358624039014/1282290921815408681/1317793870070812715
040080             0048*       MACRO SRL_UHL
040080             0049*       dec sp ; 1 cycle
040080             0050*       push hl ; 4 cycles
040080             0051*       inc sp ; 1 cycle
040080             0052*       pop hl ; 4 cycles
040080             0053*       inc hl ; 1 cycle
040080             0054*       dec.s hl ; 2 cycles <-- the .s sets hlu to zero (undocumented)
040080             0055*       ; 13 cycles total
040080             0056*       ENDMACRO
040080             0057*   
040080             0058*       MACRO printChar char
040080             0059*       LD A, char
040080             0060*       RST.LIL 10h
040080             0061*       ENDMACRO
040080             0062*   
040080             0063*   ; Simulated call to subroutine at HL
040080             0064*   ; inputs: HL pointing to the subroutine address plus whatever the called function expects
040080             0065*   ; outputs: whatever the subroutine does, including HL and BC
040080             0066*   ; destroys: only what the subroutine does, but always BC
040080             0067*       MACRO CALL_HL
040080             0068*       ld bc,$+6 ; Address of first instruction after the jump
040080             0069*       push bc ; which constitutes the return address
040080             0070*       jp (hl) ; Jump to the address in HL
040080             0071*       ENDMACRO
040080             0072*   
040080             0073*   ; Simulated call to subroutine at IX
040080             0074*   ; inputs: IX pointing to the subroutine address plus whatever the called function expects
040080             0075*   ; outputs: whatever the subroutine does, including IX and BC
040080             0076*   ; destroys: only what the subroutine does, but always BC
040080             0077*       MACRO CALL_IX
040080             0078*       ld bc,$+6 ; Address of first instruction after the jump
040080             0079*       push bc ; which constitutes the return address
040080             0080*       jp (ix) ; Jump to the address in IX
040080             0081*       ENDMACRO
040080             0082*   
040080             0083*   ; Simulated call to soubroutinte at IY
040080             0084*   ; inputs: IY pointing to the subroutine address plus whatever the called function expects
040080             0085*   ; outputs: whatever the subroutine does, including IY and BC
040080             0086*   ; destroys: only what the subroutine does, but always BC
040080             0087*       MACRO CALL_IY
040080             0088*       ld bc,$+6 ; Address of first instruction after the jump
040080             0089*       push bc ; which constitutes the return address
040080             0090*       jp (iy) ; Jump to the address in IY
040080             0091*       ENDMACRO
040080             0092*   
040080             0093*   ; put the value in HLU into A
040080             0094*   ; destroys: af
040080             0095*       MACRO HLU_TO_A
040080             0096*       dec sp ; 1 cycle
040080             0097*       push hl ; 4 cycles
040080             0098*       inc sp ; 1 cycle
040080             0099*       pop af ; 4 cycles
040080             0100*       ; 10 cycles total
040080             0101*       ENDMACRO
040080             0102*   
040080             0103*       MACRO PUSH_ALL
040080             0104*       ex af,af'
040080             0105*       exx
040080             0106*       push af
040080             0107*       push hl
040080             0108*       push bc
040080             0109*       push de
040080             0110*   
040080             0111*       ex af,af'
040080             0112*       exx
040080             0113*       push af
040080             0114*       push hl
040080             0115*       push bc
040080             0116*       push de
040080             0117*       push ix
040080             0118*       push iy
040080             0119*       ENDMACRO
040080             0120*   
040080             0121*       MACRO POP_ALL
040080             0122*       pop iy
040080             0123*       pop ix
040080             0124*       pop de
040080             0125*       pop bc
040080             0126*       pop hl
040080             0127*       pop af
040080             0128*       ex af,af'
040080             0129*       exx
040080             0130*   
040080             0131*       pop de
040080             0132*       pop bc
040080             0133*       pop hl
040080             0134*       pop af
040080             0135*       ex af,af'
040080             0136*       exx
040080             0137*       ENDMACRO
040080             0138*   
040080             0139*       ; load hl with the 16-bit value at addr
040080             0140*       MACRO LD_HL_mn addr
040080             0141*       ld hl,(addr)
040080             0142*       dec hl
040080             0143*       inc.s hl ; zeros hlu
040080             0144*       ENDMACRO
040080             0145*   
040080             0146*       ; load bc with the 16-bit value at addr
040080             0147*       MACRO LD_BC_mn addr
040080             0148*       ld bc,(addr)
040080             0149*       dec bc
040080             0150*       inc.s bc ; zeros bcu
040080             0151*       ENDMACRO
040080             0152*   
040080             0153*       ; load de with the 16-bit value at addr
040080             0154*       MACRO LD_DE_mn addr
040080             0155*       ld de,(addr)
040080             0156*       dec de
040080             0157*       inc.s de ; zeros deu
040080             0158*       ENDMACRO
040080             0159*   
040080             0160*       ; load ix with the 16-bit value at addr
040080             0161*       MACRO LD_IX_mn addr
040080             0162*       ld ix,(addr)
040080             0163*       dec ix
040080             0164*       inc.s ix ; zeros ixu
040080             0165*       ENDMACRO
040080             0166*   
040080             0167*       ; load iy with the 16-bit value at addr
040080             0168*       MACRO LD_IY_mn addr
040080             0169*       ld iy,(addr)
040080             0170*       dec iy
040080             0171*       inc.s iy ; zeros iyu
040080             0172*       ENDMACRO
040080             0032        include "agnb.inc"   ; proven generic RIFF/AGNB and VDP-buffer API
040080             0001*   ; AGNB 0.1 image-container layout
040080             0002*   ; ===============================
040080             0003*   ;
040080             0004*   ; AGNB is a RIFF container. All integer fields are unsigned little-endian.
040080             0005*   ; Every chunk begins with a four-byte ID and a u32 payload size. The payload
040080             0006*   ; follows immediately and is padded with zero bytes to a four-byte boundary.
040080             0007*   ; The stored chunk size excludes its eight-byte header and alignment padding.
040080             0008*   ;
040080             0009*   ;     RIFF  u32(file size - 8)  AGNB
040080             0010*   ;       VERS  size=2
040080             0011*   ;         u8 major=0
040080             0012*   ;         u8 minor=1
040080             0013*   ;       LIST  type=BUFR
040080             0014*   ;         BHDR  size=2
040080             0015*   ;           u16 bufferId
040080             0016*   ;         IMAG  size=5
040080             0017*   ;           u16 width
040080             0018*   ;           u16 height
040080             0019*   ;           u8  format=1        ; RGBA2222
040080             0020*   ;         DATA  size=width*height
040080             0021*   ;           u8 pixels[]         ; row-major, no row padding
040080             0022*   ;
040080             0023*   ; VERS occurs once before the LIST records. Each version 0.1 LIST BUFR record
040080             0024*   ; contains exactly BHDR, IMAG, and DATA in that order. The LIST payload starts
040080             0025*   ; with its four-byte BUFR type, followed by those nested chunks. Readers must
040080             0026*   ; validate the enclosing RIFF/LIST bounds and the BHDR/IMAG metadata before
040080             0027*   ; reading or uploading DATA. Chunk traversal advances by:
040080             0028*   ;
040080             0029*   ;     8 + ((payload_size + 3) & ~3)
040080             0030*   ;
040080             0031*   ; The offsets below are indices from the beginning of the named header or
040080             0032*   ; payload. RIFF and chunk sizes are u32 values even though ADL registers are
040080             0033*   ; 24-bit, so their high byte must not be silently discarded during validation.
040080             0034*   
040080             0035*   ; RIFF file header: "RIFF", u32 size, "AGNB"
040080             0036*   agnb_riff_id:              equ 0
040080             0037*   agnb_riff_size:            equ 4
040080             0038*   agnb_riff_form:            equ 8
040080             0039*   agnb_riff_header_size:     equ 12
040080             0040*   
040080             0041*   ; Generic RIFF chunk header: FourCC ID, u32 payload size
040080             0042*   agnb_chunk_id:             equ 0
040080             0043*   agnb_chunk_size:           equ 4
040080             0044*   agnb_chunk_data:           equ 8
040080             0045*   agnb_chunk_header_size:    equ 8
040080             0046*   
040080             0047*   ; VERS payload
040080             0048*   agnb_vers_major:           equ 0
040080             0049*   agnb_vers_minor:           equ 1
040080             0050*   agnb_vers_payload_size:    equ 2
040080             0051*   
040080             0052*   ; LIST BUFR payload
040080             0053*   agnb_list_type:            equ 0
040080             0054*   agnb_list_chunks:          equ 4
040080             0055*   agnb_list_type_size:       equ 4
040080             0056*   
040080             0057*   ; BHDR payload
040080             0058*   agnb_bhdr_bufferId:        equ 0
040080             0059*   agnb_bhdr_payload_size:    equ 2
040080             0060*   
040080             0061*   ; IMAG payload
040080             0062*   agnb_imag_width:           equ 0
040080             0063*   agnb_imag_height:          equ 2
040080             0064*   agnb_imag_format:          equ 4
040080             0065*   agnb_imag_payload_size:    equ 5
040080             0066*   
040080             0067*   ; DATA payload
040080             0068*   agnb_data_pixels:          equ 0
040080             0069*   
040080             0070*   ; Values supported by the version 0.1 image loader
040080             0071*   agnb_version_major:        equ 0
040080             0072*   agnb_version_minor:        equ 1
040080             0073*   agnb_image_rgba2222:       equ 1
040080             0074*   
040080             0075*   
040080             0076*   ; FourCC constants
040080             0077*   ; ----------------
040080             0078*   ; Store each identifier exactly as it appears on disk. agnb_compare_fourcc
040080             0079*   ; compares one of these tables with four bytes read from the container.
040080             0080*   
040080 52 49 46 46 0081*   agnb_id_riff:              db "RIFF"
040084 41 47 4E 42 0082*   agnb_id_agnb:              db "AGNB"
040088 56 45 52 53 0083*   agnb_id_vers:              db "VERS"
04008C 4C 49 53 54 0084*   agnb_id_list:              db "LIST"
040090 42 55 46 52 0085*   agnb_id_bufr:              db "BUFR"
040094 42 48 44 52 0086*   agnb_id_bhdr:              db "BHDR"
040098 49 4D 41 47 0087*   agnb_id_imag:              db "IMAG"
04009C 44 41 54 41 0088*   agnb_id_data:              db "DATA"
0400A0             0089*   
0400A0             0090*   
0400A0             0091*   ; Reader result codes
0400A0             0092*   ; -------------------
0400A0             0093*   ; Public routines will return A=0 with Z set on success, or one of these
0400A0             0094*   ; nonzero values with NZ set on failure. The same value is stored in
0400A0             0095*   ; agnb_last_error.
0400A0             0096*   
0400A0             0097*   agnb_error_ok:             equ 0
0400A0             0098*   agnb_error_open:           equ 1
0400A0             0099*   agnb_error_read:           equ 2
0400A0             0100*   agnb_error_seek:           equ 3
0400A0             0101*   agnb_error_riff_id:        equ 4
0400A0             0102*   agnb_error_riff_form:      equ 5
0400A0             0103*   agnb_error_version:        equ 6
0400A0             0104*   agnb_error_chunk:          equ 7
0400A0             0105*   agnb_error_bounds:         equ 8
0400A0             0106*   agnb_error_bufferId:       equ 9
0400A0             0107*   agnb_error_metadata:       equ 10
0400A0             0108*   agnb_error_data_size:      equ 11
0400A0             0109*   agnb_error_vdp:            equ 12
0400A0             0110*   agnb_error_eof:            equ 13
0400A0             0111*   agnb_error_not_implemented: equ 255
0400A0             0112*   
0400A0             0113*   
0400A0             0114*   ; FatFS file structure
0400A0             0115*   ; --------------------
0400A0             0116*   ; The direct ffs_* API needs one caller-owned FIL. Its field indices come from
0400A0             0117*   ; mos_api.inc. No FILINFO is needed for opening, reading, seeking, or closing
0400A0             0118*   ; the single known container filename.
0400A0             0119*   
0400A0             0120*   agnb_fil_size:             equ fil_dir_ptr+3
0400A0             0121*   agnb_fil:
0400A0 00 00 00 00 0122*       blkb agnb_fil_size,0
       00 00 00 00 
       00 00 00 00 
       00 00 00 00 
       00 00 00 00 
       00 00 00 00 
       00 00 00 00 
       00 00 00 00 
       00 00 00 00 
0400C4             0123*   
0400C4             0124*   
0400C4             0125*   ; Reader-state structure
0400C4             0126*   ; ----------------------
0400C4             0127*   ; RIFF sizes and offsets are u32 and are kept as four bytes even though most
0400C4             0128*   ; eZ80 arithmetic is 24-bit. The byte at offset +3 must participate in bounds
0400C4             0129*   ; checks and FatFS seeks.
0400C4             0130*   
0400C4             0131*   agnb_state_file_size:      equ 0  ; u32 physical size from FIL object
0400C4             0132*   agnb_state_riff_end:       equ 4  ; u32 first byte after RIFF contents
0400C4             0133*   agnb_state_list_end:       equ 8  ; u32 first byte after current LIST payload
0400C4             0134*   agnb_state_chunk_size:     equ 12 ; u32 current chunk payload size
0400C4             0135*   agnb_state_chunk_end:      equ 16 ; u32 first byte after current payload
0400C4             0136*   agnb_state_file_offset:    equ 20 ; u32 current logical read position
0400C4             0137*   agnb_state_bytes_read:     equ 24 ; u32 last read count (high byte normally 0)
0400C4             0138*   agnb_state_size:           equ 28
0400C4             0139*   
0400C4             0140*   agnb_state:
0400C4 00 00 00 00 0141*       blkb agnb_state_size,0
       00 00 00 00 
       00 00 00 00 
       00 00 00 00 
       00 00 00 00 
       00 00 00 00 
       00 00 00 00 
0400E0             0142*   
0400E0             0143*   
0400E0             0144*   ; Normalized image metadata
0400E0             0145*   ; -------------------------
0400E0             0146*   ; BHDR and IMAG are copied here and validated completely before DATA is read.
0400E0             0147*   
0400E0             0148*   agnb_meta_bufferId:        equ 0  ; u16 writer-specified VDP bufferId
0400E0             0149*   agnb_meta_width:           equ 2  ; u16 pixels
0400E0             0150*   agnb_meta_height:          equ 4  ; u16 pixels
0400E0             0151*   agnb_meta_format:          equ 6  ; u8, version 0.1 requires RGBA2222
0400E0             0152*   agnb_meta_data_size:       equ 7  ; u32 DATA payload size
0400E0             0153*   agnb_meta_size:            equ 11
0400E0             0154*   
0400E0             0155*   agnb_metadata:
0400E0 00 00 00 00 0156*       blkb agnb_meta_size,0
       00 00 00 00 
       00 00 00    
0400EB             0157*   
0400EB             0158*   ; Retained u32 result from agnb_calculate_image_data_size for validation and
0400EB             0159*   ; temporary test inspection. The high byte is zero for the 24-bit product.
0400EB             0160*   agnb_expected_data_size:
0400EB 00 00 00 00 0161*       blkb 4,0
0400EF             0162*   
0400EF             0163*   ; Working counters used by agnb_stream_data. DATA sizes accepted by the image
0400EF             0164*   ; loader have already been constrained to 24 bits.
0400EF             0165*   agnb_stream_remaining:
0400EF 00 00 00    0166*       blkb 3,0
0400F2             0167*   agnb_stream_block_size:
0400F2 00 00 00    0168*       blkb 3,0
0400F5             0169*   agnb_padding_size:
0400F5 00          0170*       db 0
0400F6             0171*   
0400F6             0172*   ; Record-validation flags. These are reset at the start of each LIST BUFR.
0400F6             0173*   agnb_record_has_bhdr:      equ 0
0400F6             0174*   agnb_record_has_imag:      equ 1
0400F6             0175*   agnb_record_has_data:      equ 2
0400F6             0176*   
0400F6 00          0177*   agnb_record_flags:         db 0
0400F7 00          0178*   agnb_last_error:           db agnb_error_ok
0400F8 00          0179*   agnb_file_is_open:         db 0
0400F9             0180*   
0400F9             0181*   
0400F9             0182*   ; Reusable I/O storage
0400F9             0183*   ; --------------------
0400F9             0184*   ; The 12-byte buffer is large enough for either the RIFF file header or a
0400F9             0185*   ; generic chunk header plus the four-byte LIST type. DATA is streamed through
0400F9             0186*   ; the application's existing 8 KiB SRAM filedata area.
0400F9             0187*   
0400F9             0188*   agnb_header:
0400F9 00 00 00 00 0189*       blkb agnb_riff_header_size,0
       00 00 00 00 
       00 00 00 00 
040105             0190*   
040105             0191*   agnb_io_buffer:            equ 0xB7E000 ; same onboard SRAM as app filedata
040105             0192*   agnb_io_buffer_size:       equ 8192
040105             0193*   
040105             0194*   agnb_filename:
040105 69 6D 61 67 0195*       asciz "images.agnb"
       65 73 2E 61 
       67 6E 62 00 
040111             0196*   
040111             0197*   
040111             0198*   ; Reader subroutine interface
040111             0199*   ; ---------------------------
040111             0200*   ; These labels establish the intended decomposition and calling contracts.
040111             0201*   ; They deliberately fail with agnb_error_not_implemented until replaced with
040111             0202*   ; real code, preventing an incomplete loader from reporting false success.
040111             0203*   
040111             0204*   ; Compare two FourCC values.
040111             0205*   ; inputs:  HL = pointer to first FourCC, DE = pointer to second FourCC
040111             0206*   ; outputs: Z set when all four bytes match, Z reset when any byte differs
040111             0207*   ; preserves: BC, DE, HL
040111             0208*   ; destroys: A
040111             0209*   agnb_compare_fourcc:
040111 C5          0210*       push bc
040112 D5          0211*       push de
040113 E5          0212*       push hl
040114 06 04       0213*       ld b,4
040116             0214*   @loop:
040116 1A          0215*       ld a,(de)
040117 BE          0216*       cp (hl)
040118 20 04       0217*       jr nz,@done ; exit with Z reset if any byte differs, indicating a mismatch
04011A 13          0218*       inc de
04011B 23          0219*       inc hl
04011C 10 F8       0220*       djnz @loop ; if we fall throgh at the end of the loop Z is set, indicating a match
04011E             0221*   @done:
04011E E1          0222*       pop hl
04011F D1          0223*       pop de
040120 C1          0224*       pop bc
040121 C9          0225*       ret
040122             0226*   
040122             0227*   ; Open a container for reading.
040122             0228*   ; inputs:  DE = zero-terminated filename (normally agnb_filename)
040122             0229*   ; outputs: A=0 and Z set on success; A=agnb_error_open and NZ set on failure
040122             0230*   ;          agnb_fil initialized and agnb_file_is_open set on success
040122             0231*   ; destroys: AF, BC, HL
040122             0232*   agnb_open:
040122             0233*   ; begin fail-closed: do not leave stale success state if ffs_fopen fails
040122 AF          0234*       xor a
040123 32 F8 00 04 0235*       ld (agnb_file_is_open),a
040127 32 F7 00 04 0236*       ld (agnb_last_error),a
04012B             0237*   
04012B             0238*   ; Each newly opened container starts at physical and logical offset zero.
04012B             0239*   ; The original single-container caller received this state from BSS
04012B             0240*   ; initialization; consecutive container loads must establish it explicitly.
04012B 21 00 00 00 0241*       ld hl,0
04012F 22 D8 00 04 0242*       ld (agnb_state+agnb_state_file_offset),hl
040133 22 DC 00 04 0243*       ld (agnb_state+agnb_state_bytes_read),hl
040137 32 DB 00 04 0244*       ld (agnb_state+agnb_state_file_offset+3),a
04013B 32 DF 00 04 0245*       ld (agnb_state+agnb_state_bytes_read+3),a
04013F             0246*   
04013F             0247*   ; open the caller-supplied filename into our single reader-owned FIL
04013F 21 A0 00 04 0248*       ld hl,agnb_fil
040143 0E 01       0249*       ld c,fa_read
040145             0250*       FFSCALL ffs_fopen
                       M1 Args: function=ffs_fopen 
040145 FD E5       0001*M1 			PUSH IY
040147 3E 80       0002*M1 			LD	A, function
040149 5B CF       0003*M1 			RST.LIL	08h
04014B FD E1       0004*M1 			POP IY
04014D B7          0251*       or a
04014E 20 08       0252*       jr nz,@error
040150             0253*   
040150             0254*   ; ffs_fopen succeeded
040150 3E 01       0255*       ld a,1
040152 32 F8 00 04 0256*       ld (agnb_file_is_open),a
040156 AF          0257*       xor a
040157 C9          0258*       ret
040158             0259*   
040158             0260*   @error:
040158 3E 01       0261*       ld a,agnb_error_open
04015A 32 F7 00 04 0262*       ld (agnb_last_error),a
04015E B7          0263*       or a
04015F C9          0264*       ret
040160             0265*   
040160             0266*   ; Close agnb_fil if open and clear agnb_file_is_open.
040160             0267*   ; outputs: A=0 and Z set if closed or already closed
040160             0268*   ;          nonzero FatFS result and NZ set if ffs_fclose fails
040160             0269*   ; destroys: HL
040160             0270*   agnb_close:
040160             0271*   ; An unopened file is already in the requested state.
040160 3A F8 00 04 0272*       ld a,(agnb_file_is_open)
040164 B7          0273*       or a
040165 28 14       0274*       jr z,@success
040167             0275*   
040167             0276*   ; Close our single reader-owned FIL.
040167 21 A0 00 04 0277*       ld hl,agnb_fil
04016B             0278*       FFSCALL ffs_fclose
                       M1 Args: function=ffs_fclose 
04016B FD E5       0001*M1 			PUSH IY
04016D 3E 81       0002*M1 			LD	A, function
04016F 5B CF       0003*M1 			RST.LIL	08h
040171 FD E1       0004*M1 			POP IY
040173 B7          0279*       or a
040174 20 0B       0280*       jr nz,agnb_error_close
040176             0281*   
040176             0282*   ; Only clear the open flag after FatFS confirms the close.
040176 AF          0283*       xor a
040177 32 F8 00 04 0284*       ld (agnb_file_is_open),a
04017B             0285*   @success:
04017B AF          0286*       xor a
04017C 32 F7 00 04 0287*       ld (agnb_last_error),a
040180 C9          0288*       ret
040181             0289*   
040181             0290*   agnb_error_close:
040181             0291*   ; Placeholder in case we determine that close failures need a dedicated AGNB
040181             0292*   ; error code or recovery path. For now retain and return the nonzero FRESULT,
040181             0293*   ; and leave agnb_file_is_open set because FatFS did not confirm the close.
040181 32 F7 00 04 0294*       ld (agnb_last_error),a
040185 B7          0295*       or a
040186 C9          0296*       ret
040187             0297*   
040187             0298*   ; Top-level image load operation.
040187             0299*   ; inputs:  none; uses agnb_filename
040187             0300*   ; outputs: A=0 and Z set after all valid LIST BUFR image records are uploaded
040187             0301*   ;          and finalized at their explicit IDs; nonzero error and NZ otherwise
040187             0302*   ; destroys: AF, BC, DE, HL, IX
040187             0303*   agnb_load_images:
040187 11 05 01 04 0304*       ld de,agnb_filename
04018B CD 22 01 04 0305*       call agnb_open
04018F C0          0306*       ret nz
040190             0307*   
040190 CD 72 02 04 0308*       call agnb_read_riff_header
040194 20 57       0309*       jr nz,@load_error
040196 CD 46 03 04 0310*       call agnb_read_vers
04019A 20 51       0311*       jr nz,@load_error
04019C             0312*   
04019C             0313*   @next_record:
04019C             0314*   ; End only at the exact declared RIFF boundary. A position beyond it is an
04019C             0315*   ; internal bounds failure; a position before it must begin another LIST BUFR.
04019C 3A DB 00 04 0316*       ld a,(agnb_state+agnb_state_file_offset+3)
0401A0 21 CB 00 04 0317*       ld hl,agnb_state+agnb_state_riff_end+3
0401A4 BE          0318*       cp (hl)
0401A5 38 12       0319*       jr c,@read_record
0401A7 20 3E       0320*       jr nz,@bad_bounds
0401A9 2A D8 00 04 0321*       ld hl,(agnb_state+agnb_state_file_offset)
0401AD ED 5B C8 00 0322*       ld de,(agnb_state+agnb_state_riff_end)
       04          
0401B2 B7          0323*       or a
0401B3 ED 52       0324*       sbc hl,de
0401B5 28 42       0325*       jr z,@success
0401B7 30 2E       0326*       jr nc,@bad_bounds
0401B9             0327*   
0401B9             0328*   @read_record:
0401B9 CD B1 03 04 0329*       call agnb_read_buffer_list
0401BD 20 2E       0330*       jr nz,@load_error
0401BF CD CE 05 04 0331*       call agnb_stream_data
0401C3 20 28       0332*       jr nz,@load_error
0401C5 CD 6E 06 04 0333*       call agnb_finalize_image
0401C9 20 22       0334*       jr nz,@load_error
0401CB             0335*   
0401CB             0336*   ; TEMPORARY TRAVERSAL DIAGNOSTIC: display each image immediately after it is
0401CB             0337*   ; loaded and finalized, then wait for a key before parsing the next record.
0401CB             0338*   ; agnb_finalize_image leaves the current writer-specified buffer selected.
0401CB CD F3 09 04 0339*       call vdu_cls
0401CF 01 00 00 00 0340*       ld bc,0
0401D3 11 00 00 00 0341*       ld de,0
0401D7 CD 52 0A 04 0342*       call vdu_plot_bmp
0401DB CD 13 10 04 0343*       call DEBUG_WAITKEYPRESS
0401DF             0344*   
0401DF CD 97 06 04 0345*       call agnb_finish_buffer_list
0401E3 20 08       0346*       jr nz,@load_error
0401E5 18 B5       0347*       jr @next_record
0401E7             0348*   
0401E7             0349*   @bad_bounds:
0401E7 3E 08       0350*       ld a,agnb_error_bounds
0401E9 32 F7 00 04 0351*       ld (agnb_last_error),a
0401ED             0352*   @load_error:
0401ED             0353*   ; Preserve the parser/transport error while still closing the open file.
0401ED F5          0354*       push af
0401EE CD 60 01 04 0355*       call agnb_close
0401F2 F1          0356*       pop af
0401F3 32 F7 00 04 0357*       ld (agnb_last_error),a
0401F7 B7          0358*       or a
0401F8 C9          0359*       ret
0401F9             0360*   
0401F9             0361*   @success:
0401F9 C3 60 01 04 0362*       jp agnb_close
0401FD             0363*   
0401FD             0364*   ; Read exactly BC bytes from agnb_fil into DE.
0401FD             0365*   ; inputs:  BC = requested u24 length, DE = destination
0401FD             0366*   ; outputs: A=0 and Z set after the complete request is satisfied
0401FD             0367*   ;          nonzero error code and NZ set on FatFS error or premature EOF
0401FD             0368*   ;          state offset/count updated after every successful FatFS read
0401FD             0369*   ; destroys: BC, DE, HL
0401FD             0370*   agnb_read_exact:
0401FD             0371*   ; A zero-length request is already complete.
0401FD 21 00 00 00 0372*       ld hl,0
040201 B7          0373*       or a
040202 ED 42       0374*       sbc hl,bc
040204 28 62       0375*       jr z,@success
040206             0376*   
040206             0377*   @read:
040206             0378*   ; ffs_fread replaces BC with the number of bytes actually read, so retain the
040206             0379*   ; remaining request on the stack. It preserves DE, our current destination.
040206 C5          0380*       push bc
040207 21 A0 00 04 0381*       ld hl,agnb_fil
04020B             0382*       FFSCALL ffs_fread
                       M1 Args: function=ffs_fread 
04020B FD E5       0001*M1 			PUSH IY
04020D 3E 82       0002*M1 			LD	A, function
04020F 5B CF       0003*M1 			RST.LIL	08h
040211 FD E1       0004*M1 			POP IY
040213 B7          0383*       or a
040214 20 40       0384*       jr nz,@fatfs_error
040216             0385*   
040216             0386*   ; Advance the u32 logical position by the returned u24 byte count.
040216 2A D8 00 04 0387*       ld hl,(agnb_state+agnb_state_file_offset)
04021A 09          0388*       add hl,bc
04021B 22 D8 00 04 0389*       ld (agnb_state+agnb_state_file_offset),hl
04021F 3A DB 00 04 0390*       ld a,(agnb_state+agnb_state_file_offset+3)
040223 CE 00       0391*       adc a,0
040225 38 34       0392*       jr c,@offset_overflow
040227 32 DB 00 04 0393*       ld (agnb_state+agnb_state_file_offset+3),a
04022B             0394*   
04022B             0395*   ; Retain the count returned by this individual FatFS read.
04022B ED 43 DC 00 0396*       ld (agnb_state+agnb_state_bytes_read),bc
       04          
040230 AF          0397*       xor a
040231 32 DF 00 04 0398*       ld (agnb_state+agnb_state_bytes_read+3),a
040235             0399*   
040235             0400*   ; Recover the remaining request and reject zero bytes as premature EOF.
040235 E1          0401*       pop hl
040236 E5          0402*       push hl
040237 21 00 00 00 0403*       ld hl,0
04023B B7          0404*       or a
04023C ED 42       0405*       sbc hl,bc
04023E E1          0406*       pop hl
04023F 28 1F       0407*       jr z,@eof
040241             0408*   
040241             0409*   ; Subtract the returned count from the remaining request. FatFS must never
040241             0410*   ; report more bytes than were requested.
040241 B7          0411*       or a
040242 ED 42       0412*       sbc hl,bc
040244 38 11       0413*       jr c,@read_error
040246             0414*   
040246             0415*   ; Advance the destination by the returned byte count.
040246 EB          0416*       ex de,hl
040247 09          0417*       add hl,bc
040248 EB          0418*       ex de,hl
040249             0419*   
040249             0420*   ; Continue after a short read, or return once the request is satisfied.
040249 01 00 00 00 0421*       ld bc,0
04024D B7          0422*       or a
04024E ED 42       0423*       sbc hl,bc
040250 28 16       0424*       jr z,@success
040252 E5          0425*       push hl
040253 C1          0426*       pop bc
040254 18 B0       0427*       jr @read
040256             0428*   
040256             0429*   @fatfs_error:
040256 C1          0430*       pop bc
040257             0431*   @read_error:
040257 3E 02       0432*       ld a,agnb_error_read
040259 18 07       0433*       jr @error
04025B             0434*   @offset_overflow:
04025B C1          0435*       pop bc
04025C 3E 08       0436*       ld a,agnb_error_bounds
04025E 18 02       0437*       jr @error
040260             0438*   @eof:
040260 3E 0D       0439*       ld a,agnb_error_eof
040262             0440*   @error:
040262 32 F7 00 04 0441*       ld (agnb_last_error),a
040266 B7          0442*       or a
040267 C9          0443*       ret
040268             0444*   
040268             0445*   @success:
040268 AF          0446*       xor a
040269 32 F7 00 04 0447*       ld (agnb_last_error),a
04026D C9          0448*       ret
04026E             0449*   
04026E             0450*   ; Seek to a u32 absolute file offset.
04026E             0451*   ; inputs:  C = most-significant byte, DE = low 24 bits
04026E             0452*   ; outputs: agnb_state_file_offset updated on success
04026E             0453*   agnb_seek_absolute:
04026E C3 F6 06 04 0454*       jp agnb_not_implemented
040272             0455*   
040272             0456*   ; Read and validate RIFF size/form, establishing physical and RIFF bounds.
040272             0457*   ; inputs:  agnb_fil is open and positioned at byte zero
040272             0458*   ; outputs: A=0 and Z set on success; nonzero error code and NZ set on failure
040272             0459*   ;          file size and RIFF end stored in agnb_state
040272             0460*   ; destroys: BC, DE, HL
040272             0461*   agnb_read_riff_header:
040272             0462*   ; retain the physical u32 file size recorded by FatFS in the FIL object
040272 2A AB 00 04 0463*       ld hl,(agnb_fil+fil_obj+ffobjid_objsize)
040276 22 C4 00 04 0464*       ld (agnb_state+agnb_state_file_size),hl
04027A 3A AE 00 04 0465*       ld a,(agnb_fil+fil_obj+ffobjid_objsize+3)
04027E 32 C7 00 04 0466*       ld (agnb_state+agnb_state_file_size+3),a
040282             0467*   
040282             0468*   ; read the complete fixed-size RIFF header before inspecting any field
040282 01 0C 00 00 0469*       ld bc,agnb_riff_header_size
040286 11 F9 00 04 0470*       ld de,agnb_header
04028A CD FD 01 04 0471*       call agnb_read_exact
04028E C0          0472*       ret nz
04028F             0473*   
04028F             0474*   ; validate the RIFF container identifier
04028F 21 F9 00 04 0475*       ld hl,agnb_header+agnb_riff_id
040293 11 80 00 04 0476*       ld de,agnb_id_riff
040297 CD 11 01 04 0477*       call agnb_compare_fourcc
04029B 20 43       0478*       jr nz,@bad_riff_id
04029D             0479*   
04029D             0480*   ; validate that this RIFF contains the AGNB form
04029D 21 01 01 04 0481*       ld hl,agnb_header+agnb_riff_form
0402A1 11 84 00 04 0482*       ld de,agnb_id_agnb
0402A5 CD 11 01 04 0483*       call agnb_compare_fourcc
0402A9 20 39       0484*       jr nz,@bad_riff_form
0402AB             0485*   
0402AB             0486*   ; RIFF stores file size minus eight. Add the omitted bytes as u32, using the
0402AB             0487*   ; native 24-bit ALU for the low three bytes and A for the high byte.
0402AB 2A FD 00 04 0488*       ld hl,(agnb_header+agnb_riff_size)
0402AF 3A 00 01 04 0489*       ld a,(agnb_header+agnb_riff_size+3)
0402B3 11 08 00 00 0490*       ld de,8
0402B7 19          0491*       add hl,de
0402B8 30 03       0492*       jr nc,@riff_end_ready
0402BA 3C          0493*       inc a
0402BB 28 2B       0494*       jr z,@bad_bounds             ; u32 addition overflowed
0402BD             0495*   @riff_end_ready:
0402BD 22 C8 00 04 0496*       ld (agnb_state+agnb_state_riff_end),hl
0402C1 32 CB 00 04 0497*       ld (agnb_state+agnb_state_riff_end+3),a
0402C5             0498*   
0402C5             0499*   ; Version 0.1 requires RIFF size to equal the physical file size minus eight.
0402C5 ED 5B C4 00 0500*       ld de,(agnb_state+agnb_state_file_size)
       04          
0402CA B7          0501*       or a
0402CB ED 52       0502*       sbc hl,de
0402CD 20 19       0503*       jr nz,@bad_bounds
0402CF 3A CB 00 04 0504*       ld a,(agnb_state+agnb_state_riff_end+3)
0402D3 21 C7 00 04 0505*       ld hl,agnb_state+agnb_state_file_size+3
0402D7 BE          0506*       cp (hl)
0402D8 20 0E       0507*       jr nz,@bad_bounds
0402DA             0508*   
0402DA             0509*   ; valid RIFF/AGNB header
0402DA AF          0510*       xor a
0402DB 32 F7 00 04 0511*       ld (agnb_last_error),a
0402DF C9          0512*       ret
0402E0             0513*   
0402E0             0514*   @bad_riff_id:
0402E0 3E 04       0515*       ld a,agnb_error_riff_id
0402E2 18 06       0516*       jr @error
0402E4             0517*   @bad_riff_form:
0402E4 3E 05       0518*       ld a,agnb_error_riff_form
0402E6 18 02       0519*       jr @error
0402E8             0520*   @bad_bounds:
0402E8 3E 08       0521*       ld a,agnb_error_bounds
0402EA             0522*   @error:
0402EA 32 F7 00 04 0523*       ld (agnb_last_error),a
0402EE B7          0524*       or a
0402EF C9          0525*       ret
0402F0             0526*   
0402F0             0527*   ; Read a generic eight-byte chunk header into agnb_header and compute its
0402F0             0528*   ; aligned payload end without crossing the active RIFF/LIST boundary.
0402F0             0529*   ; inputs:  IX = pointer to the enclosing u32 end offset
0402F0             0530*   ; outputs: chunk size/end stored in agnb_state; file positioned at payload
0402F0             0531*   ; destroys: AF, BC, DE, HL
0402F0             0532*   agnb_read_chunk_header:
0402F0 01 08 00 00 0533*       ld bc,agnb_chunk_header_size
0402F4 11 F9 00 04 0534*       ld de,agnb_header
0402F8 CD FD 01 04 0535*       call agnb_read_exact
0402FC C0          0536*       ret nz
0402FD             0537*   
0402FD             0538*   ; Retain the complete u32 payload size.
0402FD 2A FD 00 04 0539*       ld hl,(agnb_header+agnb_chunk_size)
040301 22 D0 00 04 0540*       ld (agnb_state+agnb_state_chunk_size),hl
040305 3A 00 01 04 0541*       ld a,(agnb_header+agnb_chunk_size+3)
040309 32 D3 00 04 0542*       ld (agnb_state+agnb_state_chunk_size+3),a
04030D             0543*   
04030D             0544*   ; The first byte after the payload is current file position + payload size.
04030D ED 5B D8 00 0545*       ld de,(agnb_state+agnb_state_file_offset)
       04          
040312 19          0546*       add hl,de
040313 22 D4 00 04 0547*       ld (agnb_state+agnb_state_chunk_end),hl
040317 3A 00 01 04 0548*       ld a,(agnb_header+agnb_chunk_size+3)
04031B 47          0549*       ld b,a
04031C 3A DB 00 04 0550*       ld a,(agnb_state+agnb_state_file_offset+3)
040320 88          0551*       adc a,b
040321 38 15       0552*       jr c,@bad_bounds
040323 32 D7 00 04 0553*       ld (agnb_state+agnb_state_chunk_end+3),a
040327             0554*   
040327             0555*   ; Reject a payload end beyond its enclosing RIFF or LIST boundary.
040327 DD BE 03    0556*       cp (ix+3)
04032A 38 14       0557*       jr c,@success
04032C 20 0A       0558*       jr nz,@bad_bounds
04032E DD 17 00    0559*       ld de,(ix)
040331 B7          0560*       or a
040332 ED 52       0561*       sbc hl,de
040334 38 0A       0562*       jr c,@success
040336 28 08       0563*       jr z,@success
040338             0564*   @bad_bounds:
040338 3E 08       0565*       ld a,agnb_error_bounds
04033A 32 F7 00 04 0566*       ld (agnb_last_error),a
04033E B7          0567*       or a
04033F C9          0568*       ret
040340             0569*   @success:
040340 AF          0570*       xor a
040341 32 F7 00 04 0571*       ld (agnb_last_error),a
040345 C9          0572*       ret
040346             0573*   
040346             0574*   ; Validate the single VERS payload and supported version.
040346             0575*   ; inputs:  file positioned at the VERS chunk header
040346             0576*   ; outputs: file positioned at the following top-level chunk
040346             0577*   agnb_read_vers:
040346 DD 21 C8 00 0578*       ld ix,agnb_state+agnb_state_riff_end
       04          
04034B CD F0 02 04 0579*       call agnb_read_chunk_header
04034F C0          0580*       ret nz
040350             0581*   
040350 21 F9 00 04 0582*       ld hl,agnb_header+agnb_chunk_id
040354 11 88 00 04 0583*       ld de,agnb_id_vers
040358 CD 11 01 04 0584*       call agnb_compare_fourcc
04035C C2 A9 03 04 0585*       jp nz,@bad_chunk
040360             0586*   
040360 2A D0 00 04 0587*       ld hl,(agnb_state+agnb_state_chunk_size)
040364 11 02 00 00 0588*       ld de,agnb_vers_payload_size
040368 B7          0589*       or a
040369 ED 52       0590*       sbc hl,de
04036B 20 38       0591*       jr nz,@bad_version
04036D 3A D3 00 04 0592*       ld a,(agnb_state+agnb_state_chunk_size+3)
040371 B7          0593*       or a
040372 20 31       0594*       jr nz,@bad_version
040374             0595*   
040374             0596*   ; Read the two-byte payload and its two required zero padding bytes together.
040374 01 04 00 00 0597*       ld bc,4
040378 11 F9 00 04 0598*       ld de,agnb_header
04037C CD FD 01 04 0599*       call agnb_read_exact
040380 C0          0600*       ret nz
040381 3A F9 00 04 0601*       ld a,(agnb_header+agnb_vers_major)
040385 FE 00       0602*       cp agnb_version_major
040387 20 1C       0603*       jr nz,@bad_version
040389 3A FA 00 04 0604*       ld a,(agnb_header+agnb_vers_minor)
04038D FE 01       0605*       cp agnb_version_minor
04038F 20 14       0606*       jr nz,@bad_version
040391 3A FB 00 04 0607*       ld a,(agnb_header+2)
040395 B7          0608*       or a
040396 20 11       0609*       jr nz,@bad_chunk
040398 3A FC 00 04 0610*       ld a,(agnb_header+3)
04039C B7          0611*       or a
04039D 20 0A       0612*       jr nz,@bad_chunk
04039F AF          0613*       xor a
0403A0 32 F7 00 04 0614*       ld (agnb_last_error),a
0403A4 C9          0615*       ret
0403A5             0616*   @bad_version:
0403A5 3E 06       0617*       ld a,agnb_error_version
0403A7 18 02       0618*       jr @error
0403A9             0619*   @bad_chunk:
0403A9 3E 07       0620*       ld a,agnb_error_chunk
0403AB             0621*   @error:
0403AB 32 F7 00 04 0622*       ld (agnb_last_error),a
0403AF B7          0623*       or a
0403B0 C9          0624*       ret
0403B1             0625*   
0403B1             0626*   ; Parse one LIST BUFR and require BHDR, IMAG, DATA in that order.
0403B1             0627*   ; inputs:  file positioned at a LIST chunk header
0403B1             0628*   ; outputs: normalized metadata and DATA size retained; file positioned at DATA
0403B1             0629*   agnb_read_buffer_list:
0403B1 AF          0630*       xor a
0403B2 32 F6 00 04 0631*       ld (agnb_record_flags),a
0403B6             0632*   
0403B6 DD 21 C8 00 0633*       ld ix,agnb_state+agnb_state_riff_end
       04          
0403BB CD F0 02 04 0634*       call agnb_read_chunk_header
0403BF C0          0635*       ret nz
0403C0 21 F9 00 04 0636*       ld hl,agnb_header+agnb_chunk_id
0403C4 11 8C 00 04 0637*       ld de,agnb_id_list
0403C8 CD 11 01 04 0638*       call agnb_compare_fourcc
0403CC 20 7F       0639*       jr nz,@bad_chunk
0403CE             0640*   
0403CE             0641*   ; LIST payload must at least contain its type and three nested chunk headers.
0403CE 2A D0 00 04 0642*       ld hl,(agnb_state+agnb_state_chunk_size)
0403D2 11 1C 00 00 0643*       ld de,3*agnb_chunk_header_size+agnb_list_type_size
0403D6 B7          0644*       or a
0403D7 ED 52       0645*       sbc hl,de
0403D9 38 72       0646*       jr c,@bad_chunk
0403DB 2A D4 00 04 0647*       ld hl,(agnb_state+agnb_state_chunk_end)
0403DF 22 CC 00 04 0648*       ld (agnb_state+agnb_state_list_end),hl
0403E3 3A D7 00 04 0649*       ld a,(agnb_state+agnb_state_chunk_end+3)
0403E7 32 CF 00 04 0650*       ld (agnb_state+agnb_state_list_end+3),a
0403EB             0651*   
0403EB 01 04 00 00 0652*       ld bc,agnb_list_type_size
0403EF 11 F9 00 04 0653*       ld de,agnb_header
0403F3 CD FD 01 04 0654*       call agnb_read_exact
0403F7 C0          0655*       ret nz
0403F8 21 F9 00 04 0656*       ld hl,agnb_header
0403FC 11 90 00 04 0657*       ld de,agnb_id_bufr
040400 CD 11 01 04 0658*       call agnb_compare_fourcc
040404 20 47       0659*       jr nz,@bad_chunk
040406             0660*   
040406 CD 55 04 04 0661*       call agnb_read_bhdr
04040A C0          0662*       ret nz
04040B CD E0 04 04 0663*       call agnb_read_imag
04040F C0          0664*       ret nz
040410             0665*   
040410             0666*   ; Read and validate the DATA header, but deliberately leave its payload unread.
040410 DD 21 CC 00 0667*       ld ix,agnb_state+agnb_state_list_end
       04          
040415 CD F0 02 04 0668*       call agnb_read_chunk_header
040419 C0          0669*       ret nz
04041A 21 F9 00 04 0670*       ld hl,agnb_header+agnb_chunk_id
04041E 11 9C 00 04 0671*       ld de,agnb_id_data
040422 CD 11 01 04 0672*       call agnb_compare_fourcc
040426 20 25       0673*       jr nz,@bad_chunk
040428 2A D0 00 04 0674*       ld hl,(agnb_state+agnb_state_chunk_size)
04042C 22 E7 00 04 0675*       ld (agnb_metadata+agnb_meta_data_size),hl
040430 3A D3 00 04 0676*       ld a,(agnb_state+agnb_state_chunk_size+3)
040434 32 EA 00 04 0677*       ld (agnb_metadata+agnb_meta_data_size+3),a
040438 CD AB 05 04 0678*       call agnb_validate_image_data_size
04043C C0          0679*       ret nz
04043D 3A F6 00 04 0680*       ld a,(agnb_record_flags)
040441 F6 04       0681*       or 1<<agnb_record_has_data
040443 32 F6 00 04 0682*       ld (agnb_record_flags),a
040447 AF          0683*       xor a
040448 32 F7 00 04 0684*       ld (agnb_last_error),a
04044C C9          0685*       ret
04044D             0686*   @bad_chunk:
04044D 3E 07       0687*       ld a,agnb_error_chunk
04044F 32 F7 00 04 0688*       ld (agnb_last_error),a
040453 B7          0689*       or a
040454 C9          0690*       ret
040455             0691*   
040455             0692*   ; Read and validate BHDR into agnb_metadata.
040455             0693*   agnb_read_bhdr:
040455 DD 21 CC 00 0694*       ld ix,agnb_state+agnb_state_list_end
       04          
04045A CD F0 02 04 0695*       call agnb_read_chunk_header
04045E C0          0696*       ret nz
04045F 21 F9 00 04 0697*       ld hl,agnb_header+agnb_chunk_id
040463 11 94 00 04 0698*       ld de,agnb_id_bhdr
040467 CD 11 01 04 0699*       call agnb_compare_fourcc
04046B 20 6B       0700*       jr nz,@bad_chunk
04046D 2A D0 00 04 0701*       ld hl,(agnb_state+agnb_state_chunk_size)
040471 11 02 00 00 0702*       ld de,agnb_bhdr_payload_size
040475 B7          0703*       or a
040476 ED 52       0704*       sbc hl,de
040478 C2 D4 04 04 0705*       jp nz,@bad_metadata
04047C 3A D3 00 04 0706*       ld a,(agnb_state+agnb_state_chunk_size+3)
040480 B7          0707*       or a
040481 C2 D4 04 04 0708*       jp nz,@bad_metadata
040485             0709*   
040485             0710*   ; Read two payload bytes plus two zero padding bytes.
040485 01 04 00 00 0711*       ld bc,4
040489 11 F9 00 04 0712*       ld de,agnb_header
04048D CD FD 01 04 0713*       call agnb_read_exact
040491 C0          0714*       ret nz
040492 3A F9 00 04 0715*       ld a,(agnb_header+agnb_bhdr_bufferId)
040496 FE FF       0716*       cp $FF
040498 20 08       0717*       jr nz,@store_bufferId
04049A 3A FA 00 04 0718*       ld a,(agnb_header+agnb_bhdr_bufferId+1)
04049E FE FF       0719*       cp $FF
0404A0 28 2E       0720*       jr z,@bad_bufferId
0404A2             0721*   @store_bufferId:
0404A2 3A F9 00 04 0722*       ld a,(agnb_header+agnb_bhdr_bufferId)
0404A6 32 E0 00 04 0723*       ld (agnb_metadata+agnb_meta_bufferId),a
0404AA 3A FA 00 04 0724*       ld a,(agnb_header+agnb_bhdr_bufferId+1)
0404AE 32 E1 00 04 0725*       ld (agnb_metadata+agnb_meta_bufferId+1),a
0404B2 3A FB 00 04 0726*       ld a,(agnb_header+2)
0404B6 B7          0727*       or a
0404B7 20 1F       0728*       jr nz,@bad_chunk
0404B9 3A FC 00 04 0729*       ld a,(agnb_header+3)
0404BD B7          0730*       or a
0404BE 20 18       0731*       jr nz,@bad_chunk
0404C0 3A F6 00 04 0732*       ld a,(agnb_record_flags)
0404C4 F6 01       0733*       or 1<<agnb_record_has_bhdr
0404C6 32 F6 00 04 0734*       ld (agnb_record_flags),a
0404CA AF          0735*       xor a
0404CB 32 F7 00 04 0736*       ld (agnb_last_error),a
0404CF C9          0737*       ret
0404D0             0738*   @bad_bufferId:
0404D0 3E 09       0739*       ld a,agnb_error_bufferId
0404D2 18 06       0740*       jr @error
0404D4             0741*   @bad_metadata:
0404D4 3E 0A       0742*       ld a,agnb_error_metadata
0404D6 18 02       0743*       jr @error
0404D8             0744*   @bad_chunk:
0404D8 3E 07       0745*       ld a,agnb_error_chunk
0404DA             0746*   @error:
0404DA 32 F7 00 04 0747*       ld (agnb_last_error),a
0404DE B7          0748*       or a
0404DF C9          0749*       ret
0404E0             0750*   
0404E0             0751*   ; Read and validate IMAG into agnb_metadata.
0404E0             0752*   agnb_read_imag:
0404E0 DD 21 CC 00 0753*       ld ix,agnb_state+agnb_state_list_end
       04          
0404E5 CD F0 02 04 0754*       call agnb_read_chunk_header
0404E9 C0          0755*       ret nz
0404EA 21 F9 00 04 0756*       ld hl,agnb_header+agnb_chunk_id
0404EE 11 98 00 04 0757*       ld de,agnb_id_imag
0404F2 CD 11 01 04 0758*       call agnb_compare_fourcc
0404F6 C2 86 05 04 0759*       jp nz,@bad_chunk
0404FA 2A D0 00 04 0760*       ld hl,(agnb_state+agnb_state_chunk_size)
0404FE 11 05 00 00 0761*       ld de,agnb_imag_payload_size
040502 B7          0762*       or a
040503 ED 52       0763*       sbc hl,de
040505 C2 82 05 04 0764*       jp nz,@bad_metadata
040509 3A D3 00 04 0765*       ld a,(agnb_state+agnb_state_chunk_size+3)
04050D B7          0766*       or a
04050E C2 82 05 04 0767*       jp nz,@bad_metadata
040512             0768*   
040512             0769*   ; Read five payload bytes plus three zero padding bytes.
040512 01 08 00 00 0770*       ld bc,8
040516 11 F9 00 04 0771*       ld de,agnb_header
04051A CD FD 01 04 0772*       call agnb_read_exact
04051E C0          0773*       ret nz
04051F 3A F9 00 04 0774*       ld a,(agnb_header+agnb_imag_width)
040523 21 FA 00 04 0775*       ld hl,agnb_header+agnb_imag_width+1
040527 B6          0776*       or (hl)
040528 CA 82 05 04 0777*       jp z,@bad_metadata
04052C 3A F9 00 04 0778*       ld a,(agnb_header+agnb_imag_width)
040530 32 E2 00 04 0779*       ld (agnb_metadata+agnb_meta_width),a
040534 3A FA 00 04 0780*       ld a,(agnb_header+agnb_imag_width+1)
040538 32 E3 00 04 0781*       ld (agnb_metadata+agnb_meta_width+1),a
04053C 3A FB 00 04 0782*       ld a,(agnb_header+agnb_imag_height)
040540 21 FC 00 04 0783*       ld hl,agnb_header+agnb_imag_height+1
040544 B6          0784*       or (hl)
040545 CA 82 05 04 0785*       jp z,@bad_metadata
040549 3A FB 00 04 0786*       ld a,(agnb_header+agnb_imag_height)
04054D 32 E4 00 04 0787*       ld (agnb_metadata+agnb_meta_height),a
040551 3A FC 00 04 0788*       ld a,(agnb_header+agnb_imag_height+1)
040555 32 E5 00 04 0789*       ld (agnb_metadata+agnb_meta_height+1),a
040559 3A FD 00 04 0790*       ld a,(agnb_header+agnb_imag_format)
04055D FE 01       0791*       cp agnb_image_rgba2222
04055F 20 21       0792*       jr nz,@bad_metadata
040561 32 E6 00 04 0793*       ld (agnb_metadata+agnb_meta_format),a
040565 2A FE 00 04 0794*       ld hl,(agnb_header+5)
040569 11 00 00 00 0795*       ld de,0
04056D B7          0796*       or a
04056E ED 52       0797*       sbc hl,de
040570 20 14       0798*       jr nz,@bad_chunk
040572 3A F6 00 04 0799*       ld a,(agnb_record_flags)
040576 F6 02       0800*       or 1<<agnb_record_has_imag
040578 32 F6 00 04 0801*       ld (agnb_record_flags),a
04057C AF          0802*       xor a
04057D 32 F7 00 04 0803*       ld (agnb_last_error),a
040581 C9          0804*       ret
040582             0805*   @bad_metadata:
040582 3E 0A       0806*       ld a,agnb_error_metadata
040584 18 02       0807*       jr @error
040586             0808*   @bad_chunk:
040586 3E 07       0809*       ld a,agnb_error_chunk
040588             0810*   @error:
040588 32 F7 00 04 0811*       ld (agnb_last_error),a
04058C B7          0812*       or a
04058D C9          0813*       ret
04058E             0814*   
04058E             0815*   ; Calculate the expected RGBA2222 payload size.
04058E             0816*   ; inputs:  width and height in agnb_metadata
04058E             0817*   ; outputs: HL = width * height (unsigned 24-bit)
04058E             0818*   ;          u32 result retained in agnb_expected_data_size
04058E             0819*   ; destroys: AF, HL
04058E             0820*   ;
04058E             0821*   ; IMPORTANT: umul24 discards product bits above bit 23. That theoretical limit
04058E             0822*   ; is 16,777,215 bytes/pixels--orders of magnitude larger than any conceivable
04058E             0823*   ; bitmap on the Agon. The initial image loader therefore deliberately uses the
04058E             0824*   ; smaller native-ADL result instead of carrying a general u16*u16=u32 routine.
04058E             0825*   agnb_calculate_image_data_size:
04058E             0826*   ; Load each contiguous u16 field as UHL, then use the established eZ80 idiom
04058E             0827*   ; to discard the accidentally loaded following byte.
04058E 2A E4 00 04 0828*       ld hl,(agnb_metadata+agnb_meta_height)
040592 2B          0829*       dec hl
040593 52 23       0830*       inc.s hl ; undocumented: preserves HL and clears HLU
040595 EB          0831*       ex de,hl
040596 2A E2 00 04 0832*       ld hl,(agnb_metadata+agnb_meta_width)
04059A 2B          0833*       dec hl
04059B 52 23       0834*       inc.s hl ; undocumented: preserves HL and clears HLU
04059D CD D9 14 04 0835*       call umul24
0405A1 22 EB 00 04 0836*       ld (agnb_expected_data_size),hl
0405A5 AF          0837*       xor a
0405A6 32 EE 00 04 0838*       ld (agnb_expected_data_size+3),a
0405AA C9          0839*       ret
0405AB             0840*   
0405AB             0841*   ; Validate the current RGBA2222 DATA size against width * height.
0405AB             0842*   ; inputs:  normalized IMAG metadata and DATA size in agnb_metadata
0405AB             0843*   ; outputs: A=0 and Z set on success
0405AB             0844*   ;          A=agnb_error_data_size and NZ set on mismatch
0405AB             0845*   ; destroys: AF, DE, HL
0405AB             0846*   agnb_validate_image_data_size:
0405AB CD 8E 05 04 0847*       call agnb_calculate_image_data_size
0405AF             0848*   
0405AF             0849*   ; A 24-bit calculated size can match only a declared u32 whose high byte is 0.
0405AF 3A EA 00 04 0850*       ld a,(agnb_metadata+agnb_meta_data_size+3)
0405B3 B7          0851*       or a
0405B4 20 10       0852*       jr nz,@bad_size
0405B6             0853*   
0405B6             0854*   ; Compare the native 24-bit product with the low three declared size bytes.
0405B6 ED 5B E7 00 0855*       ld de,(agnb_metadata+agnb_meta_data_size)
       04          
0405BB B7          0856*       or a
0405BC ED 52       0857*       sbc hl,de
0405BE 20 06       0858*       jr nz,@bad_size
0405C0 AF          0859*       xor a
0405C1 32 F7 00 04 0860*       ld (agnb_last_error),a
0405C5 C9          0861*       ret
0405C6             0862*   @bad_size:
0405C6 3E 0B       0863*       ld a,agnb_error_data_size
0405C8 32 F7 00 04 0864*       ld (agnb_last_error),a
0405CC B7          0865*       or a
0405CD C9          0866*       ret
0405CE             0867*   
0405CE             0868*   ; Stream the current DATA payload into agnb_meta_bufferId in bounded blocks,
0405CE             0869*   ; then consolidate the completed VDP buffer. This routine is form-agnostic;
0405CE             0870*   ; callers perform image-, audio-, or other form-specific finalization.
0405CE             0871*   agnb_stream_data:
0405CE             0872*   ; Retain the complete 24-bit transfer count. The image metadata gate has
0405CE             0873*   ; already required the declared DATA high byte to be zero.
0405CE 2A E7 00 04 0874*       ld hl,(agnb_metadata+agnb_meta_data_size)
0405D2 22 EF 00 04 0875*       ld (agnb_stream_remaining),hl
0405D6             0876*   
0405D6             0877*   ; Clear the exact writer-specified destination before appending any blocks.
0405D6 2A E0 00 04 0878*       ld hl,(agnb_metadata+agnb_meta_bufferId)
0405DA 2B          0879*       dec hl
0405DB 52 23       0880*       inc.s hl ; undocumented: preserves bufferId in HL and clears HLU
0405DD CD 9A 0A 04 0881*       call vdu_clear_buffer
0405E1             0882*   
0405E1             0883*   @next_block:
0405E1             0884*   ; A zero remaining count means every declared payload byte was transferred.
0405E1 2A EF 00 04 0885*       ld hl,(agnb_stream_remaining)
0405E5 11 00 00 00 0886*       ld de,0
0405E9 B7          0887*       or a
0405EA ED 52       0888*       sbc hl,de
0405EC 28 4E       0889*       jr z,@complete
0405EE             0890*   
0405EE             0891*   ; Select min(remaining, agnb_io_buffer_size) without truncating the final block.
0405EE 2A EF 00 04 0892*       ld hl,(agnb_stream_remaining)
0405F2 11 00 20 00 0893*       ld de,agnb_io_buffer_size
0405F6 B7          0894*       or a
0405F7 ED 52       0895*       sbc hl,de
0405F9 38 06       0896*       jr c,@use_remaining
0405FB 01 00 20 00 0897*       ld bc,agnb_io_buffer_size
0405FF 18 05       0898*       jr @read_block
040601             0899*   @use_remaining:
040601 ED 4B EF 00 0900*       ld bc,(agnb_stream_remaining)
       04          
040606             0901*   @read_block:
040606 ED 43 F2 00 0902*       ld (agnb_stream_block_size),bc
       04          
04060B             0903*   
04060B             0904*   ; Read exactly this block from the DATA payload into the shared 8 KiB SRAM.
04060B 11 00 E0 B7 0905*       ld de,agnb_io_buffer
04060F CD FD 01 04 0906*       call agnb_read_exact
040613 C0          0907*       ret nz
040614             0908*   
040614             0909*   ; Append the complete block to the same writer-specified VDP buffer.
040614 ED 4B F2 00 0910*       ld bc,(agnb_stream_block_size)
       04          
040619 11 00 E0 B7 0911*       ld de,agnb_io_buffer
04061D 2A E0 00 04 0912*       ld hl,(agnb_metadata+agnb_meta_bufferId)
040621 2B          0913*       dec hl
040622 52 23       0914*       inc.s hl ; undocumented: preserves bufferId in HL and clears HLU
040624 CD 6E 0A 04 0915*       call vdu_load_buffer
040628             0916*   
040628             0917*   ; Account for the uploaded block and continue until no bytes remain.
040628 2A EF 00 04 0918*       ld hl,(agnb_stream_remaining)
04062C ED 5B F2 00 0919*       ld de,(agnb_stream_block_size)
       04          
040631 B7          0920*       or a
040632 ED 52       0921*       sbc hl,de
040634 38 30       0922*       jr c,@bad_bounds
040636 22 EF 00 04 0923*       ld (agnb_stream_remaining),hl
04063A 18 A5       0924*       jr @next_block
04063C             0925*   
04063C             0926*   @complete:
04063C             0927*   ; Exact accounting should place the logical reader at the first byte after the
04063C             0928*   ; DATA payload. Check all four offset bytes before reporting success.
04063C 2A D8 00 04 0929*       ld hl,(agnb_state+agnb_state_file_offset)
040640 ED 5B D4 00 0930*       ld de,(agnb_state+agnb_state_chunk_end)
       04          
040645 B7          0931*       or a
040646 ED 52       0932*       sbc hl,de
040648 20 1C       0933*       jr nz,@bad_bounds
04064A 3A DB 00 04 0934*       ld a,(agnb_state+agnb_state_file_offset+3)
04064E 21 D7 00 04 0935*       ld hl,agnb_state+agnb_state_chunk_end+3
040652 BE          0936*       cp (hl)
040653 20 11       0937*       jr nz,@bad_bounds
040655             0938*   
040655             0939*   ; Only a complete, exactly bounded transfer may be consolidated.
040655 2A E0 00 04 0940*       ld hl,(agnb_metadata+agnb_meta_bufferId)
040659 2B          0941*       dec hl
04065A 52 23       0942*       inc.s hl ; undocumented: preserves bufferId in HL and clears HLU
04065C CD B5 0A 04 0943*       call vdu_consolidate_buffer
040660             0944*   
040660 AF          0945*       xor a
040661 32 F7 00 04 0946*       ld (agnb_last_error),a
040665 C9          0947*       ret
040666             0948*   
040666             0949*   @bad_bounds:
040666 3E 08       0950*       ld a,agnb_error_bounds
040668 32 F7 00 04 0951*       ld (agnb_last_error),a
04066C B7          0952*       or a
04066D C9          0953*       ret
04066E             0954*   
04066E             0955*   ; Create an image bitmap from the successfully streamed and consolidated
04066E             0956*   ; buffer using the retained IMAG metadata.
04066E             0957*   ; outputs: A=0 and Z set
04066E             0958*   ; destroys: AF, BC, DE, HL
04066E             0959*   agnb_finalize_image:
04066E             0960*   ; Select the exact writer-specified buffer as the bitmap source.
04066E 2A E0 00 04 0961*       ld hl,(agnb_metadata+agnb_meta_bufferId)
040672 2B          0962*       dec hl
040673 52 23       0963*       inc.s hl ; undocumented: preserves bufferId in HL and clears HLU
040675 CD 1C 0A 04 0964*       call vdu_buff_select
040679             0965*   
040679             0966*   ; The five retained IMAG bytes already have the VDP's width/height/format
040679             0967*   ; ordering. Load their fields into the existing vdu_bmp_create contract.
040679 ED 4B E2 00 0968*       ld bc,(agnb_metadata+agnb_meta_width)
       04          
04067E 0B          0969*       dec bc
04067F 52 03       0970*       inc.s bc ; preserve width in BC and clear BCU
040681 ED 5B E4 00 0971*       ld de,(agnb_metadata+agnb_meta_height)
       04          
040686 1B          0972*       dec de
040687 52 13       0973*       inc.s de ; preserve height in DE and clear DEU
040689 3A E6 00 04 0974*       ld a,(agnb_metadata+agnb_meta_format)
04068D CD 31 0A 04 0975*       call vdu_bmp_create
040691 AF          0976*       xor a
040692 32 F7 00 04 0977*       ld (agnb_last_error),a
040696 C9          0978*       ret
040697             0979*   
040697             0980*   ; Consume the current DATA chunk's zero alignment padding and require the
040697             0981*   ; resulting position to equal the enclosing LIST payload end exactly.
040697             0982*   ; outputs: A=0 and Z set on success; error code and NZ on failure
040697             0983*   ; destroys: AF, BC, DE, HL
040697             0984*   agnb_finish_buffer_list:
040697             0985*   ; padding = (-payload_size) & 3
040697 3A E7 00 04 0986*       ld a,(agnb_metadata+agnb_meta_data_size)
04069B ED 44       0987*       neg
04069D E6 03       0988*       and 3
04069F 32 F5 00 04 0989*       ld (agnb_padding_size),a
0406A3 28 1E       0990*       jr z,@check_list_end
0406A5             0991*   
0406A5 01 00 00 00 0992*       ld bc,0
0406A9 4F          0993*       ld c,a
0406AA 11 F9 00 04 0994*       ld de,agnb_header
0406AE CD FD 01 04 0995*       call agnb_read_exact
0406B2 C0          0996*       ret nz
0406B3             0997*   
0406B3             0998*   ; Version 0.1 writers emit only zero-valued alignment padding.
0406B3 3A F5 00 04 0999*       ld a,(agnb_padding_size)
0406B7 47          1000*       ld b,a
0406B8 21 F9 00 04 1001*       ld hl,agnb_header
0406BC             1002*   @check_padding:
0406BC 7E          1003*       ld a,(hl)
0406BD B7          1004*       or a
0406BE 20 22       1005*       jr nz,@bad_chunk
0406C0 23          1006*       inc hl
0406C1 10 F9       1007*       djnz @check_padding
0406C3             1008*   
0406C3             1009*   @check_list_end:
0406C3 2A D8 00 04 1010*       ld hl,(agnb_state+agnb_state_file_offset)
0406C7 ED 5B CC 00 1011*       ld de,(agnb_state+agnb_state_list_end)
       04          
0406CC B7          1012*       or a
0406CD ED 52       1013*       sbc hl,de
0406CF 20 15       1014*       jr nz,@bad_bounds
0406D1 3A DB 00 04 1015*       ld a,(agnb_state+agnb_state_file_offset+3)
0406D5 21 CF 00 04 1016*       ld hl,agnb_state+agnb_state_list_end+3
0406D9 BE          1017*       cp (hl)
0406DA 20 0A       1018*       jr nz,@bad_bounds
0406DC AF          1019*       xor a
0406DD 32 F7 00 04 1020*       ld (agnb_last_error),a
0406E1 C9          1021*       ret
0406E2             1022*   
0406E2             1023*   @bad_chunk:
0406E2 3E 07       1024*       ld a,agnb_error_chunk
0406E4 18 02       1025*       jr @error
0406E6             1026*   @bad_bounds:
0406E6 3E 08       1027*       ld a,agnb_error_bounds
0406E8             1028*   @error:
0406E8 32 F7 00 04 1029*       ld (agnb_last_error),a
0406EC B7          1030*       or a
0406ED C9          1031*       ret
0406EE             1032*   
0406EE             1033*   ; Skip an unknown or deliberately ignored chunk, including alignment padding,
0406EE             1034*   ; without crossing the active enclosing boundary.
0406EE             1035*   agnb_skip_chunk:
0406EE C3 F6 06 04 1036*       jp agnb_not_implemented
0406F2             1037*   
0406F2             1038*   ; Round a u32 size or offset up to the next four-byte boundary.
0406F2             1039*   ; Calling convention will be finalized with the 32-bit arithmetic helper.
0406F2             1040*   agnb_align4:
0406F2 C3 F6 06 04 1041*       jp agnb_not_implemented
0406F6             1042*   
0406F6             1043*   ; Common fail-closed body used by every scaffolded routine.
0406F6             1044*   agnb_not_implemented:
0406F6 3E FF       1045*       ld a,agnb_error_not_implemented
0406F8 32 F7 00 04 1046*       ld (agnb_last_error),a
0406FC B7          1047*       or a ; return NZ
0406FD C9          1048*       ret
0406FE             0033        include "audio.inc"  ; audio-container scaffold
0406FE             0001*   ; AGNB 0.2 audio loader
0406FE             0002*   ; =====================
0406FE             0003*   ;
0406FE             0004*   ; The generic RIFF/AGNB file, chunk, bounds, streaming, buffer-clear, buffer-
0406FE             0005*   ; load, and buffer-consolidation routines remain in agnb.inc. This file adds
0406FE             0006*   ; the audio-specific record path for:
0406FE             0007*   ;
0406FE             0008*   ;     LIST BUFR
0406FE             0009*   ;       BHDR  u16 bufferId
0406FE             0010*   ;       AUDI  u8 vdpFormat=0x09; u16 sampleRate
0406FE             0011*   ;       DATA  unsigned 8-bit mono PCM bytes
0406FE             0012*   ;
0406FE             0013*   ; AUDI format 0x09 means VDP base format 1 (unsigned 8-bit mono) with bit 3
0406FE             0014*   ; set to record that an explicit u16 sample rate follows. vdu_buffer_to_sound
0406FE             0015*   ; accepts the base format and adds bit 3 itself, so finalization masks it off.
0406FE             0016*   
0406FE             0017*   agnb_audio_version_major:  equ 0
0406FE             0018*   agnb_audio_version_minor:  equ 2
0406FE             0019*   
0406FE             0020*   agnb_audi_format:          equ 0 ; u8 VDP sample format byte
0406FE             0021*   agnb_audi_sample_rate:     equ 1 ; u16 Hz
0406FE             0022*   agnb_audi_payload_size:    equ 3
0406FE             0023*   
0406FE             0024*   agnb_audio_vdp_format:     equ 0x09 ; unsigned 8-bit mono + sample rate follows
0406FE             0025*   
0406FE 41 55 44 49 0026*   agnb_id_audi:              db "AUDI"
040702             0027*   
040702             0028*   agnb_audio_filename:
040702 73 66 78 2E 0029*       asciz "sfx.agnb"
       61 67 6E 62 
       00          
04070B             0030*   
04070B             0031*   ; Normalized metadata retained until DATA has been validated and streamed.
04070B             0032*   agnb_audio_meta_bufferId:  equ 0 ; u16 writer-specified VDP bufferId
04070B             0033*   agnb_audio_meta_format:    equ 2 ; u8 VDP format; version 0.2 requires 0x09
04070B             0034*   agnb_audio_meta_rate:      equ 3 ; u16 sample rate in Hz
04070B             0035*   agnb_audio_meta_data_size: equ 5 ; u32 DATA payload size
04070B             0036*   agnb_audio_meta_size:      equ 9
04070B             0037*   
04070B             0038*   agnb_audio_metadata:
04070B 00 00 00 00 0039*       blkb agnb_audio_meta_size,0
       00 00 00 00 
       00          
040714             0040*   
040714             0041*   ; Open sfx.agnb, load every valid audio record at its explicit bufferId, play
040714             0042*   ; it once, and wait for a keypress before advancing to the next record.
040714             0043*   ; outputs: A=0/Z after the complete container; error code/NZ on failure
040714             0044*   ; destroys: AF, BC, DE, HL, IX
040714             0045*   agnb_load_audio:
040714 11 02 07 04 0046*       ld de,agnb_audio_filename
040718 CD 22 01 04 0047*       call agnb_open
04071C C0          0048*       ret nz
04071D             0049*   
04071D CD 72 02 04 0050*       call agnb_read_riff_header
040721 20 56       0051*       jr nz,@load_error
040723 CD 89 07 04 0052*       call agnb_read_audio_vers
040727 20 50       0053*       jr nz,@load_error
040729             0054*   
040729             0055*   @next_record:
040729             0056*   ; Stop only at the exact declared RIFF boundary.
040729 3A DB 00 04 0057*       ld a,(agnb_state+agnb_state_file_offset+3)
04072D 21 CB 00 04 0058*       ld hl,agnb_state+agnb_state_riff_end+3
040731 BE          0059*       cp (hl)
040732 38 12       0060*       jr c,@read_record
040734 20 3D       0061*       jr nz,@bad_bounds
040736 2A D8 00 04 0062*       ld hl,(agnb_state+agnb_state_file_offset)
04073A ED 5B C8 00 0063*       ld de,(agnb_state+agnb_state_riff_end)
       04          
04073F B7          0064*       or a
040740 ED 52       0065*       sbc hl,de
040742 28 41       0066*       jr z,@success
040744 30 2D       0067*       jr nc,@bad_bounds
040746             0068*   
040746             0069*   @read_record:
040746 CD F4 07 04 0070*       call agnb_read_audio_buffer_list
04074A 20 2D       0071*       jr nz,@load_error
04074C CD CE 05 04 0072*       call agnb_stream_data
040750 20 27       0073*       jr nz,@load_error
040752 CD 5D 09 04 0074*       call agnb_finalize_audio
040756 20 21       0075*       jr nz,@load_error
040758             0076*   
040758             0077*   ; Duration zero means play the complete sample exactly once. waitKeypress is
040758             0078*   ; the same simple application-test idiom used elsewhere in this repository.
040758 2A E0 00 04 0079*       ld hl,(agnb_metadata+agnb_meta_bufferId)
04075C 2B          0080*       dec hl
04075D 52 23       0081*       inc.s hl ; preserve the u16 bufferId and clear HLU
04075F 01 00 00 00 0082*       ld bc,0
040763 CD F8 0B 04 0083*       call vdu_play_sfx
040767 CD 90 13 04 0084*       call waitKeypress
04076B             0085*   
04076B CD 97 06 04 0086*       call agnb_finish_buffer_list
04076F 20 08       0087*       jr nz,@load_error
040771 18 B6       0088*       jr @next_record
040773             0089*   
040773             0090*   @bad_bounds:
040773 3E 08       0091*       ld a,agnb_error_bounds
040775 32 F7 00 04 0092*       ld (agnb_last_error),a
040779             0093*   @load_error:
040779             0094*   ; Preserve the parser/transport error while still closing the file.
040779 F5          0095*       push af
04077A CD 60 01 04 0096*       call agnb_close
04077E F1          0097*       pop af
04077F 32 F7 00 04 0098*       ld (agnb_last_error),a
040783 B7          0099*       or a
040784 C9          0100*       ret
040785             0101*   
040785             0102*   @success:
040785 C3 60 01 04 0103*       jp agnb_close
040789             0104*   
040789             0105*   ; Read and validate the single VERS chunk for the provisional audio layout.
040789             0106*   agnb_read_audio_vers:
040789 DD 21 C8 00 0107*       ld ix,agnb_state+agnb_state_riff_end
       04          
04078E CD F0 02 04 0108*       call agnb_read_chunk_header
040792 C0          0109*       ret nz
040793             0110*   
040793 21 F9 00 04 0111*       ld hl,agnb_header+agnb_chunk_id
040797 11 88 00 04 0112*       ld de,agnb_id_vers
04079B CD 11 01 04 0113*       call agnb_compare_fourcc
04079F C2 EC 07 04 0114*       jp nz,@bad_chunk
0407A3             0115*   
0407A3 2A D0 00 04 0116*       ld hl,(agnb_state+agnb_state_chunk_size)
0407A7 11 02 00 00 0117*       ld de,agnb_vers_payload_size
0407AB B7          0118*       or a
0407AC ED 52       0119*       sbc hl,de
0407AE 20 38       0120*       jr nz,@bad_version
0407B0 3A D3 00 04 0121*       ld a,(agnb_state+agnb_state_chunk_size+3)
0407B4 B7          0122*       or a
0407B5 20 31       0123*       jr nz,@bad_version
0407B7             0124*   
0407B7             0125*   ; Read the two-byte payload and two required zero padding bytes.
0407B7 01 04 00 00 0126*       ld bc,4
0407BB 11 F9 00 04 0127*       ld de,agnb_header
0407BF CD FD 01 04 0128*       call agnb_read_exact
0407C3 C0          0129*       ret nz
0407C4 3A F9 00 04 0130*       ld a,(agnb_header+agnb_vers_major)
0407C8 FE 00       0131*       cp agnb_audio_version_major
0407CA 20 1C       0132*       jr nz,@bad_version
0407CC 3A FA 00 04 0133*       ld a,(agnb_header+agnb_vers_minor)
0407D0 FE 02       0134*       cp agnb_audio_version_minor
0407D2 20 14       0135*       jr nz,@bad_version
0407D4 3A FB 00 04 0136*       ld a,(agnb_header+2)
0407D8 B7          0137*       or a
0407D9 20 11       0138*       jr nz,@bad_chunk
0407DB 3A FC 00 04 0139*       ld a,(agnb_header+3)
0407DF B7          0140*       or a
0407E0 20 0A       0141*       jr nz,@bad_chunk
0407E2 AF          0142*       xor a
0407E3 32 F7 00 04 0143*       ld (agnb_last_error),a
0407E7 C9          0144*       ret
0407E8             0145*   
0407E8             0146*   @bad_version:
0407E8 3E 06       0147*       ld a,agnb_error_version
0407EA 18 02       0148*       jr @error
0407EC             0149*   @bad_chunk:
0407EC 3E 07       0150*       ld a,agnb_error_chunk
0407EE             0151*   @error:
0407EE 32 F7 00 04 0152*       ld (agnb_last_error),a
0407F2 B7          0153*       or a
0407F3 C9          0154*       ret
0407F4             0155*   
0407F4             0156*   ; Parse one LIST BUFR and require BHDR, AUDI, DATA in that order. All metadata,
0407F4             0157*   ; DATA size, and enclosing bounds validate before any PCM payload is read.
0407F4             0158*   agnb_read_audio_buffer_list:
0407F4 AF          0159*       xor a
0407F5 32 F6 00 04 0160*       ld (agnb_record_flags),a
0407F9             0161*   
0407F9 DD 21 C8 00 0162*       ld ix,agnb_state+agnb_state_riff_end
       04          
0407FE CD F0 02 04 0163*       call agnb_read_chunk_header
040802 C0          0164*       ret nz
040803 21 F9 00 04 0165*       ld hl,agnb_header+agnb_chunk_id
040807 11 8C 00 04 0166*       ld de,agnb_id_list
04080B CD 11 01 04 0167*       call agnb_compare_fourcc
04080F C2 B0 08 04 0168*       jp nz,@bad_chunk
040813             0169*   
040813             0170*   ; LIST must contain its type and three nested chunk headers at minimum.
040813 2A D0 00 04 0171*       ld hl,(agnb_state+agnb_state_chunk_size)
040817 11 1C 00 00 0172*       ld de,3*agnb_chunk_header_size+agnb_list_type_size
04081B B7          0173*       or a
04081C ED 52       0174*       sbc hl,de
04081E DA B0 08 04 0175*       jp c,@bad_chunk
040822 2A D4 00 04 0176*       ld hl,(agnb_state+agnb_state_chunk_end)
040826 22 CC 00 04 0177*       ld (agnb_state+agnb_state_list_end),hl
04082A 3A D7 00 04 0178*       ld a,(agnb_state+agnb_state_chunk_end+3)
04082E 32 CF 00 04 0179*       ld (agnb_state+agnb_state_list_end+3),a
040832             0180*   
040832 01 04 00 00 0181*       ld bc,agnb_list_type_size
040836 11 F9 00 04 0182*       ld de,agnb_header
04083A CD FD 01 04 0183*       call agnb_read_exact
04083E C0          0184*       ret nz
04083F 21 F9 00 04 0185*       ld hl,agnb_header
040843 11 90 00 04 0186*       ld de,agnb_id_bufr
040847 CD 11 01 04 0187*       call agnb_compare_fourcc
04084B C2 B0 08 04 0188*       jp nz,@bad_chunk
04084F             0189*   
04084F             0190*   ; Reuse the proven BHDR reader and mirror its normalized bufferId.
04084F CD 55 04 04 0191*       call agnb_read_bhdr
040853 C0          0192*       ret nz
040854 3A E0 00 04 0193*       ld a,(agnb_metadata+agnb_meta_bufferId)
040858 32 0B 07 04 0194*       ld (agnb_audio_metadata+agnb_audio_meta_bufferId),a
04085C 3A E1 00 04 0195*       ld a,(agnb_metadata+agnb_meta_bufferId+1)
040860 32 0C 07 04 0196*       ld (agnb_audio_metadata+agnb_audio_meta_bufferId+1),a
040864             0197*   
040864 CD B8 08 04 0198*       call agnb_read_audi
040868 C0          0199*       ret nz
040869             0200*   
040869             0201*   ; Read and validate DATA header, leaving the PCM payload unread for streaming.
040869 DD 21 CC 00 0202*       ld ix,agnb_state+agnb_state_list_end
       04          
04086E CD F0 02 04 0203*       call agnb_read_chunk_header
040872 C0          0204*       ret nz
040873 21 F9 00 04 0205*       ld hl,agnb_header+agnb_chunk_id
040877 11 9C 00 04 0206*       ld de,agnb_id_data
04087B CD 11 01 04 0207*       call agnb_compare_fourcc
04087F C2 B0 08 04 0208*       jp nz,@bad_chunk
040883             0209*   
040883 2A D0 00 04 0210*       ld hl,(agnb_state+agnb_state_chunk_size)
040887 22 E7 00 04 0211*       ld (agnb_metadata+agnb_meta_data_size),hl
04088B 22 10 07 04 0212*       ld (agnb_audio_metadata+agnb_audio_meta_data_size),hl
04088F 3A D3 00 04 0213*       ld a,(agnb_state+agnb_state_chunk_size+3)
040893 32 EA 00 04 0214*       ld (agnb_metadata+agnb_meta_data_size+3),a
040897 32 13 07 04 0215*       ld (agnb_audio_metadata+agnb_audio_meta_data_size+3),a
04089B CD 3B 09 04 0216*       call agnb_validate_audio_data
04089F C0          0217*       ret nz
0408A0             0218*   
0408A0 3A F6 00 04 0219*       ld a,(agnb_record_flags)
0408A4 F6 04       0220*       or 1<<agnb_record_has_data
0408A6 32 F6 00 04 0221*       ld (agnb_record_flags),a
0408AA AF          0222*       xor a
0408AB 32 F7 00 04 0223*       ld (agnb_last_error),a
0408AF C9          0224*       ret
0408B0             0225*   
0408B0             0226*   @bad_chunk:
0408B0 3E 07       0227*       ld a,agnb_error_chunk
0408B2 32 F7 00 04 0228*       ld (agnb_last_error),a
0408B6 B7          0229*       or a
0408B7 C9          0230*       ret
0408B8             0231*   
0408B8             0232*   ; Read the three-byte AUDI payload plus its required zero padding byte.
0408B8             0233*   agnb_read_audi:
0408B8 DD 21 CC 00 0234*       ld ix,agnb_state+agnb_state_list_end
       04          
0408BD CD F0 02 04 0235*       call agnb_read_chunk_header
0408C1 C0          0236*       ret nz
0408C2 21 F9 00 04 0237*       ld hl,agnb_header+agnb_chunk_id
0408C6 11 FE 06 04 0238*       ld de,agnb_id_audi
0408CA CD 11 01 04 0239*       call agnb_compare_fourcc
0408CE 20 63       0240*       jr nz,@bad_chunk
0408D0             0241*   
0408D0 2A D0 00 04 0242*       ld hl,(agnb_state+agnb_state_chunk_size)
0408D4 11 03 00 00 0243*       ld de,agnb_audi_payload_size
0408D8 B7          0244*       or a
0408D9 ED 52       0245*       sbc hl,de
0408DB 20 52       0246*       jr nz,@bad_metadata
0408DD 3A D3 00 04 0247*       ld a,(agnb_state+agnb_state_chunk_size+3)
0408E1 B7          0248*       or a
0408E2 20 4B       0249*       jr nz,@bad_metadata
0408E4             0250*   
0408E4 01 04 00 00 0251*       ld bc,4
0408E8 11 F9 00 04 0252*       ld de,agnb_header
0408EC CD FD 01 04 0253*       call agnb_read_exact
0408F0 C0          0254*       ret nz
0408F1 3A F9 00 04 0255*       ld a,(agnb_header+agnb_audi_format)
0408F5 FE 09       0256*       cp agnb_audio_vdp_format
0408F7 20 36       0257*       jr nz,@bad_metadata
0408F9 32 0D 07 04 0258*       ld (agnb_audio_metadata+agnb_audio_meta_format),a
0408FD             0259*   
0408FD             0260*   ; Sample rate must be nonzero. Its u16 storage already enforces the VDP limit.
0408FD 3A FA 00 04 0261*       ld a,(agnb_header+agnb_audi_sample_rate)
040901 21 FB 00 04 0262*       ld hl,agnb_header+agnb_audi_sample_rate+1
040905 B6          0263*       or (hl)
040906 28 27       0264*       jr z,@bad_metadata
040908 3A FA 00 04 0265*       ld a,(agnb_header+agnb_audi_sample_rate)
04090C 32 0E 07 04 0266*       ld (agnb_audio_metadata+agnb_audio_meta_rate),a
040910 3A FB 00 04 0267*       ld a,(agnb_header+agnb_audi_sample_rate+1)
040914 32 0F 07 04 0268*       ld (agnb_audio_metadata+agnb_audio_meta_rate+1),a
040918             0269*   
040918 3A FC 00 04 0270*       ld a,(agnb_header+3)
04091C B7          0271*       or a
04091D 20 14       0272*       jr nz,@bad_chunk
04091F 3A F6 00 04 0273*       ld a,(agnb_record_flags)
040923 F6 02       0274*       or 1<<agnb_record_has_imag ; descriptor-present bit is shared with IMAG
040925 32 F6 00 04 0275*       ld (agnb_record_flags),a
040929 AF          0276*       xor a
04092A 32 F7 00 04 0277*       ld (agnb_last_error),a
04092E C9          0278*       ret
04092F             0279*   
04092F             0280*   @bad_metadata:
04092F 3E 0A       0281*       ld a,agnb_error_metadata
040931 18 02       0282*       jr @error
040933             0283*   @bad_chunk:
040933 3E 07       0284*       ld a,agnb_error_chunk
040935             0285*   @error:
040935 32 F7 00 04 0286*       ld (agnb_last_error),a
040939 B7          0287*       or a
04093A C9          0288*       ret
04093B             0289*   
04093B             0290*   ; Audio DATA must be nonempty and fit the generic loader's u24 stream counter.
04093B             0291*   agnb_validate_audio_data:
04093B 3A 13 07 04 0292*       ld a,(agnb_audio_metadata+agnb_audio_meta_data_size+3)
04093F B7          0293*       or a
040940 20 13       0294*       jr nz,@bad_size
040942 2A 10 07 04 0295*       ld hl,(agnb_audio_metadata+agnb_audio_meta_data_size)
040946 11 00 00 00 0296*       ld de,0
04094A B7          0297*       or a
04094B ED 52       0298*       sbc hl,de
04094D 28 06       0299*       jr z,@bad_size
04094F AF          0300*       xor a
040950 32 F7 00 04 0301*       ld (agnb_last_error),a
040954 C9          0302*       ret
040955             0303*   @bad_size:
040955 3E 0B       0304*       ld a,agnb_error_data_size
040957 32 F7 00 04 0305*       ld (agnb_last_error),a
04095B B7          0306*       or a
04095C C9          0307*       ret
04095D             0308*   
04095D             0309*   ; Convert the consolidated buffer to a VDP audio sample using the retained
04095D             0310*   ; writer-specified bufferId, unsigned base format, and explicit sample rate.
04095D             0311*   agnb_finalize_audio:
04095D 2A 0B 07 04 0312*       ld hl,(agnb_audio_metadata+agnb_audio_meta_bufferId)
040961 2B          0313*       dec hl
040962 52 23       0314*       inc.s hl ; preserve u16 bufferId and clear HLU
040964 ED 5B 0E 07 0315*       ld de,(agnb_audio_metadata+agnb_audio_meta_rate)
       04          
040969 1B          0316*       dec de
04096A 52 13       0317*       inc.s de ; preserve u16 sample rate and clear DEU
04096C 3A 0D 07 04 0318*       ld a,(agnb_audio_metadata+agnb_audio_meta_format)
040970 E6 07       0319*       and $07 ; vdu_buffer_to_sound adds the sample-rate-present bit itself
040972 CD B5 0B 04 0320*       call vdu_buffer_to_sound
040976 AF          0321*       xor a
040977 32 F7 00 04 0322*       ld (agnb_last_error),a
04097B C9          0323*       ret
04097C             0034        include "includes.inc"
04097C             0001*   ; Routines selected from loose/src/asm/functions.inc
04097C             0002*   ; Retained in their original source-file order.
04097C             0003*   
04097C             0004*   ; Print a zero-terminated string
04097C             0005*   ; HL: Pointer to string
04097C             0006*   printString:
04097C C5          0007*       PUSH BC
04097D 01 00 00 00 0008*       LD BC,0
040981 3E 00       0009*       LD A,0
040983 5B DF       0010*       RST.LIL 18h
040985 C1          0011*       POP BC
040986 C9          0012*       RET
040987             0013*   
040987             0014*   ; Prints the right justified decimal value in HL without leading zeroes
040987             0015*   ; HL : Value to print
040987             0016*   ; preserves all registers and flags
040987             0017*   printDec:
040987             0018*   ; BEGIN MY CODE
040987             0019*   ; back up all the things
040987 F5          0020*       push af
040988 C5          0021*       push bc
040989 D5          0022*       push de
04098A E5          0023*       push hl
04098B             0024*   ; END MY CODE
04098B 11 B3 09 04 0025*       LD DE, _printDecBuffer
04098F CD 3E 11 04 0026*       CALL u24_to_ascii
040993             0027*   ; BEGIN MY CODE
040993             0028*   ; replace leading zeroes with spaces
040993 21 B3 09 04 0029*       LD HL, _printDecBuffer
040997 06 07       0030*       ld B, 7 ; if HL was 0, we want to keep the final zero
040999             0031*   @loop:
040999 7E          0032*       LD A, (HL)
04099A FE 30       0033*       CP '0'
04099C C2 A6 09 04 0034*       JP NZ, @done
0409A0 3E 20       0035*       LD A, ' '
0409A2 77          0036*       LD (HL), A
0409A3 23          0037*       INC HL
0409A4             0038*       ; CALL vdu_cursor_forward
0409A4 10 F3       0039*       DJNZ @loop
0409A6             0040*   @done:
0409A6             0041*   ; END MY CODE
0409A6 21 B3 09 04 0042*       LD HL, _printDecBuffer
0409AA CD 7C 09 04 0043*       CALL printString
0409AE             0044*   ; BEGIN MY CODE
0409AE             0045*   ; restore all the things
0409AE E1          0046*       pop hl
0409AF D1          0047*       pop de
0409B0 C1          0048*       pop bc
0409B1 F1          0049*       pop af
0409B2             0050*   ; END MY CODE
0409B2 C9          0051*       RET
0409B3 00 00 00 00 0052*   _printDecBuffer: blkb 16,0 ; a few bytes extra just to be sure
       00 00 00 00 
       00 00 00 00 
       00 00 00 00 
0409C3             0053*   
0409C3             0054*   ; This routine converts the unsigned 24-bit value in HLU into it's ASCII representation,
0409C3             0055*   ; starting to memory location pointing by DE, in decimal form and with leading zeroes
0409C3             0056*   ; so it will allways be 8 characters length
0409C3             0057*   ; HL : Value to convert to string
0409C3             0058*   ; DE : pointer to buffer, at least 8 byte + 0
0409C3             0059*   ; u24_to_ascii:
0409C3             0060*   ;     LD BC,-10000000
0409C3             0061*   ;     CALL @one_digit
0409C3             0062*   ;     LD BC,-1000000
0409C3             0063*   ;     CALL @one_digit
0409C3             0064*   ;     LD BC,-100000
0409C3             0065*   ;     CALL @one_digit
0409C3             0066*   ;     LD BC,-10000
0409C3             0067*   ;     CALL @one_digit
0409C3             0068*   ;     LD BC,-1000
0409C3             0069*   ;     CALL @one_digit
0409C3             0070*   ;     LD BC,-100
0409C3             0071*   ;     CALL @one_digit
0409C3             0072*   ;     LD C,-10
0409C3             0073*   ;     CALL @one_digit
0409C3             0074*   ;     LD C,B
0409C3             0075*   ; @one_digit:
0409C3             0076*   ;     LD A,'0'-1
0409C3             0077*   ; @divide_me:
0409C3             0078*   ;     INC A
0409C3             0079*   ;     ADD HL,BC
0409C3             0080*   ;     JR C,@divide_me
0409C3             0081*   ;     SBC HL,BC
0409C3             0082*   ;     LD (DE),A
0409C3             0083*   ;     INC DE
0409C3             0084*   ;     RET
0409C3             0085*   
0409C3             0086*   
0409C3             0087*   ; Routines and constants selected from loose/src/asm/vdu.inc
0409C3             0088*   ; Retained in their original source-file order.
0409C3             0089*   
0409C3             0090*   ; &E8-&EF 	232-239 	Bitmap plot §
0409C3             0091*   plot_bmp: equ 0xE8
0409C3             0092*   ; 5 	Plot absolute in current foreground colour
0409C3             0093*   dr_abs_fg: equ 5
0409C3             0094*   
0409C3             0095*   cursor_on:
0409C3 21 CE 09 04 0096*   	ld hl,@cmd
0409C7 01 03 00 00 0097*   	ld bc,@end-@cmd
0409CB 5B DF       0098*   	rst.lil $18
0409CD C9          0099*   	ret
0409CE             0100*   @cmd:
0409CE 17 01 01    0101*   	db 23,1,1
0409D1             0102*   @end:
0409D1             0103*   
0409D1             0104*   cursor_off:
0409D1 21 DC 09 04 0105*   	ld hl,@cmd
0409D5 01 03 00 00 0106*   	ld bc,@end-@cmd
0409D9 5B DF       0107*   	rst.lil $18
0409DB C9          0108*   	ret
0409DC             0109*   @cmd:
0409DC 17 01 00    0110*   	db 23,1,0
0409DF             0111*   @end:
0409DF             0112*   
0409DF             0113*   ; VDU 31, x, y: Move text cursor to x, y text position (TAB(x, y))
0409DF             0114*   ; inputs: c=x, b=y 8-bit unsigned integers
0409DF             0115*   vdu_move_cursor:
0409DF ED 43 F0 09 0116*       ld (@x0),bc
       04          
0409E4 21 EF 09 04 0117*   	ld hl,@cmd
0409E8 01 03 00 00 0118*   	ld bc,@end-@cmd
0409EC 5B DF       0119*   	rst.lil $18
0409EE C9          0120*   	ret
0409EF 1F          0121*   @cmd: 	db 31
0409F0 00          0122*   @x0:	db 0
0409F1 00          0123*   @y0: 	db 0
0409F2 00          0124*   @end: 	db 0 ; padding
0409F3             0125*   
0409F3             0126*   ; VDU 12: Clear text area (CLS)
0409F3             0127*   vdu_cls:
0409F3 3E 0C       0128*       ld a,12
0409F5 5B D7       0129*   	rst.lil $10
0409F7 C9          0130*   	ret
0409F8             0131*   
0409F8             0132*   vdu_set_screen_mode:
0409F8 32 08 0A 04 0133*   	ld (@arg),a
0409FC 21 07 0A 04 0134*   	ld hl,@cmd
040A00 01 02 00 00 0135*   	ld bc,@end-@cmd
040A04 5B DF       0136*   	rst.lil $18
040A06 C9          0137*   	ret
040A07 16          0138*   @cmd: db 22 ; set screen mode
040A08 00          0139*   @arg: db 0  ; screen mode parameter
040A09             0140*   @end:
040A09             0141*   
040A09             0142*   ; VDU 23, 0, &C0, n: Turn logical screen scaling on and off *
040A09             0143*   ; inputs: a is scaling mode, 1=on, 0=off
040A09             0144*   ; note: default setting on boot is scaling ON
040A09             0145*   vdu_set_scaling:
040A09 32 1B 0A 04 0146*   	ld (@arg),a
040A0D 21 18 0A 04 0147*   	ld hl,@cmd
040A11 01 04 00 00 0148*   	ld bc,@end-@cmd
040A15 5B DF       0149*   	rst.lil $18
040A17 C9          0150*   	ret
040A18 17 00 C0    0151*   @cmd: db 23,0,0xC0
040A1B 00          0152*   @arg: db 0  ; scaling on/off
040A1C             0153*   @end:
040A1C             0154*   
040A1C             0155*   ; VDU 23, 27, &20, bufferId; : Select bitmap (using a buffer ID)
040A1C             0156*   ; inputs: hl=bufferId
040A1C             0157*   
040A1C             0158*   vdu_buff_select:
040A1C 22 2E 0A 04 0159*   	ld (@bufferId),hl
040A20 21 2B 0A 04 0160*   	ld hl,@cmd
040A24 01 05 00 00 0161*   	ld bc,@end-@cmd
040A28 5B DF       0162*   	rst.lil $18
040A2A C9          0163*   	ret
040A2B 17 1B 20    0164*   @cmd: db 23,27,0x20
040A2E 00 00       0165*   @bufferId: dw 0x0000
040A30 00          0166*   @end: db 0x00 ; padding
040A31             0167*   
040A31             0168*   ; VDU 23, 27, &21, w; h; format: Create bitmap from selected buffer
040A31             0169*   ; inputs: a=format; bc=width; de=height
040A31             0170*   ; prerequisites: buffer selected by vdu_bmp_select or vdu_buff_select
040A31             0171*   ; formats: https://agonconsole8.github.io/agon-docs/VDP---Bitmaps-API.html
040A31             0172*   ; 0 	RGBA8888 (4-bytes per pixel)
040A31             0173*   ; 1 	RGBA2222 (1-bytes per pixel)
040A31             0174*   ; 2 	Mono/Mask (1-bit per pixel)
040A31             0175*   ; 3 	Reserved for internal use by VDP (“native” format)
040A31             0176*   
040A31             0177*   vdu_bmp_create:
040A31 ED 43 4D 0A 0178*       ld (@width),bc
       04          
040A36 ED 53 4F 0A 0179*       ld (@height),de
       04          
040A3B 32 51 0A 04 0180*       ld (@fmt),a
040A3F 21 4A 0A 04 0181*   	ld hl,@cmd
040A43 01 08 00 00 0182*   	ld bc,@end-@cmd
040A47 5B DF       0183*   	rst.lil $18
040A49 C9          0184*   	ret
040A4A 17 1B 21    0185*   @cmd:       db 23,27,0x21
040A4D 00 00       0186*   @width:     dw 0x0000
040A4F 00 00       0187*   @height:    dw 0x0000
040A51 00          0188*   @fmt:       db 0x00
040A52             0189*   @end:
040A52             0190*   
040A52             0191*   ; https://agonconsole8.github.io/agon-docs/VDP---PLOT-Commands.html
040A52             0192*   ; &E8-&EF 	232-239 	Bitmap plot §
040A52             0193*   ; VDU 25, mode, x; y;: PLOT command
040A52             0194*   ; inputs: bc=x0, de=y0
040A52             0195*   ; prerequisites: vdu_buff_select
040A52             0196*   vdu_plot_bmp:
040A52 ED 43 69 0A 0197*       ld (@x0),bc
       04          
040A57 ED 53 6B 0A 0198*       ld (@y0),de
       04          
040A5C 21 67 0A 04 0199*   	ld hl,@cmd
040A60 01 06 00 00 0200*   	ld bc,@end-@cmd
040A64 5B DF       0201*   	rst.lil $18
040A66 C9          0202*   	ret
040A67 19          0203*   @cmd:   db 25
040A68 ED          0204*   @mode:  db plot_bmp+dr_abs_fg ; 0xED
040A69 00 00       0205*   @x0: 	dw 0x0000
040A6B 00 00       0206*   @y0: 	dw 0x0000
040A6D 00          0207*   @end:   db 0x00 ; padding
040A6E             0208*   
040A6E             0209*   ; load a vdu buffer from local memory
040A6E             0210*   ; inputs: hl = bufferId ; bc = length ; de = pointer to data
040A6E             0211*   
040A6E             0212*   vdu_load_buffer:
040A6E ED 43 97 0A 0213*       ld (@length),bc
       04          
040A73 D5          0214*       push de ; save data pointer
040A74             0215*   ; send the vdu command string
040A74 7D          0216*       ld a,l
040A75 32 94 0A 04 0217*       ld (@bufferId),a
040A79 7C          0218*       ld a,h
040A7A 32 95 0A 04 0219*       ld (@bufferId+1),a
040A7E 21 91 0A 04 0220*       ld hl,@cmd
040A82 01 08 00 00 0221*       ld bc,@end-@cmd
040A86 5B DF       0222*       rst.lil $18
040A88             0223*   ; send the buffer data
040A88 E1          0224*       pop hl ; pointer to data
040A89 ED 4B 97 0A 0225*       ld bc,(@length)
       04          
040A8E 5B DF       0226*       rst.lil $18 ; send it
040A90 C9          0227*       ret
040A91             0228*   ; Upload data :: VDU 23, 0 &A0, bufferId; 0, length; <buffer-data>
040A91 17 00 A0    0229*   @cmd:       db 23,0,0xA0
040A94 00 00       0230*   @bufferId:	dw 0x0000
040A96 00          0231*   		    db 0 ; load buffer
040A97 00 00       0232*   @length:	dw 0x0000
040A99 00          0233*   @end: db 0 ; padding
040A9A             0234*   
040A9A             0235*   ; clear a buffer
040A9A             0236*   ; inputs: hl = bufferId
040A9A             0237*   
040A9A             0238*   vdu_clear_buffer:
040A9A 7D          0239*       ld a,l
040A9B 32 B2 0A 04 0240*       ld (@bufferId),a
040A9F 7C          0241*       ld a,h
040AA0 32 B3 0A 04 0242*       ld (@bufferId+1),a
040AA4 21 AF 0A 04 0243*       ld hl,@cmd
040AA8 01 06 00 00 0244*       ld bc,@end-@cmd
040AAC 5B DF       0245*       rst.lil $18
040AAE C9          0246*       ret
040AAF 17 00 A0    0247*   @cmd:       db 23,0,0xA0
040AB2 00 00       0248*   @bufferId:	dw 0x0000
040AB4 02          0249*   		    db 2 ; clear buffer
040AB5             0250*   @end:
040AB5             0251*   
040AB5             0252*   ; Command 14: Consolidate blocks in a buffer
040AB5             0253*   
040AB5             0254*   vdu_consolidate_buffer:
040AB5             0255*   ; set parameters for vdu call
040AB5 7D          0256*       ld a,l
040AB6 32 CD 0A 04 0257*       ld (@bufferId),a
040ABA 7C          0258*       ld a,h
040ABB 32 CE 0A 04 0259*       ld (@bufferId+1),a
040ABF 21 CA 0A 04 0260*       ld hl,@beg
040AC3 01 06 00 00 0261*       ld bc,@end-@beg
040AC7 5B DF       0262*       rst.lil $18
040AC9 C9          0263*       ret
040ACA             0264*   ; VDU 23, 0, &A0, bufferId; 14
040ACA 17 00 A0    0265*   @beg: db 23,0,0xA0
040ACD 00 00       0266*   @bufferId: dw 0x0000
040ACF 0E          0267*              db 14
040AD0             0268*   @end:
040AD0             0035        include "vdu_sound.inc"
040AD0             0001*   ; enable sound channels
040AD0             0002*   ; inputs: a = total num channels to be enabled
040AD0             0003*   ; returns: nothing
040AD0             0004*   ; destroys: af, bc, hl
040AD0             0005*   vdu_enable_channels:
040AD0 3D          0006*       dec a ; channels are zero-based
040AD1             0007*   @loop:
040AD1 32 EA 0A 04 0008*       ld (@channel),a
040AD5 21 E7 0A 04 0009*       ld hl,@beg
040AD9 01 05 00 00 0010*       ld bc,@end-@beg
040ADD F5          0011*       push af
040ADE 5B DF       0012*       rst.lil $18
040AE0 F1          0013*       pop af
040AE1 3D          0014*       dec a
040AE2 C2 D1 0A 04 0015*       jp nz,@loop
040AE6 C9          0016*       ret
040AE7             0017*   @beg:
040AE7 17 00 85    0018*               db 23, 0, $85
040AEA 00          0019*   @channel:   db 0
040AEB 08          0020*               db 8 ; command 8: enable channel
040AEC             0021*   @end:
040AEC             0022*   
040AEC             0023*   ; disable all but the three default sound channels
040AEC             0024*   ; inputs: max_channels set
040AEC             0025*   ; outputs: none
040AEC             0026*   ; destroys: ah,hl,bc
040AEC             0027*   vdu_disable_channels:
040AEC 3E 01       0028*       ld a,max_channels
040AEE D6 03       0029*       sub 3 ; subtract number of default channels already enabled
040AF0 F2 F7 0A 04 0030*       jp p,@loop
040AF4 C9          0031*       ret
040AF5 3E 03       0032*       ld a,3 ; first non-default channel
040AF7             0033*   @loop:
040AF7 32 12 0B 04 0034*       ld (@channel),a
040AFB 21 0F 0B 04 0035*       ld hl,@beg
040AFF 01 05 00 00 0036*       ld bc,@end-@beg
040B03 F5          0037*       push af
040B04 5B DF       0038*       rst.lil $18
040B06 F1          0039*       pop af
040B07 3C          0040*       inc a
040B08 FE 01       0041*       cp max_channels
040B0A C2 F7 0A 04 0042*       jp nz,@loop
040B0E C9          0043*       ret
040B0F             0044*   @beg:
040B0F 17 00 85    0045*       db 23, 0, $85
040B12 00          0046*   @channel: db 0
040B13 09          0047*       db 9 ; command 9: disable channel
040B14             0048*   @end:
040B14             0049*   
040B14             0050*   
040B14             0051*   ; ############################################################
040B14             0052*   ; VDU SOUND API
040B14             0053*   ; ############################################################
040B14             0054*   ; Command 0: Play note
040B14             0055*   ; VDU 23, 0, &85, channel, 0, volume, frequency; duration;
040B14             0056*       MACRO PLAY_NOTE channel, volume, frequency, duration
040B14             0057*       ld hl, @PLAY_NOTE_CMD        ; Start of command block
040B14             0058*       ld bc, @PLAY_NOTE_END - @PLAY_NOTE_CMD  ; Command block size
040B14             0059*       rst.lil $18
040B14             0060*       jr @PLAY_NOTE_END
040B14             0061*   @PLAY_NOTE_CMD:  db 23, 0, 0x85               ; Command header
040B14             0062*                    db channel                  ; Channel, 0 (commented out)
040B14             0063*                    db 0                        ; Play note command
040B14             0064*                    db volume                   ; Volume
040B14             0065*                    dw frequency                ; Frequency
040B14             0066*                    dw duration                 ; Duration
040B14             0067*   @PLAY_NOTE_END:
040B14             0068*       ENDMACRO
040B14             0069*   
040B14             0070*       MACRO MUTE_CHANNEL channel
040B14             0071*       ld hl, @MUTE_CHANNEL_CMD     ; Start of command block
040B14             0072*       ld bc, @MUTE_CHANNEL_END - @MUTE_CHANNEL_CMD  ; Command block size
040B14             0073*       rst.lil $18
040B14             0074*       jr @MUTE_CHANNEL_END
040B14             0075*   @MUTE_CHANNEL_CMD: db 23, 0, 0x85             ; Command header
040B14             0076*                      db channel                ; Channel, 0 (commented out)
040B14             0077*                      db 2                      ; Set volume command
040B14             0078*                      db 0                      ; Volume (mute)
040B14             0079*   @MUTE_CHANNEL_END:
040B14             0080*       ENDMACRO
040B14             0081*   
040B14             0082*   ; inputs: c = channel, b = volume, hl = frequency; de = duration;
040B14             0083*   vdu_play_note:
040B14 79          0084*       ld a,c
040B15 32 35 0B 04 0085*       ld (@channel),a
040B19 78          0086*       ld a,b
040B1A 32 37 0B 04 0087*       ld (@volume),a
040B1E 22 38 0B 04 0088*       ld (@frequency),hl
040B22 ED 53 3A 0B 0089*       ld (@duration),de
       04          
040B27 21 32 0B 04 0090*       ld hl,@cmd
040B2B 01 0A 00 00 0091*       ld bc,@end-@cmd
040B2F 5B DF       0092*       rst.lil $18
040B31 C9          0093*       ret
040B32 17 00 85    0094*   @cmd:       db 23, 0, 0x85
040B35 00          0095*   @channel:   db 0x00
040B36 00          0096*               db 0x00 ; play note command
040B37 00          0097*   @volume:    db 0x00
040B38 00 00       0098*   @frequency: dw 0x0000
040B3A 00 00       0099*   @duration:  dw 0x0000
040B3C 00          0100*   @end:       db 0x00 ; padding
040B3D             0101*   
040B3D             0102*   ; Command 1: Status
040B3D             0103*   ; VDU 23, 0, &85, channel, 1
040B3D             0104*   ; inputs: a = channel
040B3D             0105*   ; Returns a bit mask indicating the status of the specified channel, or 255 if the channel is not valid, or has been disabled. The bit mask is as follows:
040B3D             0106*   ; Bit 	Name 	Meaning
040B3D             0107*   ; 0 	Active 	When set this indicates the channel is in use (has an active waveform)
040B3D             0108*   ; 1 	Playing 	Indicates the channel is actively playing a note, and thus will reject calls to play a new note
040B3D             0109*   ; 2 	Indefinite 	Set if the channel is playing an indefinite duration note
040B3D             0110*   ; 3 	Has Volume Envelope 	Set if the channel has a volume envelope
040B3D             0111*   ; 4 	Has Frequency Envelope 	Set if the channel has a frequency envelope
040B3D             0112*   
040B3D             0113*   ; Bits 5-7 are reserved for future use and, for enabled channels, will currently always be zero.
040B3D             0114*   vdu_channel_status:
040B3D 32 4F 0B 04 0115*       ld (@channel),a
040B41 21 4C 0B 04 0116*       ld hl,@cmd
040B45 01 05 00 00 0117*       ld bc,@end-@cmd
040B49 5B DF       0118*       rst.lil $18
040B4B C9          0119*       ret
040B4C 17 00 85    0120*   @cmd:       db 23, 0, 0x85
040B4F 00          0121*   @channel:   db 0x00
040B50 01          0122*               db 0x01 ; get channel status command
040B51             0123*   @end:
040B51             0124*   
040B51             0125*   ; VDU 23, 0, &85, channel, 2, volume
040B51             0126*   ; inputs: c = channel, b = volume
040B51             0127*   ; Sets the volume of the specified channel. The volume is a value from 0 to 127, where 0 is silent and 127 is full volume. Values over 127 will be treated as 127 (with one exception described later).
040B51             0128*   
040B51             0129*   ; Specifying a channel of -1 (or 255) will set the global sound system volume level. (Requires Console8 VDP 2.5.0 or later.)
040B51             0130*   
040B51             0131*   ; Using this command provides more direct control over a channel than the play note command. It can be used to adjust the volume of a channel that is already playing a note.
040B51             0132*   vdu_channel_volume:
040B51 79          0133*       ld a,c
040B52 32 69 0B 04 0134*       ld (@channel),a
040B56 78          0135*       ld a,b
040B57 32 6B 0B 04 0136*       ld (@volume),a
040B5B 21 66 0B 04 0137*       ld hl,@cmd
040B5F 01 06 00 00 0138*       ld bc,@end-@cmd
040B63 5B DF       0139*       rst.lil $18
040B65 C9          0140*       ret
040B66 17 00 85    0141*   @cmd:       db 23, 0, 0x85
040B69 00          0142*   @channel:   db 0x00
040B6A 02          0143*               db 0x02 ; set volume command
040B6B 00          0144*   @volume:    db 0x00
040B6C             0145*   @end:
040B6C             0146*   
040B6C             0147*   ; VDU 23, 0, &85, channel, 3, frequency;
040B6C             0148*   
040B6C             0149*   ; Sets the frequency of the specified channel. The frequency is a 16-bit value specifying in Hz the frequency of the note to be played.
040B6C             0150*   
040B6C             0151*   ; Using this command provides more direct control over a channel than the play note command. It can be used to adjust the frequency of a channel that is already playing a note.
040B6C             0152*   
040B6C             0153*   ; Returns 1 on success, 0 for failure.
040B6C             0154*   vdu_channel_frequency:
040B6C 79          0155*       ld a,c
040B6D 32 84 0B 04 0156*       ld (@channel),a
040B71 ED 53 86 0B 0157*       ld (@frequency),de
       04          
040B76 21 81 0B 04 0158*       ld hl,@cmd
040B7A 01 07 00 00 0159*       ld bc,@end-@cmd
040B7E 5B DF       0160*       rst.lil $18
040B80 C9          0161*       ret
040B81 17 00 85    0162*   @cmd:       db 23, 0, 0x85
040B84 00          0163*   @channel:   db 0x00
040B85 03          0164*               db 0x03 ; set frequency command
040B86 00 00       0165*   @frequency: dw 0x0000
040B88 00          0166*   @end:       db 0x00 ; padding
040B89             0167*   
040B89             0168*   
040B89             0169*   ; VDU 23, 0, &85, channel, 4, waveformOrSample, [bufferId;]
040B89             0170*   ; inputs: c = channel, b = waveformOrSample, [hl = bufferId]
040B89             0171*   ; Sets the waveform type for a channel to use. The waveformOrSample value is a single byte treated as a signed value.
040B89             0172*   
040B89             0173*   ; Using a negative value for the waveform indicates that a sample should be used instead. For more information see the documentation for the sample command.
040B89             0174*   
040B89             0175*   ; By default a channel is set to use waveform 0 (square wave).
040B89             0176*   
040B89             0177*   ; Valid waveform values are as follows:
040B89             0178*   ; Value 	Waveform
040B89             0179*   ; 0 	Square wave
040B89             0180*   ; 1 	Triangle wave
040B89             0181*   ; 2 	Sawtooth wave
040B89             0182*   ; 3 	Sine wave
040B89             0183*   ; 4 	Noise (simple white noise with no frequency support)
040B89             0184*   ; 5 	VIC Noise (emulates a VIC6561; supports frequency)
040B89             0185*   ; 8 	Sample (specifying a 16-bit buffer ID for sample data)
040B89             0186*   
040B89             0187*   vdu_channel_waveform:
040B89 79          0188*       ld a,c
040B8A 32 AF 0B 04 0189*       ld (@channel),a
040B8E 78          0190*       ld a,b
040B8F 32 B1 0B 04 0191*       ld (@waveform),a
040B93 FE 08       0192*       cp 8 ; check if the waveform is a sample
040B95 28 06       0193*       jr z, @sample
040B97 01 06 00 00 0194*       ld bc,@bufferId-@cmd
040B9B 18 08       0195*       jr @sendToVdu
040B9D             0196*   @sample:
040B9D 22 B2 0B 04 0197*       ld (@bufferId),hl
040BA1 01 08 00 00 0198*       ld bc,@end-@cmd
040BA5             0199*   @sendToVdu:
040BA5 21 AC 0B 04 0200*       ld hl,@cmd
040BA9 5B DF       0201*       rst.lil $18
040BAB C9          0202*       ret
040BAC 17 00 85    0203*   @cmd:       db 23, 0, 0x85
040BAF 00          0204*   @channel:   db 0x00
040BB0 04          0205*               db 0x04 ; set waveform command
040BB1 00          0206*   @waveform:  db 0x00
040BB2 00 00       0207*   @bufferId:  dw 0x0000
040BB4 00          0208*   @end:       db 0x00 ; padding
040BB5             0209*   
040BB5             0210*   ; VDU 23, 0, &85, channel (ignored), 5, 2, bufferId; format, [sampleRate;]
040BB5             0211*   ; inputs: hl = bufferId; a = format, de = sample rate in Hz
040BB5             0212*   ; The format is a single byte giving the format of the sample data. The following formats are supported:
040BB5             0213*   ; Value	Description
040BB5             0214*   ; 0	8-bit signed
040BB5             0215*   ; 1	8-bit unsigned
040BB5             0216*   ; The format value can also have modifier bits set to modify the behaviour of the sample. The following modifier bits are supported:
040BB5             0217*   ; Value	Description
040BB5             0218*   ; 8	sample rate is sent in the next 16-bits
040BB5             0219*   ; 16	sample is tuneable
040BB5             0220*   ; The default sample rate for samples on the VDP is 16kHz (actually 16.384kHz to be precise).
040BB5             0221*   vdu_buffer_to_sound:
040BB5 22 D5 0B 04 0222*       ld (@bufferId),hl
040BB9 C6 08       0223*       add a,8 ; modify format byte to indicate sample rate argument is given
040BBB 32 D7 0B 04 0224*       ld (@format),a
040BBF ED 53 D8 0B 0225*       ld (@sampleRate),de
       04          
040BC4 21 CF 0B 04 0226*       ld hl,@cmd
040BC8 01 0B 00 00 0227*       ld bc,@end-@cmd
040BCC 5B DF       0228*       rst.lil $18
040BCE C9          0229*       ret
040BCF 17 00 85    0230*   @cmd:       db 23, 0, 0x85
040BD2 00          0231*   @channel:   db 0x00 ; ignored
040BD3 05          0232*               db 0x05 ; buffer to sound command
040BD4 02          0233*               db 0x02 ; command 2 create sample
040BD5 00 00       0234*   @bufferId:  dw 0x0000
040BD7 00          0235*   @format:    db 0x00
040BD8 00 00       0236*   @sampleRate: dw 0x0000
040BDA 00          0237*   @end:       db 0x00 ; padding
040BDB             0238*   
040BDB             0239*   ; Command 13: Set sample rate
040BDB             0240*   ; VDU 23, 0, &85, channel, 13, sampleRate;
040BDB             0241*   ; inputs: c = channel, hl = sampleRate (Hz)
040BDB             0242*   vdu_set_sample_rate:
040BDB 79          0243*       ld a,c
040BDC 32 F2 0B 04 0244*       ld (@channel),a
040BE0 22 F4 0B 04 0245*       ld (@sampleRate),hl
040BE4 21 EF 0B 04 0246*       ld hl,@cmd
040BE8 01 07 00 00 0247*       ld bc,@end-@cmd
040BEC 5B DF       0248*       rst.lil $18
040BEE C9          0249*       ret
040BEF 17 00 85    0250*   @cmd:       db 23, 0, 0x85
040BF2 00          0251*   @channel:   db 0x00
040BF3 0D          0252*               db 13 ; set sample rate command
040BF4 00 00       0253*   @sampleRate: dw 0x0000
040BF6 00          0254*   @end:       db 0x00 ; padding
040BF7             0255*   
040BF7 00          0256*   last_channel: db 0
040BF8             0257*   max_channels: equ 1
040BF8             0258*   
040BF8             0259*   ; play a sound effect from an already loaded buffer
040BF8             0260*   ; inputs: hl = bufferId ; bc = duration in milliseconds
040BF8             0261*   vdu_play_sfx:
040BF8 22 30 0C 04 0262*       ld (@bufferId),hl
040BFC ED 43 3A 0C 0263*       ld (@duration),bc
       04          
040C01 3E 17       0264*       ld a,23
040C03 32 32 0C 04 0265*       ld (@bufferId+2),a
040C07 3A F7 0B 04 0266*       ld a,(last_channel)
040C0B 3C          0267*       inc a
040C0C             0268*       ; and 31 ; modulo 32
040C0C FE 01       0269*       cp max_channels
040C0E C2 13 0C 04 0270*       jp nz,@load_channel
040C12 AF          0271*       xor a
040C13             0272*   @load_channel:
040C13 32 F7 0B 04 0273*       ld (last_channel),a
040C17 32 2D 0C 04 0274*       ld (@channel0),a
040C1B 32 35 0C 04 0275*       ld (@channel1),a
040C1F 21 2A 0C 04 0276*       ld hl, @sample
040C23 01 12 00 00 0277*       ld bc, @sample_end - @sample
040C27 5B DF       0278*       rst.lil $18
040C29 C9          0279*       ret
040C2A             0280*   @sample:
040C2A             0281*   ; Command 4: Set waveform
040C2A             0282*   ; VDU 23, 0, &85, channel, 4, waveformOrSample, [bufferId;]
040C2A 17 00 85    0283*       .db 23,0,$85                        ; do sound
040C2D             0284*   @channel0:
040C2D 00 04 08    0285*       .db 0,4,8 ; channel, command, waveform
040C30             0286*   @bufferId:
040C30 00 00       0287*       .dw 0x0000
040C32             0288*   ; Command 0: Play note
040C32             0289*   ; VDU 23, 0, &85, channel, 0, volume, frequency; duration;
040C32 17 00 85    0290*       .db 23,0,$85                        ; do sound
040C35             0291*   @channel1:
040C35 00 00 7F    0292*       .db 0,0,127                ; channel, volume
040C38 00 00       0293*       .dw 0
040C3A             0294*   @duration:                              ; freq (tuneable samples only)
040C3A 00 00       0295*       .dw 0x0000                        ; duration
040C3C             0296*   @sample_end:
040C3C 00          0297*       .db 0x00 ; padding
040C3D             0298*   
040C3D             0299*   ; inputs: c = channel, b = volume, de = sample rate; hl = bufferId;
040C3D             0300*   vdu_play_sample:
040C3D             0301*       ; populate input parameters
040C3D 79          0302*       ld a,c
040C3E 32 70 0C 04 0303*       ld (@channel0),a
040C42 32 78 0C 04 0304*       ld (@channel1),a
040C46 32 7F 0C 04 0305*       ld (@channel2),a
040C4A 78          0306*       ld a,b
040C4B 32 81 0C 04 0307*       ld (@volume),a
040C4F ED 53 7A 0C 0308*       ld (@sampleRate),de
       04          
040C54 22 73 0C 04 0309*       ld (@bufferId),hl
040C58 3E 17       0310*       ld a,23
040C5A 32 75 0C 04 0311*       ld (@cmd1),a
040C5E 32 7C 0C 04 0312*       ld (@cmd2),a
040C62             0313*       ; prep the vdu command string
040C62 21 6D 0C 04 0314*       ld hl, @cmd0
040C66 01 19 00 00 0315*       ld bc, @end - @cmd0
040C6A 5B DF       0316*       rst.lil $18
040C6C C9          0317*       ret
040C6D             0318*   ; set waveform command
040C6D 17 00 85    0319*   @cmd0:       db 23, 0, 0x85
040C70 00          0320*   @channel0:   db 0x00
040C71 04          0321*                db 0x04 ; set waveform command
040C72 08          0322*   @waveform:   db 0x08 ; sample
040C73 00 00       0323*   @bufferId:   dw 0x0000
040C75             0324*   ; set sample rate command
040C75 17 00 85    0325*   @cmd1:       db 23, 0, 0x85
040C78 00          0326*   @channel1:   db 0x00
040C79 0D          0327*               db 13 ; set sample rate command
040C7A 00 00       0328*   @sampleRate: dw 0x0000
040C7C             0329*   ; play note command
040C7C 17 00 85    0330*   @cmd2:       db 23, 0, 0x85
040C7F 00          0331*   @channel2:   db 0x00
040C80 00          0332*                db 0x00 ; play note command
040C81 00          0333*   @volume:     db 0x00
040C82 00 00       0334*   @frequency:  dw 0x00 ; no effect unless buffer has been set to tuneable sample
040C84 00 00       0335*   @duration:   dw 0x0000 ; milliseconds: set to -1 to loop indefinitely, 0 to play full duration once
040C86 00          0336*   @end:        db 0x00 ; padding
040C87             0036        include "debug.inc"  ; retained dependency of the copied AGNB API
040C87             0001*   printHexA:
040C87 F5          0002*       push af
040C88 C5          0003*       push bc
040C89 CD 8C 10 04 0004*       call printHex8
040C8D 3E 20       0005*       ld a,' '
040C8F 5B D7       0006*       rst.lil 10h
040C91 C1          0007*       pop bc
040C92 F1          0008*       pop af
040C93 C9          0009*       ret
040C94             0010*   
040C94             0011*   printHexHL:
040C94 F5          0012*       push af
040C95 C5          0013*       push bc
040C96 CD 86 10 04 0014*       call printHex16
040C9A 3E 20       0015*       ld a,' '
040C9C 5B D7       0016*       rst.lil 10h
040C9E C1          0017*       pop bc
040C9F F1          0018*       pop af
040CA0 C9          0019*       ret
040CA1             0020*   
040CA1             0021*   printHexUHL:
040CA1 F5          0022*       push af
040CA2 C5          0023*       push bc
040CA3 CD 7E 10 04 0024*       call printHex24
040CA7 3E 20       0025*       ld a,' '
040CA9 5B D7       0026*       rst.lil 10h
040CAB C1          0027*       pop bc
040CAC F1          0028*       pop af
040CAD C9          0029*       ret
040CAE             0030*   
040CAE             0031*   printHexAUHL:
040CAE F5          0032*       push af
040CAF C5          0033*       push bc
040CB0 CD 8C 10 04 0034*       call printHex8
040CB4 3E 2E       0035*       ld a,'.'
040CB6 5B D7       0036*       rst.lil 10h
040CB8 CD 7E 10 04 0037*       call printHex24
040CBC 3E 20       0038*       ld a,' '
040CBE 5B D7       0039*       rst.lil 10h
040CC0 C1          0040*       pop bc
040CC1 F1          0041*       pop af
040CC2 C9          0042*       ret
040CC3             0043*   
040CC3             0044*   printHexABHL:
040CC3             0045*   ; preserve registers
040CC3 C5          0046*       push bc ; b will be ok c will not
040CC4 F5          0047*       push af ; will get totally destroyed
040CC5             0048*   ; print a
040CC5 CD 8C 10 04 0049*       call printHex8
040CC9             0050*   ; print b
040CC9 78          0051*       ld a,b
040CCA CD 8C 10 04 0052*       call printHex8
040CCE             0053*   ; print hl
040CCE CD 86 10 04 0054*       call printHex16
040CD2             0055*   ; restore registers
040CD2 F1          0056*       pop af
040CD3 C1          0057*       pop bc
040CD4 C9          0058*       ret
040CD5             0059*   
040CD5             0060*   printHexBHL:
040CD5             0061*   ; preserve registers
040CD5 C5          0062*       push bc ; b will be ok c will not
040CD6 F5          0063*       push af ; will get totally destroyed
040CD7             0064*   ; print b
040CD7 78          0065*       ld a,b
040CD8 CD 8C 10 04 0066*       call printHex8
040CDC             0067*   ; print hl
040CDC CD 86 10 04 0068*       call printHex16
040CE0             0069*   ; restore registers
040CE0 F1          0070*       pop af
040CE1 C1          0071*       pop bc
040CE2 C9          0072*       ret
040CE3             0073*   
040CE3             0074*   printHexCDE:
040CE3             0075*   ; preserve registers
040CE3 C5          0076*       push bc ; b will be ok c will not
040CE4 F5          0077*       push af ; will get totally destroyed
040CE5             0078*   ; print c
040CE5 79          0079*       ld a,c
040CE6 CD 8C 10 04 0080*       call printHex8
040CEA             0081*   ; print de
040CEA EB          0082*       ex de,hl
040CEB CD 86 10 04 0083*       call printHex16
040CEF EB          0084*       ex de,hl
040CF0             0085*   ; restore registers
040CF0 F1          0086*       pop af
040CF1 C1          0087*       pop bc
040CF2 C9          0088*       ret
040CF3             0089*   
040CF3             0090*   printHexUIX:
040CF3             0091*   ; store everything in scratch
040CF3 22 6B 13 04 0092*       ld (uhl),hl
040CF7 ED 43 6E 13 0093*       ld (ubc),bc
       04          
040CFC ED 53 71 13 0094*       ld (ude),de
       04          
040D01 DD 22 74 13 0095*       ld (uix),ix
       04          
040D06 FD 22 77 13 0096*       ld (uiy),iy
       04          
040D0B F5          0097*       push af ; fml
040D0C             0098*   
040D0C 21 02 13 04 0099*       ld hl,str_ixu
040D10 CD 7C 09 04 0100*       call printString
040D14 2A 74 13 04 0101*       ld hl,(uix)
040D18 CD 7E 10 04 0102*       call printHex24
040D1C CD 73 10 04 0103*       call printNewLine
040D20             0104*   
040D20             0105*   ; restore everything
040D20 2A 6B 13 04 0106*       ld hl, (uhl)
040D24 ED 4B 6E 13 0107*       ld bc, (ubc)
       04          
040D29 ED 5B 71 13 0108*       ld de, (ude)
       04          
040D2E DD 2A 74 13 0109*       ld ix, (uix)
       04          
040D33 FD 2A 77 13 0110*       ld iy, (uiy)
       04          
040D38 F1          0111*       pop af
040D39             0112*   ; all done
040D39 C9          0113*       ret
040D3A             0114*   
040D3A             0115*   
040D3A             0116*   ; print registers to screen in hexidecimal format
040D3A             0117*   ; inputs: none
040D3A             0118*   ; outputs: values of every register printed to screen
040D3A             0119*   ;    values of each register in global scratch memory
040D3A             0120*   ; destroys: nothing
040D3A             0121*   stepRegistersHex:
040D3A             0122*   ; store everything in scratch
040D3A 22 6B 13 04 0123*       ld (uhl),hl
040D3E ED 43 6E 13 0124*       ld (ubc),bc
       04          
040D43 ED 53 71 13 0125*       ld (ude),de
       04          
040D48 DD 22 74 13 0126*       ld (uix),ix
       04          
040D4D FD 22 77 13 0127*       ld (uiy),iy
       04          
040D52 F5          0128*       push af ; fml
040D53 E1          0129*       pop hl ; thanks, zilog
040D54 22 68 13 04 0130*       ld (uaf),hl
040D58 F5          0131*       push af ; dammit
040D59             0132*   
040D59             0133*   ; home the cursor
040D59             0134*       ; call vdu_home_cursor
040D59             0135*   
040D59             0136*   ; print each register
040D59 21 EE 12 04 0137*       ld hl,str_afu
040D5D CD 7C 09 04 0138*       call printString
040D61 2A 68 13 04 0139*       ld hl,(uaf)
040D65 CD 7E 10 04 0140*       call printHex24
040D69 CD 73 10 04 0141*       call printNewLine
040D6D             0142*   
040D6D 21 F3 12 04 0143*       ld hl,str_hlu
040D71 CD 7C 09 04 0144*       call printString
040D75 2A 6B 13 04 0145*       ld hl,(uhl)
040D79 CD 7E 10 04 0146*       call printHex24
040D7D CD 73 10 04 0147*       call printNewLine
040D81             0148*   
040D81 21 F8 12 04 0149*       ld hl,str_bcu
040D85 CD 7C 09 04 0150*       call printString
040D89 2A 6E 13 04 0151*       ld hl,(ubc)
040D8D CD 7E 10 04 0152*       call printHex24
040D91 CD 73 10 04 0153*       call printNewLine
040D95             0154*   
040D95 21 FD 12 04 0155*       ld hl,str_deu
040D99 CD 7C 09 04 0156*       call printString
040D9D 2A 71 13 04 0157*       ld hl,(ude)
040DA1 CD 7E 10 04 0158*       call printHex24
040DA5 CD 73 10 04 0159*       call printNewLine
040DA9             0160*   
040DA9 21 02 13 04 0161*       ld hl,str_ixu
040DAD CD 7C 09 04 0162*       call printString
040DB1 2A 74 13 04 0163*       ld hl,(uix)
040DB5 CD 7E 10 04 0164*       call printHex24
040DB9 CD 73 10 04 0165*       call printNewLine
040DBD             0166*   
040DBD 21 07 13 04 0167*       ld hl,str_iyu
040DC1 CD 7C 09 04 0168*       call printString
040DC5 2A 77 13 04 0169*       ld hl,(uiy)
040DC9 CD 7E 10 04 0170*       call printHex24
040DCD CD 73 10 04 0171*       call printNewLine
040DD1             0172*   
040DD1             0173*       ; call vsync
040DD1             0174*   
040DD1 CD 73 10 04 0175*       call printNewLine
040DD5             0176*   
040DD5             0177*   ; check for right shift key and quit if pressed
040DD5             0178*       MOSCALL mos_getkbmap
                       M1 Args: function=mos_getkbmap 
040DD5 3E 1E       0001*M1 			LD	A, function
040DD7 5B CF       0002*M1 			RST.LIL	08h
040DD9             0179*   @stayhere:
040DD9             0180*   ; 7 RightShift
040DD9 DD CB 00 76 0181*       bit 6,(ix+0)
040DDD 20 02       0182*       jr nz,@RightShift
040DDF 18 F8       0183*       jr @stayhere
040DE1             0184*   @RightShift:
040DE1 DD CB 0E 86 0185*       res 0,(ix+14) ; debounce the key (hopefully)
040DE5 3E 80       0186*       ld a,%10000000
040DE7             0187*       ; call multiPurposeDelay
040DE7             0188*   
040DE7             0189*   ; restore everything
040DE7 2A 6B 13 04 0190*       ld hl, (uhl)
040DEB ED 4B 6E 13 0191*       ld bc, (ubc)
       04          
040DF0 ED 5B 71 13 0192*       ld de, (ude)
       04          
040DF5 DD 2A 74 13 0193*       ld ix, (uix)
       04          
040DFA FD 2A 77 13 0194*       ld iy, (uiy)
       04          
040DFF F1          0195*       pop af
040E00             0196*   ; all done
040E00 C9          0197*       ret
040E01             0198*   
040E01             0199*   ; print registers to screen in hexidecimal format
040E01             0200*   ; inputs: none
040E01             0201*   ; outputs: values of every register printed to screen
040E01             0202*   ;    values of each register in global scratch memory
040E01             0203*   ; destroys: nothing
040E01             0204*   dumpRegistersHex:
040E01             0205*   ; store everything in scratch
040E01 22 6B 13 04 0206*       ld (uhl),hl
040E05 ED 43 6E 13 0207*       ld (ubc),bc
       04          
040E0A ED 53 71 13 0208*       ld (ude),de
       04          
040E0F DD 22 74 13 0209*       ld (uix),ix
       04          
040E14 FD 22 77 13 0210*       ld (uiy),iy
       04          
040E19 F5          0211*       push af ; fml
040E1A E1          0212*       pop hl ; thanks, zilog
040E1B 22 68 13 04 0213*       ld (uaf),hl
040E1F F5          0214*       push af ; dammit
040E20             0215*   
040E20             0216*   ; home the cursor
040E20             0217*       ; call vdu_home_cursor
040E20             0218*       ; call printNewLine
040E20             0219*   
040E20             0220*   ; print each register
040E20 21 EE 12 04 0221*       ld hl,str_afu
040E24 CD 7C 09 04 0222*       call printString
040E28 2A 68 13 04 0223*       ld hl,(uaf)
040E2C CD 7E 10 04 0224*       call printHex24
040E30             0225*       ; call printNewLine
040E30             0226*   
040E30 21 F3 12 04 0227*       ld hl,str_hlu
040E34 CD 7C 09 04 0228*       call printString
040E38 2A 6B 13 04 0229*       ld hl,(uhl)
040E3C CD 7E 10 04 0230*       call printHex24
040E40             0231*       ; call printNewLine
040E40             0232*   
040E40 21 F8 12 04 0233*       ld hl,str_bcu
040E44 CD 7C 09 04 0234*       call printString
040E48 2A 6E 13 04 0235*       ld hl,(ubc)
040E4C CD 7E 10 04 0236*       call printHex24
040E50             0237*       ; call printNewLine
040E50             0238*   
040E50 21 FD 12 04 0239*       ld hl,str_deu
040E54 CD 7C 09 04 0240*       call printString
040E58 2A 71 13 04 0241*       ld hl,(ude)
040E5C CD 7E 10 04 0242*       call printHex24
040E60             0243*       ; call printNewLine
040E60             0244*   
040E60 21 02 13 04 0245*       ld hl,str_ixu
040E64 CD 7C 09 04 0246*       call printString
040E68 2A 74 13 04 0247*       ld hl,(uix)
040E6C CD 7E 10 04 0248*       call printHex24
040E70             0249*       ; call printNewLine
040E70             0250*   
040E70 21 07 13 04 0251*       ld hl,str_iyu
040E74 CD 7C 09 04 0252*       call printString
040E78 2A 77 13 04 0253*       ld hl,(uiy)
040E7C CD 7E 10 04 0254*       call printHex24
040E80             0255*   
040E80 CD 73 10 04 0256*       call printNewLine
040E84             0257*       ; call printNewLine
040E84             0258*   ; restore everything
040E84 2A 6B 13 04 0259*       ld hl, (uhl)
040E88 ED 4B 6E 13 0260*       ld bc, (ubc)
       04          
040E8D ED 5B 71 13 0261*       ld de, (ude)
       04          
040E92 DD 2A 74 13 0262*       ld ix, (uix)
       04          
040E97 FD 2A 77 13 0263*       ld iy, (uiy)
       04          
040E9C F1          0264*       pop af
040E9D             0265*   ; all done
040E9D C9          0266*       ret
040E9E             0267*   
040E9E             0268*   dumpRegistersHexPrime:
040E9E D9          0269*       exx
040E9F 08          0270*       ex af,af'
040EA0 CD 01 0E 04 0271*       call dumpRegistersHex
040EA4 08          0272*       ex af,af'
040EA5 D9          0273*       exx
040EA6 C9          0274*       ret
040EA7             0275*   
040EA7             0276*   ; additionally dump prime registers
040EA7             0277*   ; inputs: none
040EA7             0278*   ; outputs: values of every register printed to screen
040EA7             0279*   ; destroys: nothing
040EA7             0280*   dumpRegistersHexAll:
040EA7 CD 01 0E 04 0281*       call dumpRegistersHex
040EAB 08          0282*       ex af,af'
040EAC D9          0283*       exx
040EAD CD 01 0E 04 0284*       call dumpRegistersHex
040EB1 08          0285*       ex af,af'
040EB2 D9          0286*       exx
040EB3 C9          0287*       ret
040EB4             0288*   
040EB4             0289*   ; print hlu to screen in hexidecimal format
040EB4             0290*   ; inputs: none
040EB4             0291*   ; destroys: nothing
040EB4             0292*   print_hex_hl:
040EB4 F5          0293*       push af
040EB5 E5          0294*       push hl
040EB6 21 F3 12 04 0295*       ld hl,str_hlu
040EBA CD 7C 09 04 0296*       call printString
040EBE E1          0297*       pop hl
040EBF E5          0298*       push hl
040EC0 CD 7E 10 04 0299*       call printHex24
040EC4 3E 20       0300*       ld a,' '
040EC6 5B D7       0301*       rst.lil 10h
040EC8 E1          0302*       pop hl
040EC9 F1          0303*       pop af
040ECA C9          0304*       ret
040ECB             0305*   
040ECB             0306*   ; print bcu to screen in hexidecimal format
040ECB             0307*   ; inputs: none
040ECB             0308*   ; destroys: nothing
040ECB             0309*   print_hex_bc:
040ECB F5          0310*       push af
040ECC E5          0311*       push hl
040ECD C5          0312*       push bc
040ECE 21 F8 12 04 0313*       ld hl,str_bcu
040ED2 CD 7C 09 04 0314*       call printString
040ED6 E1          0315*       pop hl
040ED7 E5          0316*       push hl
040ED8 CD 7E 10 04 0317*       call printHex24
040EDC 3E 20       0318*       ld a,' '
040EDE 5B D7       0319*       rst.lil 10h
040EE0 C1          0320*       pop bc
040EE1 E1          0321*       pop hl
040EE2 F1          0322*       pop af
040EE3 C9          0323*       ret
040EE4             0324*   
040EE4             0325*   ; print deu to screen in hexidecimal format
040EE4             0326*   ; inputs: none
040EE4             0327*   ; destroys: nothing
040EE4             0328*   print_hex_de:
040EE4 F5          0329*       push af
040EE5 E5          0330*       push hl
040EE6 D5          0331*       push de
040EE7 21 FD 12 04 0332*       ld hl,str_deu
040EEB CD 7C 09 04 0333*       call printString
040EEF E1          0334*       pop hl
040EF0 E5          0335*       push hl
040EF1 CD 7E 10 04 0336*       call printHex24
040EF5 3E 20       0337*       ld a,' '
040EF7 5B D7       0338*       rst.lil 10h
040EF9 D1          0339*       pop de
040EFA E1          0340*       pop hl
040EFB F1          0341*       pop af
040EFC C9          0342*       ret
040EFD             0343*   
040EFD             0344*   
040EFD             0345*   ; inputs: whatever is in the flags register
040EFD             0346*   ; outputs: binary representation of flags
040EFD             0347*   ;          with a header so we know which is what
040EFD             0348*   ; destroys: nothing
040EFD             0349*   ; preserves: everything
040EFD             0350*   dumpFlags:
040EFD             0351*   ; first we curse zilog for not giving direct access to flags
040EFD F5          0352*       push af ; this is so we can send it back unharmed
040EFE F5          0353*       push af ; this is so we can pop it to hl
040EFF             0354*   ; store everything in scratch
040EFF 22 6B 13 04 0355*       ld (uhl),hl
040F03 ED 43 6E 13 0356*       ld (ubc),bc
       04          
040F08 ED 53 71 13 0357*       ld (ude),de
       04          
040F0D DD 22 74 13 0358*       ld (uix),ix
       04          
040F12 FD 22 77 13 0359*       ld (uiy),iy
       04          
040F17             0360*   ; next we print the header
040F17 21 43 0F 04 0361*       ld hl,@header
040F1B CD 7C 09 04 0362*       call printString
040F1F E1          0363*       pop hl ; flags are now in l
040F20 7D          0364*       ld a,l ; flags are now in a
040F21 CD A4 12 04 0365*       call printBin8
040F25 CD 73 10 04 0366*       call printNewLine
040F29             0367*   ; restore everything
040F29 2A 6B 13 04 0368*       ld hl, (uhl)
040F2D ED 4B 6E 13 0369*       ld bc, (ubc)
       04          
040F32 ED 5B 71 13 0370*       ld de, (ude)
       04          
040F37 DD 2A 74 13 0371*       ld ix, (uix)
       04          
040F3C FD 2A 77 13 0372*       ld iy, (uiy)
       04          
040F41 F1          0373*       pop af ; send her home the way she came
040F42 C9          0374*       ret
040F43             0375*   ; Bit 7 (S): Sign flag
040F43             0376*   ; Bit 6 (Z): Zero flag
040F43             0377*   ; Bit 5 (5): Reserved (copy of bit 5 of the result)
040F43             0378*   ; Bit 4 (H): Half Carry flag
040F43             0379*   ; Bit 3 (3): Reserved (copy of bit 3 of the result)
040F43             0380*   ; Bit 2 (PV): Parity/Overflow flag
040F43             0381*   ; Bit 1 (N): Subtract flag
040F43             0382*   ; Bit 0 (C): Carry flag
040F43 53 5A 78 48 0383*   @header: db "SZxHxPNC\r\n",0 ; cr/lf and 0 terminator
       78 50 4E 43 
       0D 0A 00    
040F4E             0384*   
040F4E             0385*   
040F4E             0386*   ; print bytes from an address to the screen in hexidecimal format
040F4E             0387*   ; inputs: hl = address of first byte to print, a = number of bytes to print
040F4E             0388*   ; outputs: values of each byte printed to screen separated by spaces
040F4E             0389*   ; destroys: nothing
040F4E             0390*   dumpMemoryHex:
040F4E             0391*   ; save registers to the stack
040F4E C5          0392*       push bc
040F4F E5          0393*       push hl
040F50 F5          0394*       push af
040F51             0395*   
040F51             0396*   ; print the address and separator
040F51 CD 7E 10 04 0397*       call printHex24
040F55 3E 3A       0398*       ld a,':'
040F57 5B D7       0399*       rst.lil 10h
040F59 3E 20       0400*       ld a,' '
040F5B 5B D7       0401*       rst.lil 10h
040F5D             0402*   
040F5D             0403*   ; set b to be our loop counter
040F5D F1          0404*       pop af
040F5E 47          0405*       ld b,a
040F5F E1          0406*       pop hl
040F60 E5          0407*       push hl
040F61 F5          0408*       push af
040F62             0409*   @loop:
040F62             0410*   ; print the byte
040F62 7E          0411*       ld a,(hl)
040F63 CD 8C 10 04 0412*       call printHex8
040F67             0413*   ; print a space
040F67 3E 20       0414*       ld a,' '
040F69 5B D7       0415*       rst.lil 10h
040F6B 23          0416*       inc hl
040F6C 10 F4       0417*       djnz @loop
040F6E CD 73 10 04 0418*       call printNewLine
040F72             0419*   
040F72             0420*   ; restore everything
040F72 F1          0421*       pop af
040F73 E1          0422*       pop hl
040F74 C1          0423*       pop bc
040F75             0424*   
040F75             0425*   ; all done
040F75 C9          0426*       ret
040F76             0427*   
040F76             0428*   
040F76             0429*   ; print bytes from an address to the screen in binary format
040F76             0430*   ; inputs: hl = address of first byte to print, a = number of bytes to print
040F76             0431*   ; outputs: values of each byte printed to screen separated by spaces
040F76             0432*   ; destroys: nothing
040F76             0433*   dumpMemoryBin:
040F76             0434*   ; save all registers to the stack
040F76 F5          0435*       push af
040F77 C5          0436*       push bc
040F78 D5          0437*       push de
040F79 E5          0438*       push hl
040F7A DD E5       0439*       push ix
040F7C FD E5       0440*       push iy
040F7E             0441*   
040F7E             0442*   ; set b to be our loop counter
040F7E 47          0443*       ld b,a
040F7F             0444*   @loop:
040F7F             0445*   ; print the byte
040F7F 7E          0446*       ld a,(hl)
040F80 E5          0447*       push hl
040F81 C5          0448*       push bc
040F82 CD A4 12 04 0449*       call printBin8
040F86 C1          0450*       pop bc
040F87             0451*   ; print a space
040F87 3E 20       0452*       ld a,' '
040F89 5B D7       0453*       rst.lil 10h
040F8B E1          0454*       pop hl
040F8C 23          0455*       inc hl
040F8D 10 F0       0456*       djnz @loop
040F8F CD 73 10 04 0457*       call printNewLine
040F93             0458*   
040F93             0459*   ; restore everything
040F93 FD E1       0460*       pop iy
040F95 DD E1       0461*       pop ix
040F97 E1          0462*       pop hl
040F98 D1          0463*       pop de
040F99 C1          0464*       pop bc
040F9A F1          0465*       pop af
040F9B             0466*   ; all done
040F9B C9          0467*       ret
040F9C             0468*   
040F9C             0469*   ; print bytes from an address to the screen in binary format
040F9C             0470*   ; with the bits of each byte in reverse order (lsb first)
040F9C             0471*   ; inputs: hl = address of first byte to print, a = number of bytes to print
040F9C             0472*   ; outputs: values of each byte printed to screen separated by spaces
040F9C             0473*   ; destroys: nothing
040F9C             0474*   dumpMemoryBinRev:
040F9C             0475*   ; save all registers to the stack
040F9C F5          0476*       push af
040F9D C5          0477*       push bc
040F9E D5          0478*       push de
040F9F E5          0479*       push hl
040FA0 DD E5       0480*       push ix
040FA2 FD E5       0481*       push iy
040FA4             0482*   
040FA4             0483*   ; set b to be our loop counter
040FA4 47          0484*       ld b,a
040FA5             0485*   @loop:
040FA5             0486*   ; print the byte
040FA5 7E          0487*       ld a,(hl)
040FA6 E5          0488*       push hl
040FA7 C5          0489*       push bc
040FA8 CD C9 12 04 0490*       call printBin8Rev
040FAC C1          0491*       pop bc
040FAD             0492*   ; print a space
040FAD 3E 20       0493*       ld a,' '
040FAF 5B D7       0494*       rst.lil 10h
040FB1 E1          0495*       pop hl
040FB2 23          0496*       inc hl
040FB3 10 F0       0497*       djnz @loop
040FB5 CD 73 10 04 0498*       call printNewLine
040FB9             0499*   
040FB9             0500*   ; restore everything
040FB9 FD E1       0501*       pop iy
040FBB DD E1       0502*       pop ix
040FBD E1          0503*       pop hl
040FBE D1          0504*       pop de
040FBF C1          0505*       pop bc
040FC0 F1          0506*       pop af
040FC1             0507*   ; all done
040FC1 C9          0508*       ret
040FC2             0509*   
040FC2             0510*   DEBUG_PRINT:
040FC2             0511*       PUSH_ALL
                       M1 Args: none
040FC2 08          0001*M1     ex af,af'
040FC3 D9          0002*M1     exx
040FC4 F5          0003*M1     push af
040FC5 E5          0004*M1     push hl
040FC6 C5          0005*M1     push bc
040FC7 D5          0006*M1     push de
040FC8             0007*M1 
040FC8 08          0008*M1     ex af,af'
040FC9 D9          0009*M1     exx
040FCA F5          0010*M1     push af
040FCB E5          0011*M1     push hl
040FCC C5          0012*M1     push bc
040FCD D5          0013*M1     push de
040FCE DD E5       0014*M1     push ix
040FD0 FD E5       0015*M1     push iy
040FD2 CD FD 0E 04 0512*       call dumpFlags
040FD6             0513*       POP_ALL
                       M1 Args: none
040FD6 FD E1       0001*M1     pop iy
040FD8 DD E1       0002*M1     pop ix
040FDA D1          0003*M1     pop de
040FDB C1          0004*M1     pop bc
040FDC E1          0005*M1     pop hl
040FDD F1          0006*M1     pop af
040FDE 08          0007*M1     ex af,af'
040FDF D9          0008*M1     exx
040FE0             0009*M1 
040FE0 D1          0010*M1     pop de
040FE1 C1          0011*M1     pop bc
040FE2 E1          0012*M1     pop hl
040FE3 F1          0013*M1     pop af
040FE4 08          0014*M1     ex af,af'
040FE5 D9          0015*M1     exx
040FE6             0514*       PUSH_ALL
                       M1 Args: none
040FE6 08          0001*M1     ex af,af'
040FE7 D9          0002*M1     exx
040FE8 F5          0003*M1     push af
040FE9 E5          0004*M1     push hl
040FEA C5          0005*M1     push bc
040FEB D5          0006*M1     push de
040FEC             0007*M1 
040FEC 08          0008*M1     ex af,af'
040FED D9          0009*M1     exx
040FEE F5          0010*M1     push af
040FEF E5          0011*M1     push hl
040FF0 C5          0012*M1     push bc
040FF1 D5          0013*M1     push de
040FF2 DD E5       0014*M1     push ix
040FF4 FD E5       0015*M1     push iy
040FF6 CD 01 0E 04 0515*       call dumpRegistersHex
040FFA CD 90 13 04 0516*       call waitKeypress
040FFE CD 73 10 04 0517*       call printNewLine
041002             0518*       POP_ALL
                       M1 Args: none
041002 FD E1       0001*M1     pop iy
041004 DD E1       0002*M1     pop ix
041006 D1          0003*M1     pop de
041007 C1          0004*M1     pop bc
041008 E1          0005*M1     pop hl
041009 F1          0006*M1     pop af
04100A 08          0007*M1     ex af,af'
04100B D9          0008*M1     exx
04100C             0009*M1 
04100C D1          0010*M1     pop de
04100D C1          0011*M1     pop bc
04100E E1          0012*M1     pop hl
04100F F1          0013*M1     pop af
041010 08          0014*M1     ex af,af'
041011 D9          0015*M1     exx
041012 C9          0519*       ret
041013             0520*   DEBUG_WAITKEYPRESS:
041013             0521*       PUSH_ALL
                       M1 Args: none
041013 08          0001*M1     ex af,af'
041014 D9          0002*M1     exx
041015 F5          0003*M1     push af
041016 E5          0004*M1     push hl
041017 C5          0005*M1     push bc
041018 D5          0006*M1     push de
041019             0007*M1 
041019 08          0008*M1     ex af,af'
04101A D9          0009*M1     exx
04101B F5          0010*M1     push af
04101C E5          0011*M1     push hl
04101D C5          0012*M1     push bc
04101E D5          0013*M1     push de
04101F DD E5       0014*M1     push ix
041021 FD E5       0015*M1     push iy
041023 CD 90 13 04 0522*       call waitKeypress
041027             0523*       POP_ALL
                       M1 Args: none
041027 FD E1       0001*M1     pop iy
041029 DD E1       0002*M1     pop ix
04102B D1          0003*M1     pop de
04102C C1          0004*M1     pop bc
04102D E1          0005*M1     pop hl
04102E F1          0006*M1     pop af
04102F 08          0007*M1     ex af,af'
041030 D9          0008*M1     exx
041031             0009*M1 
041031 D1          0010*M1     pop de
041032 C1          0011*M1     pop bc
041033 E1          0012*M1     pop hl
041034 F1          0013*M1     pop af
041035 08          0014*M1     ex af,af'
041036 D9          0015*M1     exx
041037 C9          0524*       RET
041038             0525*   
041038             0526*   dumpVduCmdStr:
041038             0527*       PUSH_ALL
                       M1 Args: none
041038 08          0001*M1     ex af,af'
041039 D9          0002*M1     exx
04103A F5          0003*M1     push af
04103B E5          0004*M1     push hl
04103C C5          0005*M1     push bc
04103D D5          0006*M1     push de
04103E             0007*M1 
04103E 08          0008*M1     ex af,af'
04103F D9          0009*M1     exx
041040 F5          0010*M1     push af
041041 E5          0011*M1     push hl
041042 C5          0012*M1     push bc
041043 D5          0013*M1     push de
041044 DD E5       0014*M1     push ix
041046 FD E5       0015*M1     push iy
041048 79          0528*       ld a,c
041049 CD 4E 0F 04 0529*       call dumpMemoryHex
04104D CD 90 13 04 0530*       call waitKeypress
041051             0531*       POP_ALL
                       M1 Args: none
041051 FD E1       0001*M1     pop iy
041053 DD E1       0002*M1     pop ix
041055 D1          0003*M1     pop de
041056 C1          0004*M1     pop bc
041057 E1          0005*M1     pop hl
041058 F1          0006*M1     pop af
041059 08          0007*M1     ex af,af'
04105A D9          0008*M1     exx
04105B             0009*M1 
04105B D1          0010*M1     pop de
04105C C1          0011*M1     pop bc
04105D E1          0012*M1     pop hl
04105E F1          0013*M1     pop af
04105F 08          0014*M1     ex af,af'
041060 D9          0015*M1     exx
041061 C9          0532*       ret
041062             0533*   ; end dumpVduCmdStr
041062             0037        include "functions.inc" ; retained dependency of debug.inc
041062             0001*   ; Print a zero-terminated string inline with code, e.g.:
041062             0002*   ;
041062             0003*   ;    call printInline
041062             0004*   ;    ASCIZ "Hello, world!\r\n"
041062             0005*   ;
041062             0006*   ; Destroys: HL,AF
041062             0007*   printInline:
041062 E1          0008*       pop hl ; get the return address = pointer to start of string
041063 CD 7C 09 04 0009*       call printString ; HL advances to end of string
041067 E5          0010*       push hl ; restore the return address = pointer to end of string
041068 C9          0011*       ret
041069             0012*   
041069             0013*   ; Print a zero-terminated string
041069             0014*   ; IX: Pointer to string, A: signed offset from IX
041069             0015*   printStringIX:
041069             0016*   
041069             0017*   ; https://github.com/envenomator/Agon/blob/master/ez80asm%20examples%20(annotated)/functions.s
041069             0018*   ; Print a zero-terminated string
041069             0019*   ; HL: Pointer to string
041069             0020*   ; returns: hl pointed to character after string terminator
041069             0021*   ; destroys: af, hl
041069             0022*   ; printString:
041069             0023*   ;     PUSH BC
041069             0024*   ;     LD BC,0
041069             0025*   ;     LD A,0
041069             0026*   ;     RST.LIL 18h
041069             0027*   ;     POP BC
041069             0028*   ;     RET
041069             0029*   ; print a VDU sequence
041069             0030*   ; HL: Pointer to VDU sequence - <1 byte length> <data>
041069             0031*   sendVDUsequence:
041069 C5          0032*       PUSH BC
04106A 01 00 00 00 0033*       LD BC, 0
04106E 4E          0034*       LD C, (HL)
04106F 5B DF       0035*       RST.LIL 18h
041071 C1          0036*       POP BC
041072 C9          0037*       RET
041073             0038*   ; Print Newline sequence to VDP
041073             0039*   ; destroys: nothing
041073             0040*   printNewLine:
041073 F5          0041*       push af ; for some reason rst.lil 10h sets carry flag
041074 3E 0D       0042*       LD A, '\r'
041076 5B D7       0043*       RST.LIL 10h
041078 3E 0A       0044*       LD A, '\n'
04107A 5B D7       0045*       RST.LIL 10h
04107C F1          0046*       pop af
04107D C9          0047*       RET
04107E             0048*   
04107E             0049*   ; Print a 24-bit HEX number
04107E             0050*   ; HLU: Number to print
04107E             0051*   printHex24:
04107E             0052*       HLU_TO_A
                       M1 Args: none
04107E 3B          0001*M1     dec sp ; 1 cycle
04107F E5          0002*M1     push hl ; 4 cycles
041080 33          0003*M1     inc sp ; 1 cycle
041081 F1          0004*M1     pop af ; 4 cycles
041082             0005*M1     ; 10 cycles total
041082 CD 8C 10 04 0053*       CALL printHex8
041086             0054*   ; Print a 16-bit HEX number
041086             0055*   ; HL: Number to print
041086             0056*   printHex16:
041086 7C          0057*       LD A,H
041087 CD 8C 10 04 0058*       CALL printHex8
04108B 7D          0059*       LD A,L
04108C             0060*   ; Print an 8-bit HEX number
04108C             0061*   ; A: Number to print
04108C             0062*   printHex8:
04108C 4F          0063*       LD C,A
04108D 1F          0064*       RRA
04108E 1F          0065*       RRA
04108F 1F          0066*       RRA
041090 1F          0067*       RRA
041091 CD 96 10 04 0068*       CALL @F
041095 79          0069*       LD A,C
041096             0070*   @@:
041096 E6 0F       0071*       AND 0Fh
041098 C6 90       0072*       ADD A,90h
04109A 27          0073*       DAA
04109B CE 40       0074*       ADC A,40h
04109D 27          0075*       DAA
04109E 5B D7       0076*       RST.LIL 10h
0410A0 C9          0077*       RET
0410A1             0078*   
0410A1             0079*   ; Print a 0x HEX prefix
0410A1             0080*   DisplayHexPrefix:
0410A1 3E 30       0081*       LD A, '0'
0410A3 5B D7       0082*       RST.LIL 10h
0410A5 3E 78       0083*       LD A, 'x'
0410A7 5B D7       0084*       RST.LIL 10h
0410A9 C9          0085*       RET
0410AA             0086*   
0410AA             0087*       MACRO printDecBC
0410AA             0088*       push hl
0410AA             0089*       push bc
0410AA             0090*       pop hl
0410AA             0091*       call printDec
0410AA             0092*       pop hl
0410AA             0093*       ENDMACRO
0410AA             0094*   
0410AA             0095*       MACRO printDecDE
0410AA             0096*       push hl
0410AA             0097*       push de
0410AA             0098*       pop hl
0410AA             0099*       call printDec
0410AA             0100*       pop hl
0410AA             0101*       ENDMACRO
0410AA             0102*   
0410AA             0103*       MACRO printDecHL
0410AA             0104*       call printDec
0410AA             0105*       ENDMACRO
0410AA             0106*   
0410AA             0107*       MACRO printDecIX
0410AA             0108*       push hl
0410AA             0109*       push ix
0410AA             0110*       pop hl
0410AA             0111*       call printDec
0410AA             0112*       pop hl
0410AA             0113*       ENDMACRO
0410AA             0114*   
0410AA             0115*       MACRO printDecIY
0410AA             0116*       push hl
0410AA             0117*       push iy
0410AA             0118*       pop hl
0410AA             0119*       call printDec
0410AA             0120*       pop hl
0410AA             0121*       ENDMACRO
0410AA             0122*   
0410AA             0123*   
0410AA             0124*   ; Prints the right justified decimal value in HL without leading zeroes
0410AA             0125*   ; HL : Value to print
0410AA             0126*   ; preserves all registers and flags
0410AA             0127*   ; printDec:
0410AA             0128*   ; ; back up all the things
0410AA             0129*   ;     push af
0410AA             0130*   ;     push bc
0410AA             0131*   ;     push de
0410AA             0132*   ;     push hl
0410AA             0133*   ;     LD DE, _printDecBuffer
0410AA             0134*   ;     CALL u24_to_ascii
0410AA             0135*   ; ; replace leading zeroes with spaces
0410AA             0136*   ;     LD HL, _printDecBuffer
0410AA             0137*   ;     ld B, 7 ; if HL was 0, we want to keep the final zero
0410AA             0138*   ; @loop:
0410AA             0139*   ;     LD A, (HL)
0410AA             0140*   ;     CP '0'
0410AA             0141*   ;     JP NZ, @done
0410AA             0142*   ;     LD A, ' '
0410AA             0143*   ;     LD (HL), A
0410AA             0144*   ;     INC HL
0410AA             0145*   ;     DJNZ @loop
0410AA             0146*   ; @done:
0410AA             0147*   ;     LD HL, _printDecBuffer
0410AA             0148*   ;     CALL printString
0410AA             0149*   ; ; restore all the things
0410AA             0150*   ;     pop hl
0410AA             0151*   ;     pop de
0410AA             0152*   ;     pop bc
0410AA             0153*   ;     pop af
0410AA             0154*   ;     RET
0410AA             0155*   ; _printDecBuffer: blkb 16,0 ; a few bytes extra just to be sure
0410AA             0156*   
0410AA             0157*   ; same as printDec but signed
0410AA             0158*   printDecS:
0410AA             0159*   ; back up all the things
0410AA F5          0160*       push af
0410AB C5          0161*       push bc
0410AC D5          0162*       push de
0410AD E5          0163*       push hl
0410AE CD A3 13 04 0164*       call hlu_abs ; abs(hl), sign flag set if negative
0410B2 F5          0165*       push af ; save sign flag
0410B3 11 B3 09 04 0166*       LD DE, _printDecBuffer
0410B7 CD 3E 11 04 0167*       CALL u24_to_ascii
0410BB             0168*   ; replace leading zeroes with spaces
0410BB 21 B3 09 04 0169*       LD HL, _printDecBuffer
0410BF 06 07       0170*       ld B, 7 ; if HL was 0, we want to keep the final zero
0410C1 F1          0171*       pop af ; restore sign flag
0410C2 3E 20       0172*       ld a,' ' ; assume positive
0410C4 F2 CA 10 04 0173*       jp p,@print
0410C8 3E 2D       0174*       ld a,'-'
0410CA             0175*   @print:
0410CA 5B D7       0176*       rst.lil 10h
0410CC             0177*   @loop:
0410CC 7E          0178*       LD A, (HL)
0410CD FE 30       0179*       CP '0'
0410CF C2 D9 10 04 0180*       JP NZ, @done
0410D3 3E 20       0181*       LD A, ' '
0410D5 77          0182*       LD (HL), A
0410D6 23          0183*       INC HL
0410D7 10 F3       0184*       DJNZ @loop
0410D9             0185*   @done:
0410D9 21 B3 09 04 0186*       LD HL, _printDecBuffer
0410DD CD 7C 09 04 0187*       CALL printString
0410E1             0188*   ; restore all the things
0410E1 E1          0189*       pop hl
0410E2 D1          0190*       pop de
0410E3 C1          0191*       pop bc
0410E4 F1          0192*       pop af
0410E5 C9          0193*       RET
0410E6             0194*   
0410E6             0195*   printDec8:
0410E6             0196*   ; back up all the things
0410E6 F5          0197*       push af
0410E7 C5          0198*       push bc
0410E8 D5          0199*       push de
0410E9 E5          0200*       push hl
0410EA             0201*   ; initialize hl to 0 and load it with a
0410EA 21 00 00 00 0202*       ld hl,0
0410EE 6F          0203*       ld l,a
0410EF             0204*   ; convert l to ascii
0410EF 11 17 11 04 0205*       LD DE, _printDec8Buffer
0410F3 CD 5E 11 04 0206*       CALL u8_to_ascii
0410F7             0207*   ; replace leading zeroes with spaces
0410F7 21 17 11 04 0208*       LD HL, _printDec8Buffer
0410FB 06 03       0209*       ld B, 3 ; if A was 0, we want to keep the final zero
0410FD             0210*   @loop:
0410FD 7E          0211*       LD A, (HL)
0410FE FE 30       0212*       CP '0'
041100 C2 0A 11 04 0213*       JP NZ, @done
041104 3E 20       0214*       LD A, ' '
041106 77          0215*       LD (HL), A
041107 23          0216*       INC HL
041108 10 F3       0217*       DJNZ @loop
04110A             0218*   @done:
04110A 21 17 11 04 0219*       LD HL, _printDec8Buffer
04110E CD 7C 09 04 0220*       CALL printString
041112             0221*   ; restore all the things
041112 E1          0222*       pop hl
041113 D1          0223*       pop de
041114 C1          0224*       pop bc
041115 F1          0225*       pop af
041116 C9          0226*       RET
041117             0227*   ; end printDec8
041117 00 00 00 00 0228*   _printDec8Buffer: blkb 8,0 ; a few bytes extra just to be sure
       00 00 00 00 
04111F             0229*   
04111F             0230*   printDecS8:
04111F F5          0231*       push af
041120 CB 7F       0232*       bit 7,a
041122 28 0E       0233*       jr z,@F
041124 ED 44       0234*       neg
041126 F5          0235*       push af
041127 3E 2D       0236*       ld a,'-'
041129 5B D7       0237*       rst.lil 10h
04112B F1          0238*       pop af
04112C CD E6 10 04 0239*       call printDec8
041130 F1          0240*       pop af
041131 C9          0241*       ret
041132             0242*   @@:
041132 F5          0243*       push af
041133 3E 2B       0244*       ld a,'+'
041135 5B D7       0245*       rst.lil 10h
041137 F1          0246*       pop af
041138 CD E6 10 04 0247*       call printDec8
04113C F1          0248*       pop af
04113D C9          0249*       ret
04113E             0250*   ; end printDecS8
04113E             0251*   
04113E             0252*   ; This routine converts the unsigned 24-bit value in HLU into its ASCII representation,
04113E             0253*   ; starting to memory location pointing by DE, in decimal form and with leading zeroes
04113E             0254*   ; so it will allways be 8 characters length
04113E             0255*   ; HL : Value to convert to string
04113E             0256*   ; DE : pointer to buffer, at least 8 byte + 0
04113E             0257*   u24_to_ascii:
04113E 01 80 69 67 0258*       LD BC,-10000000
041142 CD 75 11 04 0259*       CALL one_digit
041146 01 C0 BD F0 0260*       LD BC,-1000000
04114A CD 75 11 04 0261*       CALL one_digit
04114E 01 60 79 FE 0262*       LD BC,-100000
041152 CD 75 11 04 0263*       CALL one_digit
041156 01 F0 D8 FF 0264*       LD BC,-10000
04115A CD 75 11 04 0265*       CALL one_digit
04115E             0266*   u8_to_ascii: ; same arguments but hl <= 255, uhl and h = 0
04115E 01 18 FC FF 0267*       LD BC,-1000
041162 CD 75 11 04 0268*       CALL one_digit
041166 01 9C FF FF 0269*       LD BC,-100
04116A CD 75 11 04 0270*       CALL one_digit
04116E 0E F6       0271*       LD C,-10
041170 CD 75 11 04 0272*       CALL one_digit
041174 48          0273*       LD C,B
041175             0274*   one_digit:
041175 3E 2F       0275*       LD A,'0'-1
041177             0276*   @divide_me:
041177 3C          0277*       INC A
041178 09          0278*       ADD HL,BC
041179 38 FC       0279*       JR C,@divide_me
04117B ED 42       0280*       SBC HL,BC
04117D 12          0281*       LD (DE),A
04117E 13          0282*       INC DE
04117F C9          0283*       RET
041180             0284*   
041180             0285*   print_u24:
041180 D5          0286*       push de
041181 E5          0287*       push hl
041182 11 B3 09 04 0288*       ld de,_printDecBuffer
041186 CD 3E 11 04 0289*       call u24_to_ascii
04118A 21 B3 09 04 0290*       ld hl,_printDecBuffer
04118E CD 7C 09 04 0291*       call printString
041192 3E 20       0292*       ld a,' '
041194 5B D7       0293*       rst.lil 10h
041196 E1          0294*       pop hl
041197 D1          0295*       pop de
041198 C9          0296*       ret
041199             0297*   
041199             0298*   ; u168_to_ascii: Converts an unsigned 16.8 fixed-point value in HL to an ASCII string.
041199             0299*   ; HL : Value to convert to string (integer part in H, fractional part in L)
041199             0300*   ; DE : Pointer to buffer, requires at least 11 bytes (8 digits, sign, decimal point, and null terminator)
041199             0301*   u168_to_ascii:
041199             0302*   ; add a leading space to make room for sign flag if needed
041199 3E 20       0303*       ld a,' '
04119B 12          0304*       ld (de),a
04119C 13          0305*       inc de
04119D             0306*   ; Convert integer part
04119D E5          0307*       push hl ; Save HL (we’ll need the fractional part later)
04119E             0308*       ; call hlu_udiv256 ; Shift to get integer portion in HL
04119E             0309*       SRL_UHL ; Shift to get integer portion in HL
                       M1 Args: none
04119E 3B          0001*M1     dec sp ; 1 cycle
04119F E5          0002*M1     push hl ; 4 cycles
0411A0 33          0003*M1     inc sp ; 1 cycle
0411A1 E1          0004*M1     pop hl ; 4 cycles
0411A2 23          0005*M1     inc hl ; 1 cycle
0411A3 52 2B       0006*M1     dec.s hl ; 2 cycles <-- the .s sets hlu to zero (undocumented)
0411A5             0007*M1     ; 13 cycles total
0411A5 01 F0 D8 FF 0310*       ld bc, -10000
0411A9 CD CC 11 04 0311*       call @one_int
0411AD 01 18 FC FF 0312*       ld bc, -1000
0411B1 CD CC 11 04 0313*       call @one_int
0411B5 01 9C FF FF 0314*       ld bc, -100
0411B9 CD CC 11 04 0315*       call @one_int
0411BD 0E F6       0316*       ld c, -10
0411BF CD CC 11 04 0317*       call @one_int
0411C3 48          0318*       ld c, b
0411C4 CD CC 11 04 0319*       call @one_int
0411C8 C3 D7 11 04 0320*       jp @frac ; Jump to fractional part conversion
0411CC             0321*   @one_int:
0411CC 3E 2F       0322*       ld a, '0' - 1 ; Start ASCII character at '0'
0411CE             0323*   @divide_me:
0411CE 3C          0324*       inc a
0411CF 09          0325*       add hl, bc ; Accumulate until overflow
0411D0 38 FC       0326*       jr c, @divide_me
0411D2 ED 42       0327*       sbc hl, bc ; Remove excess after overflow
0411D4 12          0328*       ld (de), a ; Store ASCII digit
0411D5 13          0329*       inc de
0411D6 C9          0330*       ret
0411D7             0331*   ; Convert fractional part
0411D7             0332*   @frac:
0411D7 3E 2E       0333*       ld a, '.' ; Decimal point
0411D9 12          0334*       ld (de), a
0411DA 13          0335*       inc de
0411DB E1          0336*       pop hl ; Restore HL with original fraction
0411DC 06 03       0337*       ld b, 3 ; Loop counter for 3 fractional digits
0411DE             0338*   @frac_loop:
0411DE 26 0A       0339*       ld h, 10 ; Load multiplier for fractional part
0411E0 ED 6C       0340*       mlt hl ; Multiply by 10, result in HL (H holds the integer part)
0411E2 3E 30       0341*       ld a, '0'
0411E4 84          0342*       add a, h ; Convert integer part to ASCII
0411E5 12          0343*       ld (de), a
0411E6 13          0344*       inc de
0411E7 10 F5       0345*       djnz @frac_loop ; Repeat for each fractional digit
0411E9             0346*   ; Add null terminator
0411E9 AF          0347*       xor a ; Null terminator
0411EA 12          0348*       ld (de), a
0411EB C9          0349*       ret
0411EC             0350*   
0411EC             0351*   print_u168:
0411EC D5          0352*       push de
0411ED E5          0353*       push hl
0411EE 11 B3 09 04 0354*       ld de,_printDecBuffer
0411F2 CD 99 11 04 0355*       call u168_to_ascii
0411F6 21 B3 09 04 0356*       ld hl,_printDecBuffer
0411FA CD 7C 09 04 0357*       call printString
0411FE E1          0358*       pop hl
0411FF D1          0359*       pop de
041200 C9          0360*       ret
041201             0361*   
041201             0362*   ; signed version of u168_to_ascii
041201             0363*   s168_to_ascii:
041201 D5          0364*       push de ; save starting address of buffer
041202 CD A3 13 04 0365*       call hlu_abs
041206 F5          0366*       push af ; save sign flag
041207 CD 99 11 04 0367*       call u168_to_ascii
04120B F1          0368*       pop af ; restore sign flag
04120C D1          0369*       pop de ; restore starting address of buffer
04120D F0          0370*       ret p ; hlu was positive so nothing to do
04120E 3E 2D       0371*       ld a,'-'
041210 12          0372*       ld (de),a
041211 C9          0373*       ret
041212             0374*   
041212             0375*   print_s168:
041212 D5          0376*       push de
041213 E5          0377*       push hl
041214 11 B3 09 04 0378*       ld de,_printDecBuffer
041218 CD 01 12 04 0379*       call s168_to_ascii
04121C 21 B3 09 04 0380*       ld hl,_printDecBuffer
041220 CD 7C 09 04 0381*       call printString
041224 E1          0382*       pop hl
041225 D1          0383*       pop de
041226 C9          0384*       ret
041227             0385*   
041227             0386*   print_s168_hl:
041227 F5          0387*       push af
041228 E5          0388*       push hl
041229 CD 12 12 04 0389*       call print_s168
04122D 3E 20       0390*       ld a,' '
04122F 5B D7       0391*       rst.lil 10h
041231 E1          0392*       pop hl
041232 F1          0393*       pop af
041233 C9          0394*       ret
041234             0395*   
041234             0396*   print_s168_bc:
041234 F5          0397*       push af
041235 C5          0398*       push bc
041236 E5          0399*       push hl
041237 C5          0400*       push bc
041238 E1          0401*       pop hl
041239 CD 12 12 04 0402*       call print_s168
04123D 3E 20       0403*       ld a,' '
04123F 5B D7       0404*       rst.lil 10h
041241 E1          0405*       pop hl
041242 C1          0406*       pop bc
041243 F1          0407*       pop af
041244 C9          0408*       ret
041245             0409*   
041245             0410*   print_s168_de:
041245 F5          0411*       push af
041246 D5          0412*       push de
041247 E5          0413*       push hl
041248 EB          0414*       ex de,hl
041249 CD 12 12 04 0415*       call print_s168
04124D 3E 20       0416*       ld a,' '
04124F 5B D7       0417*       rst.lil 10h
041251 E1          0418*       pop hl
041252 D1          0419*       pop de
041253 F1          0420*       pop af
041254 C9          0421*       ret
041255             0422*   
041255             0423*   print_s168_hl_bc_de:
041255 F5          0424*       push af
041256 C5          0425*       push bc
041257 D5          0426*       push de
041258 E5          0427*       push hl
041259 CD 12 12 04 0428*       call print_s168
04125D 3E 20       0429*       ld a,' '
04125F 5B D7       0430*       rst.lil 10h
041261 C5          0431*       push bc
041262 E1          0432*       pop hl
041263 CD 12 12 04 0433*       call print_s168
041267 3E 20       0434*       ld a,' '
041269 5B D7       0435*       rst.lil 10h
04126B EB          0436*       ex de,hl
04126C CD 12 12 04 0437*       call print_s168
041270 3E 20       0438*       ld a,' '
041272 5B D7       0439*       rst.lil 10h
041274 E1          0440*       pop hl
041275 D1          0441*       pop de
041276 C1          0442*       pop bc
041277 F1          0443*       pop af
041278 C9          0444*       ret
041279             0445*   
041279             0446*   print_s168_bc_de:
041279 F5          0447*       push af
04127A C5          0448*       push bc
04127B D5          0449*       push de
04127C C5          0450*       push bc
04127D E1          0451*       pop hl
04127E CD 12 12 04 0452*       call print_s168
041282 3E 20       0453*       ld a,' '
041284 5B D7       0454*       rst.lil 10h
041286 EB          0455*       ex de,hl
041287 CD 12 12 04 0456*       call print_s168
04128B 3E 20       0457*       ld a,' '
04128D 5B D7       0458*       rst.lil 10h
04128F E1          0459*       pop hl
041290 D1          0460*       pop de
041291 C1          0461*       pop bc
041292 F1          0462*       pop af
041293 C9          0463*       ret
041294             0464*   
041294             0465*   print_s168_a:
041294 F5          0466*       push af
041295 C5          0467*       push bc
041296 E5          0468*       push hl
041297 21 00 00 00 0469*       ld hl,0
04129B 6F          0470*       ld l,a
04129C CD 27 12 04 0471*       call print_s168_hl
0412A0 E1          0472*       pop hl
0412A1 C1          0473*       pop bc
0412A2 F1          0474*       pop af
0412A3 C9          0475*       ret
0412A4             0476*   
0412A4             0477*   ; #### new functions added by Brandon R. Gates ####
0412A4             0478*   
0412A4             0479*   ; print the binary representation of the 8-bit value in a
0412A4             0480*   ; destroys a, hl, bc
0412A4             0481*   printBin8:
0412A4 06 08       0482*       ld b,8 ; loop counter for 8 bits
0412A6 21 C1 12 04 0483*       ld hl,@cmd ; set hl to the low byte of the output string
0412AA             0484*       ; (which will be the high bit of the value in a)
0412AA             0485*   @loop:
0412AA 07          0486*       rlca ; put the next highest bit into carry
0412AB 38 04       0487*       jr c,@one
0412AD 36 30       0488*       ld (hl),'0'
0412AF 18 02       0489*       jr @next_bit
0412B1             0490*   @one:
0412B1 36 31       0491*       ld (hl),'1'
0412B3             0492*   @next_bit:
0412B3 23          0493*       inc hl
0412B4 10 F4       0494*       djnz @loop
0412B6             0495*   ; print it
0412B6 21 C1 12 04 0496*       ld hl,@cmd
0412BA 01 08 00 00 0497*       ld bc,@end-@cmd
0412BE 5B DF       0498*       rst.lil $18
0412C0 C9          0499*       ret
0412C1             0500*   @cmd: ds 8 ; eight bytes for eight bits
0412C9             0501*   @end:
0412C9             0502*   
0412C9             0503*   ; print the binary representation of the 8-bit value in a
0412C9             0504*   ; in reverse order (lsb first)
0412C9             0505*   ; destroys a, hl, bc
0412C9             0506*   printBin8Rev:
       FF FF FF FF 
       FF FF FF FF 
0412C9 06 08       0507*       ld b,8 ; loop counter for 8 bits
0412CB 21 E6 12 04 0508*       ld hl,@cmd ; set hl to the low byte of the output string
0412CF             0509*       ; (which will be the high bit of the value in a)
0412CF             0510*   @loop:
0412CF 0F          0511*       rrca ; put the next lowest bit into carry
0412D0 38 04       0512*       jr c,@one
0412D2 36 30       0513*       ld (hl),'0'
0412D4 18 02       0514*       jr @next_bit
0412D6             0515*   @one:
0412D6 36 31       0516*       ld (hl),'1'
0412D8             0517*   @next_bit:
0412D8 23          0518*       inc hl
0412D9 10 F4       0519*       djnz @loop
0412DB             0520*   ; print it
0412DB 21 E6 12 04 0521*       ld hl,@cmd
0412DF 01 08 00 00 0522*       ld bc,@end-@cmd
0412E3 5B DF       0523*       rst.lil $18
0412E5 C9          0524*       ret
0412E6             0525*   @cmd: ds 8 ; eight bytes for eight bits
0412EE             0526*   @end:
0412EE             0527*   
       FF FF FF FF 
       FF FF FF FF 
0412EE 20 61 66 3D 0528*   str_afu: db " af=",0
       00          
0412F3 20 68 6C 3D 0529*   str_hlu: db " hl=",0
       00          
0412F8 20 62 63 3D 0530*   str_bcu: db " bc=",0
       00          
0412FD 20 64 65 3D 0531*   str_deu: db " de=",0
       00          
041302 20 69 78 3D 0532*   str_ixu: db " ix=",0
       00          
041307 20 69 79 3D 0533*   str_iyu: db " iy=",0
       00          
04130C             0534*   
04130C             0535*   ; print udeuhl to screen in hexidecimal format
04130C             0536*   ; inputs: none
04130C             0537*   ; outputs: concatenated hexidecimal udeuhl
04130C             0538*   ; destroys: nothing
04130C             0539*   dumpUDEUHLHex:
04130C             0540*   ; store everything in scratch
04130C 22 6B 13 04 0541*       ld (uhl),hl
041310 ED 43 6E 13 0542*       ld (ubc),bc
       04          
041315 ED 53 71 13 0543*       ld (ude),de
       04          
04131A DD 22 74 13 0544*       ld (uix),ix
       04          
04131F FD 22 77 13 0545*       ld (uiy),iy
       04          
041324 F5          0546*       push af
041325             0547*   
041325             0548*   ; print each register
041325             0549*   
041325 21 5F 13 04 0550*       ld hl,str_udeuhl
041329 CD 7C 09 04 0551*       call printString
04132D 2A 71 13 04 0552*       ld hl,(ude)
041331 CD 7E 10 04 0553*       call printHex24
041335 3E 2E       0554*       ld a,'.' ; print a dot to separate the values
041337 5B D7       0555*       rst.lil 10h
041339 2A 6B 13 04 0556*       ld hl,(uhl)
04133D CD 7E 10 04 0557*       call printHex24
041341 CD 73 10 04 0558*       call printNewLine
041345             0559*   
041345             0560*   ; restore everything
041345 2A 6B 13 04 0561*       ld hl, (uhl)
041349 ED 4B 6E 13 0562*       ld bc, (ubc)
       04          
04134E ED 5B 71 13 0563*       ld de, (ude)
       04          
041353 DD 2A 74 13 0564*       ld ix, (uix)
       04          
041358 FD 2A 77 13 0565*       ld iy, (uiy)
       04          
04135D F1          0566*       pop af
04135E             0567*   ; all done
04135E C9          0568*       ret
04135F             0569*   
04135F 75 64 65 2E 0570*   str_udeuhl: db "ude.uhl=",0
       75 68 6C 3D 
       00          
041368             0571*   
041368             0572*   ; global scratch memory for registers
041368 00 00 00    0573*   uaf: dl 0
04136B 00 00 00    0574*   uhl: dl 0
04136E 00 00 00    0575*   ubc: dl 0
041371 00 00 00    0576*   ude: dl 0
041374 00 00 00    0577*   uix: dl 0
041377 00 00 00    0578*   uiy: dl 0
04137A 00 00 00    0579*   usp: dl 0
04137D 00 00 00    0580*   upc: dl 0
041380             0581*   
041380             0582*   
041380             0583*   ; set all the bits in the flag register
041380             0584*   ; more of an academic exercise than anything useful
041380             0585*   ; inputs; none
041380             0586*   ; outputs; a=0,f=255
041380             0587*   ; destroys: flags, hl
041380             0588*   ; preserves: a, because why not
041380             0589*   setAllFlags:
041380 21 FF 00 00 0590*       ld hl,255
041384 67          0591*       ld h,a ; four cycles to preserve a is cheap
041385 E5          0592*       push hl
041386 F1          0593*       pop af
041387 C9          0594*       ret
041388             0595*   
041388             0596*   ; reset all the bits in the flag register
041388             0597*   ; unlike its inverse counterpart, this may actually be useful
041388             0598*   ; inputs; none
041388             0599*   ; outputs; a=0,f=0
041388             0600*   ; destroys: flags, hl
041388             0601*   ; preserves: a, because why not
041388             0602*   resetAllFlags:
041388 21 00 00 00 0603*       ld hl,0
04138C 67          0604*       ld h,a ; four cycles to preserve a is cheap
04138D E5          0605*       push hl
04138E F1          0606*       pop af
04138F C9          0607*       ret
041390             0608*   
041390             0609*   ; wait until user presses a key
041390             0610*   ; inputs: none
041390             0611*   ; outputs: ascii code of key pressed in a
041390             0612*   ; destroys: af,ix
041390             0613*   waitKeypress:
041390             0614*       MOSCALL mos_getkey
                       M1 Args: function=mos_getkey 
041390 3E 00       0001*M1 			LD	A, function
041392 5B CF       0002*M1 			RST.LIL	08h
041394 C9          0615*       ret
041395             0616*   
041395             0617*   ; clear a block of memory by writing a prescribed value to each byte in the range
041395             0618*   ; inputs: a = value to write, hl = address of first byte, bc = number of bytes
041395             0619*   ; outputs: memory block is cleared
041395             0620*   ; destroys: hl, bc, de
041395             0621*   clear_mem:
041395 0B          0622*       dec bc ; we do this because we will increment de before writing the first byte
041396 77          0623*       ld (hl),a
041397 E5          0624*       push hl
041398 D1          0625*       pop de
041399 13          0626*       inc de ; target address
04139A ED B0       0627*       ldir
04139C C9          0628*       ret
04139D             0038        include "maths.inc"  ; retained dependency of functions.inc
04139D             0001*   ;------------------------------------------------------------------------
04139D             0002*   ; Scratch area for calculations
04139D             0003*   ;------------------------------------------------------------------------
04139D 00 00 00    0004*   scratch1: dw24 0 ;bit manipulation buffer 1
0413A0 00 00 00    0005*   scratch2: dw24 0 ;bit manipulation buffer 2
0413A3             0006*   
0413A3             0007*   ; absolute value of hlu
0413A3             0008*   ; returns: abs(hlu), flags set according to the incoming sign of hlu:
0413A3             0009*   ;         s1,z0,pv0,n1,c0 if hlu was negative
0413A3             0010*   ;         s0,z1,pv0,n1,c0 if hlu was zero
0413A3             0011*   ;         s0,z0,pv0,n1,c0 if hlu was positive
0413A3             0012*   ; destroys: a
0413A3             0013*   hlu_abs:
0413A3 19          0014*       add hl,de
0413A4 B7          0015*       or a
0413A5 ED 52       0016*       sbc hl,de
0413A7 FA AC 13 04 0017*       jp m,@is_neg
0413AB C9          0018*       ret ; hlu is positive or zero so we're done
0413AC             0019*   @is_neg:
0413AC F5          0020*       push af ; otherwise, save current flags for return
0413AD CD B3 13 04 0021*       call neg_hlu ; negate hlu
0413B1 F1          0022*       pop af ; get back flags
0413B2 C9          0023*       ret
0413B3             0024*   
0413B3             0025*   ; flip the sign of hlu
0413B3             0026*   ; inputs: hlu
0413B3             0027*   ; returns: 0-hlu, flags set appropriately for the result:
0413B3             0028*   ;         s1,z0,pv0,n1,c1 if result is negative
0413B3             0029*   ;         s0,z1,pv0,n1,c0 if result is zero
0413B3             0030*   ;         s0,z0,pv0,n1,c1 if result is positive
0413B3             0031*   ; destroys a
0413B3             0032*   neg_hlu:
0413B3 D5          0033*       push de ; save de
0413B4 EB          0034*       ex de,hl ; put hl into de
0413B5 21 00 00 00 0035*       ld hl,0 ; clear hl
0413B9 AF          0036*       xor a ; clear carry
0413BA ED 52       0037*       sbc hl,de ; 0-hlu = -hlu
0413BC D1          0038*       pop de ; get de back
0413BD C9          0039*       ret ; easy peasy
0413BE             0040*   
0413BE             0041*   ;------------------------------------------------------------------------
0413BE             0042*   ; divide hlu by 2, inspired by above
0413BE             0043*   ;------------------------------------------------------------------------
0413BE             0044*   hlu_div2:
0413BE 22 9D 13 04 0045*       ld (scratch1),hl
0413C2 21 9F 13 04 0046*       ld hl,scratch1+2
0413C6 CB 1E       0047*       rr (hl)
0413C8 2B          0048*       dec hl
0413C9 CB 1E       0049*       rr (hl)
0413CB 2B          0050*       dec hl
0413CC CB 1E       0051*       rr (hl)
0413CE 23          0052*       inc hl
0413CF 23          0053*       inc hl
0413D0 2A 9D 13 04 0054*       ld hl,(scratch1)
0413D4 C9          0055*       ret
0413D5             0056*   
0413D5             0057*   ; this is my little hack to divide by 16
0413D5             0058*   hlu_div16:
0413D5 AF          0059*       xor a
0413D6 29          0060*       add hl,hl
0413D7 17          0061*       rla
0413D8 29          0062*       add hl,hl
0413D9 17          0063*       rla
0413DA 29          0064*       add hl,hl
0413DB 17          0065*       rla
0413DC 29          0066*       add hl,hl
0413DD 17          0067*       rla
0413DE 22 EB 13 04 0068*       ld (@scratch),hl
0413E2 32 EE 13 04 0069*       ld (@scratch+3),a
0413E6 2A EC 13 04 0070*       ld hl,(@scratch+1)
0413EA C9          0071*       ret
0413EB             0072*   @scratch: ds 4
0413EF             0073*   
0413EF             0074*   ; hlu signed division by 256
0413EF             0075*   ; returns: hlu / 256
0413EF             0076*   ; destroys: af
0413EF             0077*   hlu_sdiv256:
       FF FF FF FF 
0413EF AF          0078*       xor a ; assume hl is positive
0413F0 22 06 14 04 0079*       ld (@buffer),hl
0413F4             0080*       SIGN_UHL
                       M1 Args: none
0413F4 19          0001*M1     add hl,de ; 1 cycle
0413F5 B7          0002*M1     or a ; clear flags ; 1 cycle
0413F6 ED 52       0003*M1     sbc hl,de ; 2 cycles
0413F8             0004*M1     ; 4 cycles total
0413F8 F2 FD 13 04 0081*       jp p,@hl_pos
0413FC 3D          0082*       dec a
0413FD             0083*   @hl_pos:
0413FD 32 09 14 04 0084*       ld (@buffer+3),a
041401 2A 07 14 04 0085*       ld hl,(@buffer+1)
041405 C9          0086*       ret
041406             0087*   @buffer: ds 4
04140A             0088*   
04140A             0089*   ; hlu 1 byte right shift, unsigned
04140A             0090*   ; returns: hlu / 256, fractional portion in a
04140A             0091*   ; destroys: af
04140A             0092*   hlu_udiv256:
       FF FF FF FF 
04140A AF          0093*       xor a
04140B 32 1C 14 04 0094*       ld (@buffer+3),a
04140F 7D          0095*       ld a,l ; save the fractional portion
041410 22 19 14 04 0096*       ld (@buffer),hl
041414 2A 1A 14 04 0097*       ld hl,(@buffer+1)
041418 C9          0098*       ret
041419             0099*   @buffer: ds 4
04141D             0100*   
04141D             0101*   ; Not needed by the AGNB test harness. Retained as comments from AgonVideo.
04141D             0102*   ; ; floor(value,n)
04141D             0103*   ; ; inputs: hl = value to floor, de = n
04141D             0104*   ; ; outputs: hl = value floored to n
04141D             0105*   ; ; destroys: af, hl, bc, de
04141D             0106*   ; hlu_floor:
04141D             0107*   ;     push de ; save n
04141D             0108*   ;     call udiv24 ; de = quotient, hl = remainder
04141D             0109*   ;     pop hl ; get n back (was de)
04141D             0110*   ;     call umul24 ; hl = n * quotient
04141D             0111*   ;     ret
04141D             0112*   ; ; end hlu_floor
04141D             0113*   
04141D             0114*   ; Not needed by the AGNB test harness. Retained as comments from AgonVideo.
04141D             0115*   ; ; ceil(value,n)
04141D             0116*   ; ; inputs: hl = value to ceil, de = n
04141D             0117*   ; ; outputs: hl = value ceiled to n
04141D             0118*   ; ; destroys: af, hl, bc, de
04141D             0119*   ; hlu_ceiling:
04141D             0120*   ;     push de ; save n
04141D             0121*   ;     call udiv24 ; de = quotient, hl = remainder
04141D             0122*   ;     SIGN_UHL ; test remaider for zero
04141D             0123*   ;     jp z,@F ; if zero, nothing to add
04141D             0124*   ;     inc de ; add 1 to quotient for the ceiling
04141D             0125*   ; @@:
04141D             0126*   ;     pop hl ; get n back (was de)
04141D             0127*   ;     call umul24 ; hl = n * quotient
04141D             0128*   ;     ret
04141D             0129*   ; ; end hlu_ceiling
04141D             0130*   
       FF FF FF FF 
04141D C9          0131*       ret
04141E             0132*   
04141E 00 00 00 00 0133*   add_bcd_arg1: db #00,#00,#00,#00
041422 00 00 00 00 0134*   add_bcd_arg2: db #00,#00,#00,#00
041426             0135*   
041426             0136*   ; set bcd values in a scratch memory address from registers bcde
041426             0137*   ; input: hl; scratch address,bcde; 8-place bcd number
041426             0138*   ; destroys ; hl
041426             0139*   set_bcd:
041426 73          0140*       ld (hl),e
041427 23          0141*       inc hl
041428 72          0142*       ld (hl),d
041429 23          0143*       inc hl
04142A 71          0144*       ld (hl),c
04142B 23          0145*       inc hl
04142C 70          0146*       ld (hl),b
04142D C9          0147*       ret
04142E             0148*   
04142E             0149*   ; load bcd values from a scratch memory address to bcde
04142E             0150*   ; input: hl; scratch address
04142E             0151*   ; output: bcde; 8-place bcd number
04142E             0152*   ; destroys: hl
04142E             0153*   get_bcd:
04142E 5E          0154*       ld e,(hl)
04142F 23          0155*       inc hl
041430 56          0156*       ld d,(hl)
041431 23          0157*       inc hl
041432 4E          0158*       ld c,(hl)
041433 23          0159*       inc hl
041434 46          0160*       ld b,(hl)
041435 C9          0161*       ret
041436             0162*   
041436             0163*   ; BCD addition
041436             0164*   ; inputs: (hl) and (de) point to BCD numbers of equal length (divisible by 2)
041436             0165*   ;       a is the number of bytes holding each number (number of places/2)
041436             0166*   ; outputs: (hl) + (de) --> (hl)
041436             0167*   ; destroys: a,b,de,hl
041436             0168*   add_bcd:
041436 47          0169*       ld b,a ; loop counter
041437 AF          0170*       xor a ; reset a, clear carry flag
041438             0171*   adcec:
041438 1A          0172*       ld a,(de) ; addend to acc
041439 8E          0173*       adc a,(hl) ; add (hl) to acc
04143A 27          0174*       daa ; adjust result to bcd
04143B 77          0175*       ld (hl),a ; store result
04143C 23          0176*       inc hl ; advance memory pointers
04143D 13          0177*       inc de
04143E 10 F8       0178*       djnz adcec ; loop until b == 0
041440 C9          0179*       ret
041441             0180*   
041441             0181*   ; BCD subtraction
041441             0182*   ; inputs: (hl) and (de) point to BCD numbers of equal length (divisible by 2)
041441             0183*   ;       a is the number of bytes holding each number (number of places/2)
041441             0184*   ; outputs: (hl) - (de) --> (hl)
041441             0185*   ; destroys: a,b,de,hl
041441             0186*   sub_bcd:
041441 47          0187*       ld b,a ; loop counter
041442 AF          0188*       xor a ; reset a,clear carry flag
041443             0189*   subdec:
041443 1A          0190*       ld a,(de) ; subtrahend to acc
041444 9E          0191*       sbc a,(hl) ; subtract (hl) from acc
041445 27          0192*       daa ; adjust result to bcd
041446 77          0193*       ld (hl),a ; store result
041447 23          0194*       inc hl ; advance memory pointers
041448 13          0195*       inc de
041449 10 F8       0196*       djnz subdec ; loop until b == 0
04144B C9          0197*       ret
04144C             0198*   
04144C             0199*   ; http://www.z80.info/pseudo-random.txt
04144C             0200*   rand_8:
04144C C5          0201*       push bc
04144D 3A 60 14 04 0202*       ld a,(r_seed)
041451 4F          0203*       ld c,a
041452             0204*   
041452 0F          0205*       rrca ; multiply by 32
041453 0F          0206*       rrca
041454 0F          0207*       rrca
041455 EE 1F       0208*       xor 0x1f
041457             0209*   
041457 81          0210*       add a,c
041458 DE FF       0211*       sbc a,255 ; carry
04145A             0212*   
04145A 32 60 14 04 0213*       ld (r_seed),a
04145E C1          0214*       pop bc
04145F C9          0215*       ret
041460 50          0216*   r_seed: defb $50
041461             0217*   
041461             0218*   ; https://www.omnimaga.org/asm-language/ez80-optimized-routines/msg399325/#msg399325
041461             0219*   prng24:
041461             0220*   ;;Expects ADL mode.
041461             0221*   ;;Output: HL
041461             0222*   ;;50cc
041461             0223*   ;;33 bytes
041461             0224*   ;;cycle length: 281,474,959,933,440 (about 2.8 trillion)
041461 ED 5B 82 14 0225*       ld de,(seed1)
       04          
041466 B7          0226*       or a
041467 ED 62       0227*       sbc hl,hl
041469 19          0228*       add hl,de
04146A 29          0229*       add hl,hl
04146B 29          0230*       add hl,hl
04146C 2C          0231*       inc l
04146D 19          0232*       add hl,de
04146E 22 82 14 04 0233*       ld (seed1),hl
041472 2A 85 14 04 0234*       ld hl,(seed2)
041476 29          0235*       add hl,hl
041477 9F          0236*       sbc a,a
041478 E6 1B       0237*       and %00011011
04147A AD          0238*       xor l
04147B 6F          0239*       ld l,a
04147C 22 85 14 04 0240*       ld (seed2),hl
041480 19          0241*       add hl,de
041481 C9          0242*       ret
041482 00 00 00    0243*   seed1: dl 0
041485 00 00 00    0244*   seed2: dl 0
041488             0245*   
041488             0246*   
041488             0247*   ; https://map.grauw.nl/sources/external/z80bits.html#2.1
041488             0248*   ; h / l -> h, remain a
041488             0249*   ; 2.1 Restoring 8-bit / 8-bit Unsigned
041488             0250*   ; Input: H = Dividend, L = Divisor, A = 0
041488             0251*   ; Output: H = Quotient, A = Remainder, L = Divisor (unchanged)
041488             0252*   udiv8:
041488 AF          0253*       xor a
041489 06 08       0254*       ld b,8
04148B             0255*   @loop:
04148B CB 24       0256*       sla h
04148D 17          0257*       rla
04148E BD          0258*       cp l
04148F 38 02       0259*       jr c,$+4
041491 95          0260*       sub l
041492 24          0261*       inc h
041493 10 F6       0262*       djnz @loop
041495 C9          0263*       ret
041496             0264*   
041496             0265*   ; https://www.omnimaga.org/asm-language/(z80)-32-bit-by-16-bits-division-and-32-bit-square-root/msg406903/#msg406903
041496             0266*   ; This divides HLIX by BC
041496             0267*   ; The result is stored in HLIX, the remainder in DE
041496             0268*   ; BC is unmodified
041496             0269*   ; A is 0
041496             0270*   udiv3216:
041496 11 00 00 00 0271*       ld de,0		; 10
04149A 3E 20       0272*       ld a,32		; 7
04149C             0273*   @loop:
04149C 52 DD 29    0274*       add.s ix,ix		; 15
04149F 52 ED 6A    0275*       adc.s hl,hl		; 15
0414A2 EB          0276*       ex de,hl		; 4
0414A3 52 ED 6A    0277*       adc.s hl,hl		; 15
0414A6 B7          0278*       or a			; 4
0414A7 52 ED 42    0279*       sbc.s hl,bc		; 15
0414AA 52 DD 23    0280*       inc.s ix		; 10
0414AD 30 05       0281*       jr nc,@cansub		; 12/7
0414AF 52 09       0282*       add.s hl,bc		; 11
0414B1 52 DD 2B    0283*       dec.s ix		; 10
0414B4             0284*   @cansub:
0414B4 EB          0285*       ex de,hl		; 4
0414B5 3D          0286*       dec a		; 4
0414B6 20 E4       0287*       jr nz,@loop	; 12/7
0414B8 C9          0288*       ret			; 10
0414B9             0289*   ; end udiv3216
0414B9             0290*   
0414B9             0291*   ; https://discord.com/channels/1158535358624039014/1282290921815408681/1329274504022720512
0414B9             0292*   ; calc84maniac's 32-bit by 23-bit division routine
0414B9             0293*   ; This divides AUIX by UDE (maximum 23 bits)
0414B9             0294*   ; The result is stored in AUIX, the remainder in UHL
0414B9             0295*   ; UDE, C are unmodified
0414B9             0296*   ; B is 0
0414B9             0297*   udiv3223:
0414B9 B7          0298*       or a,a         ; 1
0414BA ED 62       0299*       sbc hl,hl      ; 2
0414BC 06 20       0300*       ld b,32        ; 2
0414BE             0301*   @loop:
0414BE DD 29       0302*       add ix,ix      ; 2
0414C0 8F          0303*       adc a,a        ; 1
0414C1 ED 6A       0304*       adc hl,hl      ; 2
0414C3 ED 52       0305*       sbc hl,de      ; 2
0414C5 DD 23       0306*       inc ix         ; 2
0414C7 30 03       0307*       jr nc,@cansub  ; 2/4
0414C9 19          0308*       add hl,de      ; 1
0414CA DD 2B       0309*       dec ix         ; 2
0414CC             0310*   @cansub:
0414CC 10 F0       0311*       djnz @loop     ; 2/4
0414CE C9          0312*       ret            ; 10
0414CF             0313*   ; end udiv3223
0414CF             0314*   
0414CF             0315*   ; calc84maniac https://discord.com/channels/1158535358624039014/1282290921815408681/1330991583369101322
0414CF             0316*   ; add uhl to signed integer a
0414CF             0317*   add_uhl_a_signed:
0414CF D5          0318*       push de    ; 4 cycles
0414D0 EB          0319*       ex de, hl  ; 1 cycle  UDE = UHL
0414D1 07          0320*       rlca       ; 1 cycle  CF = signbit(A)
0414D2 ED 62       0321*       sbc hl, hl ; 2 cycles UHL = -signbit(A)
0414D4 0F          0322*       rrca       ; 1 cycle  Restore A
0414D5 6F          0323*       ld l, a    ; 1 cycle  UHL = signext(A)
0414D6 19          0324*       add hl, de ; 1 cycle  UHL = UDE + signext(A)
0414D7 D1          0325*       pop de     ; 4 cycles
0414D8             0326*                  ; 15 cycles total
0414D8 C9          0327*       ret
0414D9             0328*   ; end hlu_add_a_signed
0414D9             0329*   
0414D9             0330*   ;------------------------------------------------------------------------
0414D9             0331*   ; umul24: HL = HL * DE (unsigned, low 24 bits)
0414D9             0332*   ; Preserves AF, BC, DE
0414D9             0333*   ; Copyright (c) Shawn Sijnstra 2024, MIT license
0414D9             0334*   ; Imported from AgonVideo/src/asm/arith24.inc.
0414D9             0335*   ;------------------------------------------------------------------------
0414D9             0336*   umul24:
0414D9 D5          0337*       push de
0414DA C5          0338*       push bc
0414DB F5          0339*       push af
0414DC E5          0340*       push hl
0414DD C1          0341*       pop bc
0414DE 3E 18       0342*       ld a,24
0414E0 21 00 00 00 0343*       ld hl,0
0414E4             0344*   @loop:
0414E4 29          0345*       add hl,hl
0414E5 EB          0346*       ex de,hl
0414E6 29          0347*       add hl,hl
0414E7 EB          0348*       ex de,hl
0414E8 30 01       0349*       jr nc,@no_add
0414EA 09          0350*       add hl,bc
0414EB             0351*   @no_add:
0414EB 3D          0352*       dec a
0414EC 20 F6       0353*       jr nz,@loop
0414EE F1          0354*       pop af
0414EF C1          0355*       pop bc
0414F0 D1          0356*       pop de
0414F1 C9          0357*       ret
0414F2             0039    
0414F2             0040    init:
0414F2             0041    ; No application initialization is required yet. Screen, input, timer, and
0414F2             0042    ; slideshow setup belonged to the image test application and was removed.
0414F2 C9          0043        ret
0414F3             0044    
0414F3             0045    main:
0414F3             0046    ; Load, finalize, and interactively play every audio record in sfx.agnb.
0414F3 CD 14 07 04 0047        call agnb_load_audio
0414F7 C9          0048        ret
