PC     Output      Line
040000             0001        .assume adl=1
040000             0002        .org 0x040000
040000             0003    
040000 C3 45 00 04 0004        jp start
040004             0005    
040004             0006        .align 64
       FF FF FF FF 
       FF FF FF FF 
       FF FF FF FF 
       FF FF FF FF 
       FF FF FF FF 
       FF FF FF FF 
       FF FF FF FF 
       FF FF FF FF 
       FF FF FF FF 
       FF FF FF FF 
       FF FF FF FF 
       FF FF FF FF 
       FF FF FF FF 
       FF FF FF FF 
       FF FF FF FF 
040040 4D 4F 53    0007        .db "MOS"
040043 00          0008        .db 00h
040044 01          0009        .db 01h
040045             0010    
040045             0011    start:
040045 F5          0012        push af
040046 C5          0013        push bc
040047 D5          0014        push de
040048 DD E5       0015        push ix
04004A FD E5       0016        push iy
04004C             0017    
04004C             0018        ; jp temp
04004C CD F8 26 04 0019        call init
040050 CD 2A 27 04 0020        call main
040054             0021    
040054             0022    exit:
040054 FD E1       0023        pop iy
040056 DD E1       0024        pop ix
040058 D1          0025        pop de
040059 C1          0026        pop bc
04005A F1          0027        pop af
04005B 21 00 00 00 0028        ld hl,0
04005F             0029    
04005F C9          0030        ret
040060             0031    
040060             0032        include "mos_api.inc"
040060             0001*   ; https://github.com/envenomator/Agon/blob/master/ez80asm%20examples%20(annotated)/mos_api.inc
040060             0002*   ;
040060             0003*   ; Title:	AGON MOS - API for user projects
040060             0004*   ; Author:	Dean Belfield
040060             0005*   ;			Adapted for agon-ez80asm by Jeroen Venema
040060             0006*   ;			Added MOS error codes for return in HL
040060             0007*   ; Created:	03/08/2022
040060             0008*   ; Last Updated:	10/08/2023
040060             0009*   ;
040060             0010*   ; Modinfo:
040060             0011*   ; 05/08/2022:	Added mos_feof
040060             0012*   ; 09/08/2022:	Added system variables: cursorX, cursorY
040060             0013*   ; 18/08/2022:	Added system variables: scrchar, scrpixel, audioChannel, audioSuccess, vpd_pflags
040060             0014*   ; 05/09/2022:	Added mos_ren, vdp_pflag_mode
040060             0015*   ; 24/09/2022:	Added mos_getError, mos_mkdir
040060             0016*   ; 13/10/2022:	Added mos_oscli
040060             0017*   ; 23/02/2023:	Added more sysvars, fixed typo in sysvar_audioSuccess, offsets for sysvar_scrCols, sysvar_scrRows
040060             0018*   ; 04/03/2023:	Added sysvar_scrpixelIndex
040060             0019*   ; 08/03/2023:	Renamed sysvar_keycode to sysvar_keyascii, added sysvar_vkeycode
040060             0020*   ; 15/03/2023:	Added mos_copy, mos_getrtc, mos_setrtc, rtc, vdp_pflag_rtc
040060             0021*   ; 21/03/2023:	Added mos_setintvector, sysvars for keyboard status, vdu codes for vdp
040060             0022*   ; 22/03/2023:	The VDP commands are now indexed from 0x80
040060             0023*   ; 29/03/2023:	Added mos_uopen, mos_uclose, mos_ugetc, mos_uputc
040060             0024*   ; 13/04/2023:	Added FatFS file structures (FFOBJID, FIL, DIR, FILINFO)
040060             0025*   ; 15/04/2023:	Added mos_getfil, mos_fread, mos_fwrite and mos_flseek
040060             0026*   ; 19/05/2023:	Added sysvar_scrMode
040060             0027*   ; 05/06/2023:	Added sysvar_rtcEnable
040060             0028*   ; 03/08/2023:	Added mos_setkbvector
040060             0029*   ; 10/08/2023:	Added mos_getkbmap
040060             0030*   
040060             0031*   ; VDP control (VDU 23, 0, n)
040060             0032*   ;
040060             0033*   vdp_gp:				EQU 80h
040060             0034*   vdp_keycode:		EQU 81h
040060             0035*   vdp_cursor:			EQU	82h
040060             0036*   vdp_scrchar:		EQU	83h
040060             0037*   vdp_scrpixel:		EQU	84h
040060             0038*   vdp_audio:			EQU	85h
040060             0039*   vdp_mode:			EQU	86h
040060             0040*   vdp_rtc:			EQU	87h
040060             0041*   vdp_keystate:		EQU	88h
040060             0042*   vdp_logicalcoords:	EQU	C0h
040060             0043*   vdp_terminalmode:	EQU	FFh
040060             0044*   
040060             0045*   ;
040060             0046*   ; Macro for calling the API
040060             0047*   ; Parameters:
040060             0048*   ; - function: One of the function numbers listed below
040060             0049*   ;
040060             0050*   	MACRO	MOSCALL	function
040060             0051*   			LD	A, function
040060             0052*   			RST.LIL	08h
040060             0053*   	ENDMACRO
040060             0054*   
040060             0055*   ;
040060             0056*   ; Same as above but keeps IY safe on FFS calls
040060             0057*   ; (can be use for regular MOS calls as well)
040060             0058*   ;
040060             0059*   	MACRO	FFSCALL	function
040060             0060*   			PUSH IY
040060             0061*   			LD	A, function
040060             0062*   			RST.LIL	08h
040060             0063*   			POP IY
040060             0064*   	ENDMACRO
040060             0065*   
040060             0066*   ; MOS high level functions
040060             0067*   ;
040060             0068*   ; Get keycode
040060             0069*   ; Returns:
040060             0070*   ;  A: ASCII code of key pressed, or 0 if no key pressed
040060             0071*   mos_getkey:			EQU	00h
040060             0072*   
040060             0073*   ; Load an area of memory from a file.
040060             0074*   ; HLU: Address of filename (zero terminated)
040060             0075*   ; DEU: Address at which to load
040060             0076*   ; BCU: Maximum allowed size (bytes)
040060             0077*   ; Returns:
040060             0078*   ; - A: File error, or 0 if OK
040060             0079*   ; - F: Carry reset indicates no room for file.
040060             0080*   mos_load:			EQU	01h
040060             0081*   
040060             0082*   ; Save a file to the SD card from RAM
040060             0083*   ; HLU: Address of filename (zero terminated)
040060             0084*   ; DEU: Address to save from
040060             0085*   ; BCU: Number of bytes to save
040060             0086*   ; Returns:
040060             0087*   ; - A: File error, or 0 if OK
040060             0088*   ; - F: Carry reset indicates no room for file
040060             0089*   mos_save:			EQU	02h
040060             0090*   
040060             0091*   ; Change directory
040060             0092*   ; HLU: Address of path (zero terminated)
040060             0093*   ; Returns:
040060             0094*   ; - A: File error, or 0 if OK
040060             0095*   mos_cd:				EQU	03h
040060             0096*   
040060             0097*   ; Directory listing
040060             0098*   ; HLU: Address of path (zero terminated)
040060             0099*   ; Returns:
040060             0100*   ; - A: File error, or 0 if OK
040060             0101*   mos_dir:			EQU	04h
040060             0102*   
040060             0103*   ; Delete a file from the SD card
040060             0104*   ; HLU: Address of filename (zero terminated)
040060             0105*   ; Returns:
040060             0106*   ; - A: File error, or 0 if OK
040060             0107*   mos_del:			EQU	05h
040060             0108*   
040060             0109*   ; Rename a file on the SD card
040060             0110*   ; HLU: Address of filename1 (zero terminated)
040060             0111*   ; DEU: Address of filename2 (zero terminated)
040060             0112*   ; Returns:
040060             0113*   ; - A: File error, or 0 if OK
040060             0114*   mos_ren:			EQU	06h
040060             0115*   
040060             0116*   ; Make a folder on the SD card
040060             0117*   ; HLU: Address of filename (zero terminated)
040060             0118*   ; Returns:
040060             0119*   ; - A: File error, or 0 if OK
040060             0120*   mos_mkdir:			EQU	07h
040060             0121*   
040060             0122*   ; Get a pointer to a system variable
040060             0123*   ; Returns:
040060             0124*   ; IXU: Pointer to system variables (see mos_api.asm for more details)
040060             0125*   mos_sysvars:		EQU	08h
040060             0126*   
040060             0127*   ; Invoke the line editor
040060             0128*   ; HLU: Address of the buffer
040060             0129*   ; BCU: Buffer length
040060             0130*   ;   E: 0 to not clear buffer, 1 to clear
040060             0131*   ; Returns:
040060             0132*   ;   A: Key that was used to exit the input loop (CR=13, ESC=27)
040060             0133*   mos_editline:		EQU	09h
040060             0134*   
040060             0135*   ; Open a file
040060             0136*   ; HLU: Filename
040060             0137*   ;   C: Mode
040060             0138*   ; Returns:
040060             0139*   ;   A: Filehandle, or 0 if couldn't open
040060             0140*   mos_fopen:			EQU	0Ah
040060             0141*   
040060             0142*   ; Close a file
040060             0143*   ;   C: Filehandle
040060             0144*   ; Returns
040060             0145*   ;   A: Number of files still open
040060             0146*   mos_fclose:			EQU	0Bh
040060             0147*   
040060             0148*   ; Get a character from a file
040060             0149*   ;   C: Filehandle
040060             0150*   ; Returns:
040060             0151*   ;   A: Character read
040060             0152*   ;   F: C set if last character in file, otherwise NC
040060             0153*   mos_fgetc:			EQU	0Ch
040060             0154*   
040060             0155*   ; Write a character to a file
040060             0156*   ;   C: Filehandle
040060             0157*   ;   B: Character to write
040060             0158*   mos_fputc:			EQU	0Dh
040060             0159*   
040060             0160*   ; Check whether we're at the end of the file
040060             0161*   ;   C: Filehandle
040060             0162*   ; Returns:
040060             0163*   ;   A: 1 if at end of file, otherwise 0
040060             0164*   mos_feof:			EQU	0Eh
040060             0165*   
040060             0166*   ; Copy an error message
040060             0167*   ;   E: The error code
040060             0168*   ; HLU: Address of buffer to copy message into
040060             0169*   ; BCU: Size of buffer
040060             0170*   mos_getError:		EQU	0Fh
040060             0171*   
040060             0172*   ; Execute a MOS command
040060             0173*   ; HLU: Pointer the the MOS command string
040060             0174*   ; DEU: Pointer to additional command structure
040060             0175*   ; BCU: Number of additional commands
040060             0176*   ; Returns:
040060             0177*   ;   A: MOS error code
040060             0178*   mos_oscli:			EQU	10h
040060             0179*   
040060             0180*   ; Copy a file on the SD card
040060             0181*   ; HLU: Address of filename1 (zero terminated)
040060             0182*   ; DEU: Address of filename2 (zero terminated)
040060             0183*   ; Returns:
040060             0184*   ; - A: File error, or 0 if OK
040060             0185*   mos_copy:			EQU	11h
040060             0186*   
040060             0187*   ; Fetch a RTC string
040060             0188*   ; HLU: Pointer to a buffer to copy the string to
040060             0189*   ; Returns:
040060             0190*   ;   A: Length of time
040060             0191*   mos_getrtc:			EQU	12h
040060             0192*   
040060             0193*   ; Set the RTC
040060             0194*   ; HLU: Pointer to a buffer with the time data in
040060             0195*   mos_setrtc:			EQU	13h
040060             0196*   
040060             0197*   ; Set an interrupt vector
040060             0198*   ; HLU: Pointer to the interrupt vector (24-bit pointer)
040060             0199*   ;   E: Vector # to set
040060             0200*   ; Returns:
040060             0201*   ; HLU: Pointer to the previous vector
040060             0202*   mos_setintvector:	EQU	14h
040060             0203*   
040060             0204*   ; Open UART1
040060             0205*   ; IXU: Pointer to UART struct
040060             0206*   ;	+0: Baud rate (24-bit, little endian)
040060             0207*   ;	+3: Data bits
040060             0208*   ;	+4: Stop bits
040060             0209*   ;	+5: Parity bits
040060             0210*   ;	+6: Flow control (0: None, 1: Hardware)
040060             0211*   ;	+7: Enabled interrupts
040060             0212*   ; Returns:
040060             0213*   ;   A: Error code (0 = no error)
040060             0214*   mos_uopen:			EQU	15h
040060             0215*   
040060             0216*   ; Close UART1
040060             0217*   mos_uclose:			EQU	16h
040060             0218*   
040060             0219*   ; Get a character from UART1
040060             0220*   ; Returns:
040060             0221*   ;   A: Character read
040060             0222*   ;   F: C if successful
040060             0223*   ;   F: NC if the UART is not open
040060             0224*   mos_ugetc:			EQU	17h
040060             0225*   
040060             0226*   ; Write a character to UART1
040060             0227*   ;   C: Character to write
040060             0228*   ; Returns:
040060             0229*   ;   F: C if successful
040060             0230*   ;   F: NC if the UART is not open
040060             0231*   mos_uputc:			EQU	18h
040060             0232*   
040060             0233*   ; Convert a file handle to a FIL structure pointer
040060             0234*   ;   C: Filehandle
040060             0235*   ; Returns:
040060             0236*   ; HLU: Pointer to a FIL struct
040060             0237*   mos_getfil:			EQU	19h
040060             0238*   
040060             0239*   ; Read a block of data from a file
040060             0240*   ;   C: Filehandle
040060             0241*   ; HLU: Pointer to where to write the data to
040060             0242*   ; DEU: Number of bytes to read
040060             0243*   ; Returns:
040060             0244*   ; DEU: Number of bytes read
040060             0245*   mos_fread:			EQU	1Ah
040060             0246*   
040060             0247*   ; Write a block of data to a file
040060             0248*   ;  C: Filehandle
040060             0249*   ; HLU: Pointer to where the data is
040060             0250*   ; DEU: Number of bytes to write
040060             0251*   ; Returns:
040060             0252*   ; DEU: Number of bytes read
040060             0253*   mos_fwrite:			EQU	1Bh
040060             0254*   
040060             0255*   ; Move the read/write pointer in a file
040060             0256*   ;   C: Filehandle
040060             0257*   ; HLU: Least significant 3 bytes of the offset from the start of the file (DWORD)
040060             0258*   ;   E: Most significant byte of the offset
040060             0259*   ; Returns:
040060             0260*   ;   A: FRESULT
040060             0261*   mos_flseek:			EQU	1Ch
040060             0262*   
040060             0263*   ; Move the read/write pointer in a file relative to the current position
040060             0264*   ;   C: Filehandle
040060             0265*   ; DEU: Signed 24-bit offset
040060             0266*   ; Returns:
040060             0267*   ;   A: FRESULT
040060             0268*   mos_api_flseek_rel:
040060 C5          0269*   	push bc ; back up file handle in c
040061 D5          0270*   	push de ; save offset
040062             0271*   	MOSCALL mos_getfil
                       M1 Args: function=mos_getfil 
040062 3E 19       0001*M1 			LD	A, function
040064 5B CF       0002*M1 			RST.LIL	08h
040066 E5          0272*   	push hl
040067 FD E1       0273*   	pop iy ; iy points to FIL struct
040069 FD 27 11    0274*   	ld hl,(iy+fil_fptr) ; get lowest 3 bytes of current position
04006C AF          0275*   	xor a ; clear carry
04006D D1          0276*   	pop de ; restore offset
04006E ED 5A       0277*   	adc hl,de ; adc the offset because we need sign flag
040070 F2 78 00 04 0278*   	jp p,@not_neg
040074 21 00 00 00 0279*   	ld hl,0 ; seek to beginning of file
040078             0280*   @not_neg:
040078 C1          0281*   	pop bc ; restore file handle to c
040079 1E 00       0282*   	ld e,0 ; highest byte of offset
04007B             0283*   	MOSCALL mos_flseek
                       M1 Args: function=mos_flseek 
04007B 3E 1C       0001*M1 			LD	A, function
04007D 5B CF       0002*M1 			RST.LIL	08h
04007F C9          0284*   	ret
040080             0285*   
040080             0286*   ; Set a VDP keyboard packet receiver callback
040080             0287*   ;   C: If non-zero then set the top byte of HLU(callback address)  to MB (for ADL=0 callers)
040080             0288*   ; HLU: Pointer to callback
040080             0289*   mos_setkbvector:	EQU	1Dh
040080             0290*   
040080             0291*   ; Get the address of the keyboard map
040080             0292*   ; Returns:
040080             0293*   ; IXU: Base address of the keymap
040080             0294*   mos_getkbmap:		EQU	1Eh
040080             0295*   
040080             0296*   ; MOS program exit codes
040080             0297*   ;
040080             0298*   EXIT_OK:				EQU  0;	"OK",
040080             0299*   EXIT_ERROR_SD_ACCESS:	EQU	 1;	"Error accessing SD card",
040080             0300*   EXIT_ERROR_ASSERTION:	EQU  2;	"Assertion failed",
040080             0301*   EXIT_SD_CARDFAILURE:	EQU  3;	"SD card failure",
040080             0302*   EXIT_FILENOTFOUND:		EQU  4;	"Could not find file",
040080             0303*   EXIT_PATHNOTFOUND:		EQU  5;	"Could not find path",
040080             0304*   EXIT_INVALIDPATHNAME:	EQU  6;	"Invalid path name",
040080             0305*   EXIT_ACCESSDENIED_FULL:	EQU  7;	"Access denied or directory full",
040080             0306*   EXIT_ACCESSDENIED:		EQU  8;	"Access denied",
040080             0307*   EXIT_INVALIDOBJECT:		EQU  9;	"Invalid file/directory object",
040080             0308*   EXIT_SD_WRITEPROTECTED:	EQU 10;	"SD card is write protected",
040080             0309*   EXIT_INVALIDDRIVENUMBER:EQU 11;	"Logical drive number is invalid",
040080             0310*   EXIT_NOVOLUMEWORKAREA:	EQU 12;	"Volume has no work area",
040080             0311*   EXIT_NOVALIDFATVOLUME:	EQU 13;	"No valid FAT volume",
040080             0312*   EXIT_ERRORMKFS:			EQU 14;	"Error occurred during mkfs",
040080             0313*   EXIT_VOLUMETIMEOUT:		EQU 15;	"Volume timeout",
040080             0314*   EXIT_VOLUMELOCKED:		EQU 16;	"Volume locked",
040080             0315*   EXIT_LFNALLOCATION:		EQU 17;	"LFN working buffer could not be allocated",
040080             0316*   EXIT_MAXOPENFILES:		EQU 18;	"Too many open files",
040080             0317*   EXIT_INVALIDPARAMETER:	EQU 19;	"Invalid parameter",
040080             0318*   EXIT_INVALIDCOMMAND:	EQU 20;	"Invalid command",
040080             0319*   EXIT_INVALIDEXECUTABLE:	EQU 21;	"Invalid executable",
040080             0320*   
040080             0321*   ; FatFS file access functions
040080             0322*   ;
040080             0323*   ; Open a file
040080             0324*   ; HLU: Pointer to a blank FIL struct
040080             0325*   ; DEU: Pointer to the filename (0 terminated)
040080             0326*   ;   C: File mode
040080             0327*   ; Returns:
040080             0328*   ;   A: FRESULT
040080             0329*   ffs_fopen:			EQU	80h
040080             0330*   
040080             0331*   ; Close a file
040080             0332*   ; HLU: Pointer to a blank FIL struct
040080             0333*   ; Returns:
040080             0334*   ;   A: FRESULT
040080             0335*   ffs_fclose:			EQU	81h
040080             0336*   
040080             0337*   ; Read data from a file
040080             0338*   ; HLU: Pointer to a FIL struct
040080             0339*   ; DEU: Pointer to where to write the file out
040080             0340*   ; BCU: Number of bytes to read
040080             0341*   ; Returns:
040080             0342*   ;   A: FRESULT
040080             0343*   ; BCU: Number of bytes read
040080             0344*   ffs_fread:			EQU	82h
040080             0345*   
040080             0346*   ; Write data to a file
040080             0347*   ; HLU: Pointer to a FIL struct
040080             0348*   ; DEU: Pointer to the data to write out
040080             0349*   ; BCU: Number of bytes to write
040080             0350*   ; Returns:
040080             0351*   ;   A: FRESULT
040080             0352*   ; BCU: Number of bytes written
040080             0353*   ffs_fwrite:			EQU	83h
040080             0354*   
040080             0355*   ; Move the read/write pointer in a file
040080             0356*   ; HLU: Pointer to a FIL struct
040080             0357*   ; DEU: Least significant 3 bytes of the offset from the start of the file (DWORD)
040080             0358*   ;   C: Most significant byte of the offset
040080             0359*   ; Returns:
040080             0360*   ;   A: FRESULT
040080             0361*   ffs_flseek:			EQU	84h
040080             0362*   
040080             0363*   ; not implemented
040080             0364*   ffs_ftruncate:		EQU	85h
040080             0365*   
040080             0366*   ; not implemented
040080             0367*   ffs_fsync:			EQU	86h
040080             0368*   
040080             0369*   ; not implemented
040080             0370*   ffs_fforward:		EQU	87h
040080             0371*   
040080             0372*   ; not implemented
040080             0373*   ffs_fexpand:		EQU	88h
040080             0374*   
040080             0375*   ; not implemented
040080             0376*   ffs_fgets:			EQU	89h
040080             0377*   
040080             0378*   ; not implemented
040080             0379*   ffs_fputc:			EQU	8Ah
040080             0380*   
040080             0381*   ; not implemented
040080             0382*   ffs_fputs:			EQU	8Bh
040080             0383*   
040080             0384*   ; not implemented
040080             0385*   ffs_fprintf:		EQU	8Ch
040080             0386*   
040080             0387*   ; not implemented
040080             0388*   ffs_ftell:			EQU	8Dh
040080             0389*   
040080             0390*   ; Check for EOF
040080             0391*   ; HLU: Pointer to a FILINFO struct
040080             0392*   ; Returns:
040080             0393*   ;   A: 1 if end of file, otherwise 0
040080             0394*   ffs_feof:			EQU	8Eh
040080             0395*   
040080             0396*   ; not implemented
040080             0397*   ffs_fsize:			EQU	8Fh
040080             0398*   
040080             0399*   ; not implemented
040080             0400*   ffs_ferror:			EQU	90h
040080             0401*   
040080             0402*   ; FatFS directory access functions
040080             0403*   ;
040080             0404*   ; Open a directory
040080             0405*   ; HLU: Pointer to a blank DIR struct
040080             0406*   ; DEU: Pointer to the directory path
040080             0407*   ; Returns:
040080             0408*   ; A: FRESULT
040080             0409*   ffs_dopen:			EQU	91h
040080             0410*   
040080             0411*   ; Close a directory
040080             0412*   ; HLU: Pointer to an open DIR struct
040080             0413*   ; Returns:
040080             0414*   ; A: FRESULT
040080             0415*   ffs_dclose:			EQU	92h
040080             0416*   
040080             0417*   ; Read the next FILINFO from an open DIR
040080             0418*   ; HLU: Pointer to an open DIR struct
040080             0419*   ; DEU: Pointer to an empty FILINFO struct
040080             0420*   ; Returns:
040080             0421*   ; A: FRESULT
040080             0422*   ffs_dread:			EQU	93h
040080             0423*   
040080             0424*   ; not implemented
040080             0425*   ffs_dfindfirst:		EQU	94h
040080             0426*   
040080             0427*   ; not implemented
040080             0428*   ffs_dfindnext:		EQU	95h
040080             0429*   
040080             0430*   ; FatFS file and directory management functions
040080             0431*   ;
040080             0432*   ; Check file exists
040080             0433*   ; HLU: Pointer to a FILINFO struct
040080             0434*   ; DEU: Pointer to the filename (0 terminated)
040080             0435*   ; Returns:
040080             0436*   ;   A: FRESULT
040080             0437*   ffs_stat:			EQU	96h
040080             0438*   
040080             0439*   ; not implemented
040080             0440*   ffs_unlink:			EQU	97h
040080             0441*   
040080             0442*   ; not implemented
040080             0443*   ffs_rename:			EQU	98h
040080             0444*   
040080             0445*   ; not implemented
040080             0446*   ffs_chmod:			EQU	99h
040080             0447*   
040080             0448*   ; not implemented
040080             0449*   ffs_utime:			EQU	9Ah
040080             0450*   
040080             0451*   ; not implemented
040080             0452*   ffs_mkdir:			EQU	9Bh
040080             0453*   
040080             0454*   ; not implemented
040080             0455*   ffs_chdir:			EQU	9Ch
040080             0456*   
040080             0457*   ; not implemented
040080             0458*   ffs_chdrive:		EQU	9Dh
040080             0459*   
040080             0460*   ; Copy the current directory (string) into buffer (hl)
040080             0461*   ; HLU: Pointer to a buffer
040080             0462*   ; BCU: Maximum length of buffer
040080             0463*   ; Returns:
040080             0464*   ; A: FRESULT
040080             0465*   ffs_getcwd:			EQU	9Eh
040080             0466*   
040080             0467*   ; FatFS volume management and system configuration functions
040080             0468*   ;
040080             0469*   ; not implemented
040080             0470*   ffs_mount:			EQU	9Fh
040080             0471*   
040080             0472*   ; not implemented
040080             0473*   ffs_mkfs:			EQU	A0h
040080             0474*   
040080             0475*   ; not implemented
040080             0476*   ffs_fdisk:			EQU	A1h
040080             0477*   
040080             0478*   ; not implemented
040080             0479*   ffs_getfree:		EQU	A2h
040080             0480*   
040080             0481*   ; not implemented
040080             0482*   ffs_getlabel:		EQU	A3h
040080             0483*   
040080             0484*   ; not implemented
040080             0485*   ffs_setlabel:		EQU	A4h
040080             0486*   
040080             0487*   ; not implemented
040080             0488*   ffs_setcp:			EQU	A5h
040080             0489*   
040080             0490*   ; File access modes
040080             0491*   ;
040080             0492*   fa_read:			EQU	01h
040080             0493*   fa_write:			EQU	02h
040080             0494*   fa_open_existing:	EQU	00h
040080             0495*   fa_create_new:		EQU	04h
040080             0496*   fa_create_always:	EQU	08h
040080             0497*   fa_open_always:		EQU	10h
040080             0498*   fa_open_append:		EQU	30h
040080             0499*   
040080             0500*   ; System variable indexes for api_sysvars
040080             0501*   ; Index into _sysvars in globals.asm
040080             0502*   ;
040080             0503*   sysvar_time:			EQU	00h	; 4: Clock timer in centiseconds (incremented by 2 every VBLANK)
040080             0504*   sysvar_vpd_pflags:		EQU	04h	; 1: Flags to indicate completion of VDP commands
040080             0505*   sysvar_keyascii:		EQU	05h	; 1: ASCII keycode, or 0 if no key is pressed
040080             0506*   sysvar_keymods:			EQU	06h	; 1: Keycode modifiers
040080             0507*   sysvar_cursorX:			EQU	07h	; 1: Cursor X position
040080             0508*   sysvar_cursorY:			EQU	08h	; 1: Cursor Y position
040080             0509*   sysvar_scrchar:			EQU	09h	; 1: Character read from screen
040080             0510*   sysvar_scrpixel:		EQU	0Ah	; 3: Pixel data read from screen (R,B,G)
040080             0511*   sysvar_audioChannel:	EQU	0Dh	; 1: Audio channel
040080             0512*   sysvar_audioSuccess:	EQU	0Eh	; 1: Audio channel note queued (0 = no, 1 = yes)
040080             0513*   sysvar_scrWidth:		EQU	0Fh	; 2: Screen width in pixels
040080             0514*   sysvar_scrHeight:		EQU	11h	; 2: Screen height in pixels
040080             0515*   sysvar_scrCols:			EQU	13h	; 1: Screen columns in characters
040080             0516*   sysvar_scrRows:			EQU	14h	; 1: Screen rows in characters
040080             0517*   sysvar_scrColours:		EQU	15h	; 1: Number of colours displayed
040080             0518*   sysvar_scrpixelIndex:	EQU	16h	; 1: Index of pixel data read from screen
040080             0519*   sysvar_vkeycode:		EQU	17h	; 1: Virtual key code from FabGL
040080             0520*   sysvar_vkeydown:		EQU	18h	; 1: Virtual key state from FabGL (0=up, 1=down)
040080             0521*   sysvar_vkeycount:		EQU	19h	; 1: Incremented every time a key packet is received
040080             0522*   sysvar_rtc:				EQU	1Ah	; 6: Real time clock data
040080             0523*   sysvar_spare:			EQU	20h	; 2: Spare, previously used by rtc
040080             0524*   sysvar_keydelay:		EQU	22h	; 2: Keyboard repeat delay
040080             0525*   sysvar_keyrate:			EQU	24h	; 2: Keyboard repeat reat
040080             0526*   sysvar_keyled:			EQU	26h	; 1: Keyboard LED status
040080             0527*   sysvar_scrMode:			EQU	27h	; 1: Screen mode
040080             0528*   sysvar_rtcEnable:		EQU	28h	; 1: RTC enable flag (0: disabled, 1: use ESP32 RTC)
040080             0529*   
040080             0530*   ; Flags for the VPD protocol
040080             0531*   ;
040080             0532*   vdp_pflag_cursor:		EQU	00000001b
040080             0533*   vdp_pflag_scrchar:		EQU	00000010b
040080             0534*   vdp_pflag_point:		EQU	00000100b
040080             0535*   vdp_pflag_audio:		EQU	00001000b
040080             0536*   vdp_pflag_mode:			EQU	00010000b
040080             0537*   vdp_pflag_rtc:			EQU	00100000b
040080             0538*   
040080             0539*   ;
040080             0540*   ; FatFS structures
040080             0541*   ; These mirror the structures contained in src_fatfs/ff.h in the MOS project
040080             0542*   ;
040080             0543*   ; Object ID and allocation information (FFOBJID)
040080             0544*   ;
040080             0545*   ; Indexes into FFOBJID structure
040080             0546*   ffobjid_fs:			EQU	0	; 3: Pointer to the hosting volume of this object
040080             0547*   ffobjid_id:			EQU	3	; 2: Hosting volume mount ID
040080             0548*   ffobjid_attr:		EQU	5	; 1: Object attribute
040080             0549*   ffobjid_stat:		EQU	6	; 1: Object chain status (b1-0: =0:not contiguous, =2:contiguous, =3:fragmented in this session, b2:sub-directory stretched)
040080             0550*   ffobjid_sclust:		EQU	7	; 4: Object data start cluster (0:no cluster or root directory)
040080             0551*   ffobjid_objsize:	EQU	11	; 4: Object size (valid when sclust != 0)
040080             0552*   ;
040080             0553*   ; File object structure (FIL)
040080             0554*   ;
040080             0555*   ; Indexes into FIL structure
040080             0556*   fil_obj:		EQU 0	; 15: Object identifier
040080             0557*   fil_flag:		EQU	15 	;  1: File status flags
040080             0558*   fil_err:		EQU	16	;  1: Abort flag (error code)
040080             0559*   fil_fptr:		EQU	17	;  4: File read/write pointer (Zeroed on file open)
040080             0560*   fil_clust:		EQU	21	;  4: Current cluster of fpter (invalid when fptr is 0)
040080             0561*   fil_sect:		EQU	25	;  4: Sector number appearing in buf[] (0:invalid)
040080             0562*   fil_dir_sect:	EQU	29	;  4: Sector number containing the directory entry
040080             0563*   fil_dir_ptr:	EQU	33	;  3: Pointer to the directory entry in the win[]
040080             0564*   ;
040080             0565*   ; Directory object structure (DIR)
040080             0566*   ; Indexes into DIR structure
040080             0567*   dir_obj:		EQU  0	; 15: Object identifier
040080             0568*   dir_dptr:		EQU	15	;  4: Current read/write offset
040080             0569*   dir_clust:		EQU	19	;  4: Current cluster
040080             0570*   dir_sect:		EQU	23	;  4: Current sector (0:Read operation has terminated)
040080             0571*   dir_dir:		EQU	27	;  3: Pointer to the directory item in the win[]
040080             0572*   dir_fn:			EQU	30	; 12: SFN (in/out) {body[8],ext[3],status[1]}
040080             0573*   dir_blk_ofs:	EQU	42	;  4: Offset of current entry block being processed (0xFFFFFFFF:Invalid)
040080             0574*   ;
040080             0575*   ; File information structure (FILINFO)
040080             0576*   ;
040080             0577*   ; Indexes into FILINFO structure
040080             0578*   filinfo_fsize:		EQU 0	;   4: File size
040080             0579*   filinfo_fdate:		EQU	4	;   2: Modified date
040080             0580*   filinfo_ftime:		EQU	6	;   2: Modified time
040080             0581*   filinfo_fattrib:	EQU	8	;   1: File attribute
040080             0582*   filinfo_altname:	EQU	9	;  13: Alternative file name
040080             0583*   filinfo_fname:		EQU	22	; 256: Primary file name
040080             0033        include "input.inc"
040080 00          0001*   dithering_type: db 0x00 ; 0=none, 1=bayer ordered matrix, 2=floyd-steinberg
040081 00 01 00    0002*   current_image_id: dl 256 ; buffer_id of the current image
040084 00 00 00    0003*   current_image_index: dl 0 ; index of the current image
040087             0004*   
040087             0005*   keyboard_masks: ds 16 ; 16 bytes for the keyboard masks
040097             0006*   
040097             0007*   ; check system virtual keyboard map for keys down and or them with local keyboard masks
040097             0008*   ; inputs: none
040097             0009*   ; outputs: none
040097             0010*   ; clobbers: a, b, ix, iy
040097             0011*   set_keys:
040097             0012*       MOSCALL mos_getkbmap ; ix points to the virtual keyboard map
                       M1 Args: function=mos_getkbmap 
       FF FF FF FF 
       FF FF FF FF 
       FF FF FF FF 
       FF FF FF FF 
040097 3E 1E       0001*M1 			LD	A, function
040099 5B CF       0002*M1 			RST.LIL	08h
04009B FD 21 87 00 0013*       ld iy,keyboard_masks
       04          
0400A0 06 10       0014*       ld b,16 ; loop counter
0400A2             0015*   @loop:
0400A2 DD 7E 00    0016*       ld a,(ix)
0400A5 FD B6 00    0017*       or (iy)
0400A8 FD 77 00    0018*       ld (iy),a
0400AB DD 23       0019*       inc ix
0400AD FD 23       0020*       inc iy
0400AF 10 F1       0021*       djnz @loop
0400B1 C9          0022*       ret
0400B2             0023*   
0400B2             0024*   ; reset the local keyboard masks to zero
0400B2             0025*   ; inputs: none
0400B2             0026*   ; outputs: none
0400B2             0027*   ; clobbers: a, b, iy
0400B2             0028*   reset_keys:
0400B2 FD 21 87 00 0029*       ld iy,keyboard_masks
       04          
0400B7 AF          0030*       xor a
0400B8 06 10       0031*       ld b,16 ; loop counter
0400BA             0032*   @loop:
0400BA FD 77 00    0033*       ld (iy),a
0400BD FD 23       0034*       inc iy
0400BF 10 F9       0035*       djnz @loop
0400C1 C9          0036*       ret
0400C2             0037*   
0400C2             0038*   ; ============ KEYBOARD INPUT ============
0400C2             0039*   do_input:
0400C2             0040*   ; get user keyboard input
0400C2 DD 21 87 00 0041*       ld ix,keyboard_masks
       04          
0400C7 3E FF       0042*       ld a,-1 ; anything non-zero to indicates no key pressed
0400C9             0043*   
0400C9             0044*   ; ------ QUIT ------
0400C9             0045*   ; 113 Escape
0400C9 DD CB 0E 46 0046*       bit 0,(ix+14)
0400CD C2 B6 27 04 0047*   	jp nz,main_end
0400D1             0048*   
0400D1             0049*   ; ------ RENDERING OPTIONS ------
0400D1             0050*   ; ; 99 Space cycle through dithering types
0400D1             0051*   ;     bit 2,(ix+12)
0400D1             0052*   ;     call nz,cycle_dithering
0400D1             0053*   ;     xor a
0400D1             0054*   
0400D1             0055*   ; 26 Left
0400D1 DD CB 03 4E 0056*       bit 1,(ix+3)
0400D5 CA E5 00 04 0057*       jp z,@Left
0400D9 ED 5B 84 00 0058*       ld de,(current_image_index)
       04          
0400DE 1B          0059*       dec de
0400DF ED 53 84 00 0060*       ld (current_image_index),de
       04          
0400E4 AF          0061*       xor a
0400E5             0062*   @Left:
0400E5             0063*   
0400E5             0064*   ; 122 Right
0400E5 DD CB 0F 4E 0065*       bit 1,(ix+15)
0400E9 CA F9 00 04 0066*       jp z,@Right
0400ED ED 5B 84 00 0067*       ld de,(current_image_index)
       04          
0400F2 13          0068*       inc de
0400F3 ED 53 84 00 0069*       ld (current_image_index),de
       04          
0400F8 AF          0070*       xor a
0400F9             0071*   @Right:
0400F9             0072*   ; check keypress flag and branch accordingly
0400F9 A7          0073*       and a
0400FA CA 4A 27 04 0074*       jp z,rendbmp
0400FE             0075*   
0400FE             0076*   ; check slideshow timer and branch accordingly
0400FE CD 3A 01 04 0077*       call tmr_slideshow_get
040102 F2 AA 27 04 0078*       jp p,no_move
040106 CD 22 01 04 0079*       call tmr_slideshow_set
04010A ED 5B 84 00 0080*       ld de,(current_image_index)
       04          
04010F 13          0081*       inc de
040110 ED 53 84 00 0082*       ld (current_image_index),de
       04          
040115 C3 4A 27 04 0083*       jp rendbmp
040119             0084*   
040119             0085*   ; slideshow timer routines
040119             0086*   tmr_slideshow: ds 6 ; buffer to hold slideshow timer
       FF FF FF FF 
       FF FF 
04011F 01 00 00    0087*   tmr_slideshow_reset: dl 1; 1*120
040122             0088*   
040122             0089*   ; set a countdown timer for the slideshow using the timestamp timer
040122             0090*   ; returns: hl = current time
040122             0091*   ; destroys: af,hl,de,ix,iy
040122             0092*   tmr_slideshow_set:
040122 FD 21 19 01 0093*       ld iy,tmr_slideshow
       04          
040127 2A 1F 01 04 0094*       ld hl,(tmr_slideshow_reset)
04012B FD 2F 03    0095*       ld (iy+3),hl ; set time remaining
04012E CD 46 24 04 0096*       call timestamp_tick
040132 2A 3D 24 04 0097*       ld hl,(timestamp_now)   ; get current timestamp
040136 FD 2F 00    0098*       ld (iy+0),hl ; set start time
040139 C9          0099*       ret
04013A             0100*   
04013A             0101*   ; gets time remaining on the slideshow countdown timer following the global timestamp
04013A             0102*   ; returns: hl pos = time remaining in 1/120ths of a second,hl neg = time past expiration
04013A             0103*   ;          sign flags: pos = time not expired,zero or neg = time expired
04013A             0104*   ; destroys: af,hl,de,ix,iy
04013A             0105*   tmr_slideshow_get:
04013A CD 46 24 04 0106*       call timestamp_tick
04013E FD 21 19 01 0107*       ld iy,tmr_slideshow
       04          
040143 CD 6E 24 04 0108*       call timestamp_tmr_get
040147 C9          0109*       ret
040148             0034        include "images.inc"
040148             0001*   ; Generated by do_assembly.py
040148             0002*   
040148             0003*   image_type: equ 0
040148             0004*   image_width: equ image_type+3
040148             0005*   image_height: equ image_width+3
040148             0006*   image_filesize: equ image_height+3
040148             0007*   image_filename: equ image_filesize+3
040148             0008*   image_record_size: equ image_filename+3
040148             0009*   
040148             0010*   num_images: equ 249
040148             0011*   
040148             0012*   ; bufferIds:
040148             0013*   buf_10_000: equ 256
040148             0014*   buf_10_001: equ 257
040148             0015*   buf_10_002: equ 258
040148             0016*   buf_10_007: equ 259
040148             0017*   buf_10_012: equ 260
040148             0018*   buf_10_013: equ 261
040148             0019*   buf_10_014: equ 262
040148             0020*   buf_10_015: equ 263
040148             0021*   buf_10_016: equ 264
040148             0022*   buf_10_017: equ 265
040148             0023*   buf_10_018: equ 266
040148             0024*   buf_10_019: equ 267
040148             0025*   buf_10_023: equ 268
040148             0026*   buf_10_027: equ 269
040148             0027*   buf_10_028: equ 270
040148             0028*   buf_10_029: equ 271
040148             0029*   buf_10_030: equ 272
040148             0030*   buf_10_031: equ 273
040148             0031*   buf_10_032: equ 274
040148             0032*   buf_10_035: equ 275
040148             0033*   buf_10_038: equ 276
040148             0034*   buf_10_039: equ 277
040148             0035*   buf_10_040: equ 278
040148             0036*   buf_10_041: equ 279
040148             0037*   buf_10_043: equ 280
040148             0038*   buf_10_045: equ 281
040148             0039*   buf_10_046: equ 282
040148             0040*   buf_10_047: equ 283
040148             0041*   buf_11_000: equ 284
040148             0042*   buf_11_001: equ 285
040148             0043*   buf_11_002: equ 286
040148             0044*   buf_11_007: equ 287
040148             0045*   buf_11_012: equ 288
040148             0046*   buf_11_013: equ 289
040148             0047*   buf_11_014: equ 290
040148             0048*   buf_11_015: equ 291
040148             0049*   buf_11_016: equ 292
040148             0050*   buf_11_017: equ 293
040148             0051*   buf_11_018: equ 294
040148             0052*   buf_11_019: equ 295
040148             0053*   buf_11_023: equ 296
040148             0054*   buf_11_027: equ 297
040148             0055*   buf_11_028: equ 298
040148             0056*   buf_11_029: equ 299
040148             0057*   buf_11_030: equ 300
040148             0058*   buf_11_031: equ 301
040148             0059*   buf_11_032: equ 302
040148             0060*   buf_11_035: equ 303
040148             0061*   buf_11_038: equ 304
040148             0062*   buf_11_039: equ 305
040148             0063*   buf_11_040: equ 306
040148             0064*   buf_11_041: equ 307
040148             0065*   buf_11_043: equ 308
040148             0066*   buf_11_045: equ 309
040148             0067*   buf_11_046: equ 310
040148             0068*   buf_11_047: equ 311
040148             0069*   buf_12_000: equ 312
040148             0070*   buf_12_001: equ 313
040148             0071*   buf_12_002: equ 314
040148             0072*   buf_12_007: equ 315
040148             0073*   buf_12_012: equ 316
040148             0074*   buf_12_013: equ 317
040148             0075*   buf_12_014: equ 318
040148             0076*   buf_12_015: equ 319
040148             0077*   buf_12_016: equ 320
040148             0078*   buf_12_017: equ 321
040148             0079*   buf_12_018: equ 322
040148             0080*   buf_12_019: equ 323
040148             0081*   buf_12_023: equ 324
040148             0082*   buf_12_027: equ 325
040148             0083*   buf_12_028: equ 326
040148             0084*   buf_12_029: equ 327
040148             0085*   buf_12_030: equ 328
040148             0086*   buf_12_031: equ 329
040148             0087*   buf_12_032: equ 330
040148             0088*   buf_12_035: equ 331
040148             0089*   buf_12_038: equ 332
040148             0090*   buf_12_039: equ 333
040148             0091*   buf_12_040: equ 334
040148             0092*   buf_12_041: equ 335
040148             0093*   buf_12_043: equ 336
040148             0094*   buf_12_045: equ 337
040148             0095*   buf_12_046: equ 338
040148             0096*   buf_12_047: equ 339
040148             0097*   buf_13_000: equ 340
040148             0098*   buf_13_001: equ 341
040148             0099*   buf_13_002: equ 342
040148             0100*   buf_13_007: equ 343
040148             0101*   buf_13_012: equ 344
040148             0102*   buf_13_013: equ 345
040148             0103*   buf_13_014: equ 346
040148             0104*   buf_13_015: equ 347
040148             0105*   buf_13_016: equ 348
040148             0106*   buf_13_017: equ 349
040148             0107*   buf_13_018: equ 350
040148             0108*   buf_13_019: equ 351
040148             0109*   buf_13_023: equ 352
040148             0110*   buf_13_027: equ 353
040148             0111*   buf_13_028: equ 354
040148             0112*   buf_13_029: equ 355
040148             0113*   buf_13_030: equ 356
040148             0114*   buf_13_031: equ 357
040148             0115*   buf_13_032: equ 358
040148             0116*   buf_13_035: equ 359
040148             0117*   buf_13_038: equ 360
040148             0118*   buf_13_039: equ 361
040148             0119*   buf_13_040: equ 362
040148             0120*   buf_13_041: equ 363
040148             0121*   buf_13_043: equ 364
040148             0122*   buf_13_045: equ 365
040148             0123*   buf_13_046: equ 366
040148             0124*   buf_13_047: equ 367
040148             0125*   buf_14_000: equ 368
040148             0126*   buf_14_001: equ 369
040148             0127*   buf_14_002: equ 370
040148             0128*   buf_14_007: equ 371
040148             0129*   buf_14_012: equ 372
040148             0130*   buf_14_013: equ 373
040148             0131*   buf_14_014: equ 374
040148             0132*   buf_14_015: equ 375
040148             0133*   buf_14_016: equ 376
040148             0134*   buf_14_017: equ 377
040148             0135*   buf_14_018: equ 378
040148             0136*   buf_14_019: equ 379
040148             0137*   buf_14_023: equ 380
040148             0138*   buf_14_027: equ 381
040148             0139*   buf_14_028: equ 382
040148             0140*   buf_14_029: equ 383
040148             0141*   buf_14_030: equ 384
040148             0142*   buf_14_031: equ 385
040148             0143*   buf_14_032: equ 386
040148             0144*   buf_14_035: equ 387
040148             0145*   buf_14_038: equ 388
040148             0146*   buf_14_039: equ 389
040148             0147*   buf_14_040: equ 390
040148             0148*   buf_14_041: equ 391
040148             0149*   buf_14_043: equ 392
040148             0150*   buf_14_045: equ 393
040148             0151*   buf_14_046: equ 394
040148             0152*   buf_14_047: equ 395
040148             0153*   buf_15_000: equ 396
040148             0154*   buf_15_001: equ 397
040148             0155*   buf_15_002: equ 398
040148             0156*   buf_15_007: equ 399
040148             0157*   buf_15_012: equ 400
040148             0158*   buf_15_013: equ 401
040148             0159*   buf_15_014: equ 402
040148             0160*   buf_15_015: equ 403
040148             0161*   buf_15_016: equ 404
040148             0162*   buf_15_017: equ 405
040148             0163*   buf_15_018: equ 406
040148             0164*   buf_15_019: equ 407
040148             0165*   buf_15_023: equ 408
040148             0166*   buf_15_027: equ 409
040148             0167*   buf_15_028: equ 410
040148             0168*   buf_15_029: equ 411
040148             0169*   buf_15_030: equ 412
040148             0170*   buf_15_031: equ 413
040148             0171*   buf_15_032: equ 414
040148             0172*   buf_15_035: equ 415
040148             0173*   buf_15_038: equ 416
040148             0174*   buf_15_039: equ 417
040148             0175*   buf_15_040: equ 418
040148             0176*   buf_15_041: equ 419
040148             0177*   buf_15_043: equ 420
040148             0178*   buf_15_045: equ 421
040148             0179*   buf_15_046: equ 422
040148             0180*   buf_15_047: equ 423
040148             0181*   buf_16_000: equ 424
040148             0182*   buf_16_001: equ 425
040148             0183*   buf_16_002: equ 426
040148             0184*   buf_16_007: equ 427
040148             0185*   buf_16_012: equ 428
040148             0186*   buf_16_013: equ 429
040148             0187*   buf_16_014: equ 430
040148             0188*   buf_16_015: equ 431
040148             0189*   buf_16_016: equ 432
040148             0190*   buf_16_017: equ 433
040148             0191*   buf_16_018: equ 434
040148             0192*   buf_16_019: equ 435
040148             0193*   buf_16_023: equ 436
040148             0194*   buf_16_027: equ 437
040148             0195*   buf_16_028: equ 438
040148             0196*   buf_16_029: equ 439
040148             0197*   buf_16_030: equ 440
040148             0198*   buf_16_031: equ 441
040148             0199*   buf_16_032: equ 442
040148             0200*   buf_16_035: equ 443
040148             0201*   buf_16_038: equ 444
040148             0202*   buf_16_039: equ 445
040148             0203*   buf_16_040: equ 446
040148             0204*   buf_16_041: equ 447
040148             0205*   buf_16_043: equ 448
040148             0206*   buf_16_045: equ 449
040148             0207*   buf_16_046: equ 450
040148             0208*   buf_16_047: equ 451
040148             0209*   buf_17_000: equ 452
040148             0210*   buf_17_001: equ 453
040148             0211*   buf_17_002: equ 454
040148             0212*   buf_17_007: equ 455
040148             0213*   buf_17_012: equ 456
040148             0214*   buf_17_013: equ 457
040148             0215*   buf_17_014: equ 458
040148             0216*   buf_17_015: equ 459
040148             0217*   buf_17_016: equ 460
040148             0218*   buf_17_017: equ 461
040148             0219*   buf_17_018: equ 462
040148             0220*   buf_17_019: equ 463
040148             0221*   buf_17_023: equ 464
040148             0222*   buf_17_027: equ 465
040148             0223*   buf_17_028: equ 466
040148             0224*   buf_17_029: equ 467
040148             0225*   buf_17_030: equ 468
040148             0226*   buf_17_031: equ 469
040148             0227*   buf_17_032: equ 470
040148             0228*   buf_17_035: equ 471
040148             0229*   buf_17_038: equ 472
040148             0230*   buf_17_039: equ 473
040148             0231*   buf_17_040: equ 474
040148             0232*   buf_17_041: equ 475
040148             0233*   buf_17_043: equ 476
040148             0234*   buf_17_045: equ 477
040148             0235*   buf_17_046: equ 478
040148             0236*   buf_17_047: equ 479
040148             0237*   buf_20_007: equ 480
040148             0238*   buf_20_023: equ 481
040148             0239*   buf_20_035: equ 482
040148             0240*   buf_20_043: equ 483
040148             0241*   buf_20_047: equ 484
040148             0242*   buf_21_007: equ 485
040148             0243*   buf_21_023: equ 486
040148             0244*   buf_21_035: equ 487
040148             0245*   buf_21_043: equ 488
040148             0246*   buf_21_047: equ 489
040148             0247*   buf_22_007: equ 490
040148             0248*   buf_22_023: equ 491
040148             0249*   buf_22_035: equ 492
040148             0250*   buf_22_043: equ 493
040148             0251*   buf_22_047: equ 494
040148             0252*   buf_23_007: equ 495
040148             0253*   buf_23_023: equ 496
040148             0254*   buf_23_035: equ 497
040148             0255*   buf_23_043: equ 498
040148             0256*   buf_23_047: equ 499
040148             0257*   buf_24_007: equ 500
040148             0258*   buf_24_023: equ 501
040148             0259*   buf_24_035: equ 502
040148             0260*   buf_24_043: equ 503
040148             0261*   buf_24_047: equ 504
040148             0262*   
040148             0263*   image_list: ; type; width; height; filesize; filename:
040148 01 00 00 10 0264*   	dl 1, 16, 35, 560, fn_10_000
       00 00 23 00 
       00 30 02 00 
       DF 0F 04    
040157 01 00 00 0A 0265*   	dl 1, 10, 35, 350, fn_10_001
       00 00 23 00 
       00 5E 01 00 
       F3 0F 04    
040166 01 00 00 0A 0266*   	dl 1, 10, 35, 350, fn_10_002
       00 00 23 00 
       00 5E 01 00 
       07 10 04    
040175 01 00 00 24 0267*   	dl 1, 36, 35, 1260, fn_10_007
       00 00 23 00 
       00 EC 04 00 
       1B 10 04    
040184 01 00 00 23 0268*   	dl 1, 35, 45, 1575, fn_10_012
       00 00 2D 00 
       00 27 06 00 
       2F 10 04    
040193 01 00 00 1A 0269*   	dl 1, 26, 45, 1170, fn_10_013
       00 00 2D 00 
       00 92 04 00 
       43 10 04    
0401A2 01 00 00 0F 0270*   	dl 1, 15, 45, 675, fn_10_014
       00 00 2D 00 
       00 A3 02 00 
       57 10 04    
0401B1 01 00 00 05 0271*   	dl 1, 5, 45, 225, fn_10_015
       00 00 2D 00 
       00 E1 00 00 
       6B 10 04    
0401C0 01 00 00 05 0272*   	dl 1, 5, 43, 215, fn_10_016
       00 00 2B 00 
       00 D7 00 00 
       7F 10 04    
0401CF 01 00 00 0F 0273*   	dl 1, 15, 45, 675, fn_10_017
       00 00 2D 00 
       00 A3 02 00 
       93 10 04    
0401DE 01 00 00 1A 0274*   	dl 1, 26, 45, 1170, fn_10_018
       00 00 2D 00 
       00 92 04 00 
       A7 10 04    
0401ED 01 00 00 23 0275*   	dl 1, 35, 45, 1575, fn_10_019
       00 00 2D 00 
       00 27 06 00 
       BB 10 04    
0401FC 01 00 00 2E 0276*   	dl 1, 46, 45, 2070, fn_10_023
       00 00 2D 00 
       00 16 08 00 
       CF 10 04    
04020B 01 00 00 2D 0277*   	dl 1, 45, 63, 2835, fn_10_027
       00 00 3F 00 
       00 13 0B 00 
       E3 10 04    
04021A 01 00 00 1B 0278*   	dl 1, 27, 63, 1701, fn_10_028
       00 00 3F 00 
       00 A5 06 00 
       F7 10 04    
040229 01 00 00 09 0279*   	dl 1, 9, 63, 567, fn_10_029
       00 00 3F 00 
       00 37 02 00 
       0B 11 04    
040238 01 00 00 09 0280*   	dl 1, 9, 61, 549, fn_10_030
       00 00 3D 00 
       00 25 02 00 
       1F 11 04    
040247 01 00 00 1B 0281*   	dl 1, 27, 63, 1701, fn_10_031
       00 00 3F 00 
       00 A5 06 00 
       33 11 04    
040256 01 00 00 2D 0282*   	dl 1, 45, 63, 2835, fn_10_032
       00 00 3F 00 
       00 13 0B 00 
       47 11 04    
040265 01 00 00 40 0283*   	dl 1, 64, 63, 4032, fn_10_035
       00 00 3F 00 
       00 C0 0F 00 
       5B 11 04    
040274 01 00 00 40 0284*   	dl 1, 64, 107, 6848, fn_10_038
       00 00 6B 00 
       00 C0 1A 00 
       6F 11 04    
040283 01 00 00 16 0285*   	dl 1, 22, 107, 2354, fn_10_039
       00 00 6B 00 
       00 32 09 00 
       83 11 04    
040292 01 00 00 16 0286*   	dl 1, 22, 105, 2310, fn_10_040
       00 00 69 00 
       00 06 09 00 
       97 11 04    
0402A1 01 00 00 40 0287*   	dl 1, 64, 107, 6848, fn_10_041
       00 00 6B 00 
       00 C0 1A 00 
       AB 11 04    
0402B0 01 00 00 6C 0288*   	dl 1, 108, 107, 11556, fn_10_043
       00 00 6B 00 
       00 24 2D 00 
       BF 11 04    
0402BF 01 00 00 6A 0289*   	dl 1, 106, 160, 16960, fn_10_045
       00 00 A0 00 
       00 40 42 00 
       D3 11 04    
0402CE 01 00 00 6A 0290*   	dl 1, 106, 160, 16960, fn_10_046
       00 00 A0 00 
       00 40 42 00 
       E7 11 04    
0402DD 01 00 00 40 0291*   	dl 1, 320, 160, 51200, fn_10_047
       01 00 A0 00 
       00 00 C8 00 
       FB 11 04    
0402EC 01 00 00 10 0292*   	dl 1, 16, 35, 560, fn_11_000
       00 00 23 00 
       00 30 02 00 
       0F 12 04    
0402FB 01 00 00 0A 0293*   	dl 1, 10, 35, 350, fn_11_001
       00 00 23 00 
       00 5E 01 00 
       23 12 04    
04030A 01 00 00 0A 0294*   	dl 1, 10, 35, 350, fn_11_002
       00 00 23 00 
       00 5E 01 00 
       37 12 04    
040319 01 00 00 24 0295*   	dl 1, 36, 35, 1260, fn_11_007
       00 00 23 00 
       00 EC 04 00 
       4B 12 04    
040328 01 00 00 23 0296*   	dl 1, 35, 45, 1575, fn_11_012
       00 00 2D 00 
       00 27 06 00 
       5F 12 04    
040337 01 00 00 1A 0297*   	dl 1, 26, 45, 1170, fn_11_013
       00 00 2D 00 
       00 92 04 00 
       73 12 04    
040346 01 00 00 0F 0298*   	dl 1, 15, 45, 675, fn_11_014
       00 00 2D 00 
       00 A3 02 00 
       87 12 04    
040355 01 00 00 05 0299*   	dl 1, 5, 45, 225, fn_11_015
       00 00 2D 00 
       00 E1 00 00 
       9B 12 04    
040364 01 00 00 05 0300*   	dl 1, 5, 43, 215, fn_11_016
       00 00 2B 00 
       00 D7 00 00 
       AF 12 04    
040373 01 00 00 0F 0301*   	dl 1, 15, 45, 675, fn_11_017
       00 00 2D 00 
       00 A3 02 00 
       C3 12 04    
040382 01 00 00 1A 0302*   	dl 1, 26, 45, 1170, fn_11_018
       00 00 2D 00 
       00 92 04 00 
       D7 12 04    
040391 01 00 00 23 0303*   	dl 1, 35, 45, 1575, fn_11_019
       00 00 2D 00 
       00 27 06 00 
       EB 12 04    
0403A0 01 00 00 2E 0304*   	dl 1, 46, 45, 2070, fn_11_023
       00 00 2D 00 
       00 16 08 00 
       FF 12 04    
0403AF 01 00 00 2D 0305*   	dl 1, 45, 63, 2835, fn_11_027
       00 00 3F 00 
       00 13 0B 00 
       13 13 04    
0403BE 01 00 00 1B 0306*   	dl 1, 27, 63, 1701, fn_11_028
       00 00 3F 00 
       00 A5 06 00 
       27 13 04    
0403CD 01 00 00 09 0307*   	dl 1, 9, 63, 567, fn_11_029
       00 00 3F 00 
       00 37 02 00 
       3B 13 04    
0403DC 01 00 00 09 0308*   	dl 1, 9, 61, 549, fn_11_030
       00 00 3D 00 
       00 25 02 00 
       4F 13 04    
0403EB 01 00 00 1B 0309*   	dl 1, 27, 63, 1701, fn_11_031
       00 00 3F 00 
       00 A5 06 00 
       63 13 04    
0403FA 01 00 00 2D 0310*   	dl 1, 45, 63, 2835, fn_11_032
       00 00 3F 00 
       00 13 0B 00 
       77 13 04    
040409 01 00 00 40 0311*   	dl 1, 64, 63, 4032, fn_11_035
       00 00 3F 00 
       00 C0 0F 00 
       8B 13 04    
040418 01 00 00 40 0312*   	dl 1, 64, 107, 6848, fn_11_038
       00 00 6B 00 
       00 C0 1A 00 
       9F 13 04    
040427 01 00 00 16 0313*   	dl 1, 22, 107, 2354, fn_11_039
       00 00 6B 00 
       00 32 09 00 
       B3 13 04    
040436 01 00 00 16 0314*   	dl 1, 22, 105, 2310, fn_11_040
       00 00 69 00 
       00 06 09 00 
       C7 13 04    
040445 01 00 00 40 0315*   	dl 1, 64, 107, 6848, fn_11_041
       00 00 6B 00 
       00 C0 1A 00 
       DB 13 04    
040454 01 00 00 6C 0316*   	dl 1, 108, 107, 11556, fn_11_043
       00 00 6B 00 
       00 24 2D 00 
       EF 13 04    
040463 01 00 00 6A 0317*   	dl 1, 106, 160, 16960, fn_11_045
       00 00 A0 00 
       00 40 42 00 
       03 14 04    
040472 01 00 00 6A 0318*   	dl 1, 106, 160, 16960, fn_11_046
       00 00 A0 00 
       00 40 42 00 
       17 14 04    
040481 01 00 00 40 0319*   	dl 1, 320, 160, 51200, fn_11_047
       01 00 A0 00 
       00 00 C8 00 
       2B 14 04    
040490 01 00 00 10 0320*   	dl 1, 16, 35, 560, fn_12_000
       00 00 23 00 
       00 30 02 00 
       3F 14 04    
04049F 01 00 00 0A 0321*   	dl 1, 10, 35, 350, fn_12_001
       00 00 23 00 
       00 5E 01 00 
       53 14 04    
0404AE 01 00 00 0A 0322*   	dl 1, 10, 35, 350, fn_12_002
       00 00 23 00 
       00 5E 01 00 
       67 14 04    
0404BD 01 00 00 24 0323*   	dl 1, 36, 35, 1260, fn_12_007
       00 00 23 00 
       00 EC 04 00 
       7B 14 04    
0404CC 01 00 00 23 0324*   	dl 1, 35, 45, 1575, fn_12_012
       00 00 2D 00 
       00 27 06 00 
       8F 14 04    
0404DB 01 00 00 1A 0325*   	dl 1, 26, 45, 1170, fn_12_013
       00 00 2D 00 
       00 92 04 00 
       A3 14 04    
0404EA 01 00 00 0F 0326*   	dl 1, 15, 45, 675, fn_12_014
       00 00 2D 00 
       00 A3 02 00 
       B7 14 04    
0404F9 01 00 00 05 0327*   	dl 1, 5, 45, 225, fn_12_015
       00 00 2D 00 
       00 E1 00 00 
       CB 14 04    
040508 01 00 00 05 0328*   	dl 1, 5, 43, 215, fn_12_016
       00 00 2B 00 
       00 D7 00 00 
       DF 14 04    
040517 01 00 00 0F 0329*   	dl 1, 15, 45, 675, fn_12_017
       00 00 2D 00 
       00 A3 02 00 
       F3 14 04    
040526 01 00 00 1A 0330*   	dl 1, 26, 45, 1170, fn_12_018
       00 00 2D 00 
       00 92 04 00 
       07 15 04    
040535 01 00 00 23 0331*   	dl 1, 35, 45, 1575, fn_12_019
       00 00 2D 00 
       00 27 06 00 
       1B 15 04    
040544 01 00 00 2E 0332*   	dl 1, 46, 45, 2070, fn_12_023
       00 00 2D 00 
       00 16 08 00 
       2F 15 04    
040553 01 00 00 2D 0333*   	dl 1, 45, 63, 2835, fn_12_027
       00 00 3F 00 
       00 13 0B 00 
       43 15 04    
040562 01 00 00 1B 0334*   	dl 1, 27, 63, 1701, fn_12_028
       00 00 3F 00 
       00 A5 06 00 
       57 15 04    
040571 01 00 00 09 0335*   	dl 1, 9, 63, 567, fn_12_029
       00 00 3F 00 
       00 37 02 00 
       6B 15 04    
040580 01 00 00 09 0336*   	dl 1, 9, 61, 549, fn_12_030
       00 00 3D 00 
       00 25 02 00 
       7F 15 04    
04058F 01 00 00 1B 0337*   	dl 1, 27, 63, 1701, fn_12_031
       00 00 3F 00 
       00 A5 06 00 
       93 15 04    
04059E 01 00 00 2D 0338*   	dl 1, 45, 63, 2835, fn_12_032
       00 00 3F 00 
       00 13 0B 00 
       A7 15 04    
0405AD 01 00 00 40 0339*   	dl 1, 64, 63, 4032, fn_12_035
       00 00 3F 00 
       00 C0 0F 00 
       BB 15 04    
0405BC 01 00 00 40 0340*   	dl 1, 64, 107, 6848, fn_12_038
       00 00 6B 00 
       00 C0 1A 00 
       CF 15 04    
0405CB 01 00 00 16 0341*   	dl 1, 22, 107, 2354, fn_12_039
       00 00 6B 00 
       00 32 09 00 
       E3 15 04    
0405DA 01 00 00 16 0342*   	dl 1, 22, 105, 2310, fn_12_040
       00 00 69 00 
       00 06 09 00 
       F7 15 04    
0405E9 01 00 00 40 0343*   	dl 1, 64, 107, 6848, fn_12_041
       00 00 6B 00 
       00 C0 1A 00 
       0B 16 04    
0405F8 01 00 00 6C 0344*   	dl 1, 108, 107, 11556, fn_12_043
       00 00 6B 00 
       00 24 2D 00 
       1F 16 04    
040607 01 00 00 6A 0345*   	dl 1, 106, 160, 16960, fn_12_045
       00 00 A0 00 
       00 40 42 00 
       33 16 04    
040616 01 00 00 6A 0346*   	dl 1, 106, 160, 16960, fn_12_046
       00 00 A0 00 
       00 40 42 00 
       47 16 04    
040625 01 00 00 40 0347*   	dl 1, 320, 160, 51200, fn_12_047
       01 00 A0 00 
       00 00 C8 00 
       5B 16 04    
040634 01 00 00 10 0348*   	dl 1, 16, 35, 560, fn_13_000
       00 00 23 00 
       00 30 02 00 
       6F 16 04    
040643 01 00 00 0A 0349*   	dl 1, 10, 35, 350, fn_13_001
       00 00 23 00 
       00 5E 01 00 
       83 16 04    
040652 01 00 00 0A 0350*   	dl 1, 10, 35, 350, fn_13_002
       00 00 23 00 
       00 5E 01 00 
       97 16 04    
040661 01 00 00 24 0351*   	dl 1, 36, 35, 1260, fn_13_007
       00 00 23 00 
       00 EC 04 00 
       AB 16 04    
040670 01 00 00 23 0352*   	dl 1, 35, 45, 1575, fn_13_012
       00 00 2D 00 
       00 27 06 00 
       BF 16 04    
04067F 01 00 00 1A 0353*   	dl 1, 26, 45, 1170, fn_13_013
       00 00 2D 00 
       00 92 04 00 
       D3 16 04    
04068E 01 00 00 0F 0354*   	dl 1, 15, 45, 675, fn_13_014
       00 00 2D 00 
       00 A3 02 00 
       E7 16 04    
04069D 01 00 00 05 0355*   	dl 1, 5, 45, 225, fn_13_015
       00 00 2D 00 
       00 E1 00 00 
       FB 16 04    
0406AC 01 00 00 05 0356*   	dl 1, 5, 43, 215, fn_13_016
       00 00 2B 00 
       00 D7 00 00 
       0F 17 04    
0406BB 01 00 00 0F 0357*   	dl 1, 15, 45, 675, fn_13_017
       00 00 2D 00 
       00 A3 02 00 
       23 17 04    
0406CA 01 00 00 1A 0358*   	dl 1, 26, 45, 1170, fn_13_018
       00 00 2D 00 
       00 92 04 00 
       37 17 04    
0406D9 01 00 00 23 0359*   	dl 1, 35, 45, 1575, fn_13_019
       00 00 2D 00 
       00 27 06 00 
       4B 17 04    
0406E8 01 00 00 2E 0360*   	dl 1, 46, 45, 2070, fn_13_023
       00 00 2D 00 
       00 16 08 00 
       5F 17 04    
0406F7 01 00 00 2D 0361*   	dl 1, 45, 63, 2835, fn_13_027
       00 00 3F 00 
       00 13 0B 00 
       73 17 04    
040706 01 00 00 1B 0362*   	dl 1, 27, 63, 1701, fn_13_028
       00 00 3F 00 
       00 A5 06 00 
       87 17 04    
040715 01 00 00 09 0363*   	dl 1, 9, 63, 567, fn_13_029
       00 00 3F 00 
       00 37 02 00 
       9B 17 04    
040724 01 00 00 09 0364*   	dl 1, 9, 61, 549, fn_13_030
       00 00 3D 00 
       00 25 02 00 
       AF 17 04    
040733 01 00 00 1B 0365*   	dl 1, 27, 63, 1701, fn_13_031
       00 00 3F 00 
       00 A5 06 00 
       C3 17 04    
040742 01 00 00 2D 0366*   	dl 1, 45, 63, 2835, fn_13_032
       00 00 3F 00 
       00 13 0B 00 
       D7 17 04    
040751 01 00 00 40 0367*   	dl 1, 64, 63, 4032, fn_13_035
       00 00 3F 00 
       00 C0 0F 00 
       EB 17 04    
040760 01 00 00 40 0368*   	dl 1, 64, 107, 6848, fn_13_038
       00 00 6B 00 
       00 C0 1A 00 
       FF 17 04    
04076F 01 00 00 16 0369*   	dl 1, 22, 107, 2354, fn_13_039
       00 00 6B 00 
       00 32 09 00 
       13 18 04    
04077E 01 00 00 16 0370*   	dl 1, 22, 105, 2310, fn_13_040
       00 00 69 00 
       00 06 09 00 
       27 18 04    
04078D 01 00 00 40 0371*   	dl 1, 64, 107, 6848, fn_13_041
       00 00 6B 00 
       00 C0 1A 00 
       3B 18 04    
04079C 01 00 00 6C 0372*   	dl 1, 108, 107, 11556, fn_13_043
       00 00 6B 00 
       00 24 2D 00 
       4F 18 04    
0407AB 01 00 00 6A 0373*   	dl 1, 106, 160, 16960, fn_13_045
       00 00 A0 00 
       00 40 42 00 
       63 18 04    
0407BA 01 00 00 6A 0374*   	dl 1, 106, 160, 16960, fn_13_046
       00 00 A0 00 
       00 40 42 00 
       77 18 04    
0407C9 01 00 00 40 0375*   	dl 1, 320, 160, 51200, fn_13_047
       01 00 A0 00 
       00 00 C8 00 
       8B 18 04    
0407D8 01 00 00 10 0376*   	dl 1, 16, 35, 560, fn_14_000
       00 00 23 00 
       00 30 02 00 
       9F 18 04    
0407E7 01 00 00 0A 0377*   	dl 1, 10, 35, 350, fn_14_001
       00 00 23 00 
       00 5E 01 00 
       B3 18 04    
0407F6 01 00 00 0A 0378*   	dl 1, 10, 35, 350, fn_14_002
       00 00 23 00 
       00 5E 01 00 
       C7 18 04    
040805 01 00 00 24 0379*   	dl 1, 36, 35, 1260, fn_14_007
       00 00 23 00 
       00 EC 04 00 
       DB 18 04    
040814 01 00 00 23 0380*   	dl 1, 35, 45, 1575, fn_14_012
       00 00 2D 00 
       00 27 06 00 
       EF 18 04    
040823 01 00 00 1A 0381*   	dl 1, 26, 45, 1170, fn_14_013
       00 00 2D 00 
       00 92 04 00 
       03 19 04    
040832 01 00 00 0F 0382*   	dl 1, 15, 45, 675, fn_14_014
       00 00 2D 00 
       00 A3 02 00 
       17 19 04    
040841 01 00 00 05 0383*   	dl 1, 5, 45, 225, fn_14_015
       00 00 2D 00 
       00 E1 00 00 
       2B 19 04    
040850 01 00 00 05 0384*   	dl 1, 5, 43, 215, fn_14_016
       00 00 2B 00 
       00 D7 00 00 
       3F 19 04    
04085F 01 00 00 0F 0385*   	dl 1, 15, 45, 675, fn_14_017
       00 00 2D 00 
       00 A3 02 00 
       53 19 04    
04086E 01 00 00 1A 0386*   	dl 1, 26, 45, 1170, fn_14_018
       00 00 2D 00 
       00 92 04 00 
       67 19 04    
04087D 01 00 00 23 0387*   	dl 1, 35, 45, 1575, fn_14_019
       00 00 2D 00 
       00 27 06 00 
       7B 19 04    
04088C 01 00 00 2E 0388*   	dl 1, 46, 45, 2070, fn_14_023
       00 00 2D 00 
       00 16 08 00 
       8F 19 04    
04089B 01 00 00 2D 0389*   	dl 1, 45, 63, 2835, fn_14_027
       00 00 3F 00 
       00 13 0B 00 
       A3 19 04    
0408AA 01 00 00 1B 0390*   	dl 1, 27, 63, 1701, fn_14_028
       00 00 3F 00 
       00 A5 06 00 
       B7 19 04    
0408B9 01 00 00 09 0391*   	dl 1, 9, 63, 567, fn_14_029
       00 00 3F 00 
       00 37 02 00 
       CB 19 04    
0408C8 01 00 00 09 0392*   	dl 1, 9, 61, 549, fn_14_030
       00 00 3D 00 
       00 25 02 00 
       DF 19 04    
0408D7 01 00 00 1B 0393*   	dl 1, 27, 63, 1701, fn_14_031
       00 00 3F 00 
       00 A5 06 00 
       F3 19 04    
0408E6 01 00 00 2D 0394*   	dl 1, 45, 63, 2835, fn_14_032
       00 00 3F 00 
       00 13 0B 00 
       07 1A 04    
0408F5 01 00 00 40 0395*   	dl 1, 64, 63, 4032, fn_14_035
       00 00 3F 00 
       00 C0 0F 00 
       1B 1A 04    
040904 01 00 00 40 0396*   	dl 1, 64, 107, 6848, fn_14_038
       00 00 6B 00 
       00 C0 1A 00 
       2F 1A 04    
040913 01 00 00 16 0397*   	dl 1, 22, 107, 2354, fn_14_039
       00 00 6B 00 
       00 32 09 00 
       43 1A 04    
040922 01 00 00 16 0398*   	dl 1, 22, 105, 2310, fn_14_040
       00 00 69 00 
       00 06 09 00 
       57 1A 04    
040931 01 00 00 40 0399*   	dl 1, 64, 107, 6848, fn_14_041
       00 00 6B 00 
       00 C0 1A 00 
       6B 1A 04    
040940 01 00 00 6C 0400*   	dl 1, 108, 107, 11556, fn_14_043
       00 00 6B 00 
       00 24 2D 00 
       7F 1A 04    
04094F 01 00 00 6A 0401*   	dl 1, 106, 160, 16960, fn_14_045
       00 00 A0 00 
       00 40 42 00 
       93 1A 04    
04095E 01 00 00 6A 0402*   	dl 1, 106, 160, 16960, fn_14_046
       00 00 A0 00 
       00 40 42 00 
       A7 1A 04    
04096D 01 00 00 40 0403*   	dl 1, 320, 160, 51200, fn_14_047
       01 00 A0 00 
       00 00 C8 00 
       BB 1A 04    
04097C 01 00 00 10 0404*   	dl 1, 16, 35, 560, fn_15_000
       00 00 23 00 
       00 30 02 00 
       CF 1A 04    
04098B 01 00 00 0A 0405*   	dl 1, 10, 35, 350, fn_15_001
       00 00 23 00 
       00 5E 01 00 
       E3 1A 04    
04099A 01 00 00 0A 0406*   	dl 1, 10, 35, 350, fn_15_002
       00 00 23 00 
       00 5E 01 00 
       F7 1A 04    
0409A9 01 00 00 24 0407*   	dl 1, 36, 35, 1260, fn_15_007
       00 00 23 00 
       00 EC 04 00 
       0B 1B 04    
0409B8 01 00 00 23 0408*   	dl 1, 35, 45, 1575, fn_15_012
       00 00 2D 00 
       00 27 06 00 
       1F 1B 04    
0409C7 01 00 00 1A 0409*   	dl 1, 26, 45, 1170, fn_15_013
       00 00 2D 00 
       00 92 04 00 
       33 1B 04    
0409D6 01 00 00 0F 0410*   	dl 1, 15, 45, 675, fn_15_014
       00 00 2D 00 
       00 A3 02 00 
       47 1B 04    
0409E5 01 00 00 05 0411*   	dl 1, 5, 45, 225, fn_15_015
       00 00 2D 00 
       00 E1 00 00 
       5B 1B 04    
0409F4 01 00 00 05 0412*   	dl 1, 5, 43, 215, fn_15_016
       00 00 2B 00 
       00 D7 00 00 
       6F 1B 04    
040A03 01 00 00 0F 0413*   	dl 1, 15, 45, 675, fn_15_017
       00 00 2D 00 
       00 A3 02 00 
       83 1B 04    
040A12 01 00 00 1A 0414*   	dl 1, 26, 45, 1170, fn_15_018
       00 00 2D 00 
       00 92 04 00 
       97 1B 04    
040A21 01 00 00 23 0415*   	dl 1, 35, 45, 1575, fn_15_019
       00 00 2D 00 
       00 27 06 00 
       AB 1B 04    
040A30 01 00 00 2E 0416*   	dl 1, 46, 45, 2070, fn_15_023
       00 00 2D 00 
       00 16 08 00 
       BF 1B 04    
040A3F 01 00 00 2D 0417*   	dl 1, 45, 63, 2835, fn_15_027
       00 00 3F 00 
       00 13 0B 00 
       D3 1B 04    
040A4E 01 00 00 1B 0418*   	dl 1, 27, 63, 1701, fn_15_028
       00 00 3F 00 
       00 A5 06 00 
       E7 1B 04    
040A5D 01 00 00 09 0419*   	dl 1, 9, 63, 567, fn_15_029
       00 00 3F 00 
       00 37 02 00 
       FB 1B 04    
040A6C 01 00 00 09 0420*   	dl 1, 9, 61, 549, fn_15_030
       00 00 3D 00 
       00 25 02 00 
       0F 1C 04    
040A7B 01 00 00 1B 0421*   	dl 1, 27, 63, 1701, fn_15_031
       00 00 3F 00 
       00 A5 06 00 
       23 1C 04    
040A8A 01 00 00 2D 0422*   	dl 1, 45, 63, 2835, fn_15_032
       00 00 3F 00 
       00 13 0B 00 
       37 1C 04    
040A99 01 00 00 40 0423*   	dl 1, 64, 63, 4032, fn_15_035
       00 00 3F 00 
       00 C0 0F 00 
       4B 1C 04    
040AA8 01 00 00 40 0424*   	dl 1, 64, 107, 6848, fn_15_038
       00 00 6B 00 
       00 C0 1A 00 
       5F 1C 04    
040AB7 01 00 00 16 0425*   	dl 1, 22, 107, 2354, fn_15_039
       00 00 6B 00 
       00 32 09 00 
       73 1C 04    
040AC6 01 00 00 16 0426*   	dl 1, 22, 105, 2310, fn_15_040
       00 00 69 00 
       00 06 09 00 
       87 1C 04    
040AD5 01 00 00 40 0427*   	dl 1, 64, 107, 6848, fn_15_041
       00 00 6B 00 
       00 C0 1A 00 
       9B 1C 04    
040AE4 01 00 00 6C 0428*   	dl 1, 108, 107, 11556, fn_15_043
       00 00 6B 00 
       00 24 2D 00 
       AF 1C 04    
040AF3 01 00 00 6A 0429*   	dl 1, 106, 160, 16960, fn_15_045
       00 00 A0 00 
       00 40 42 00 
       C3 1C 04    
040B02 01 00 00 6A 0430*   	dl 1, 106, 160, 16960, fn_15_046
       00 00 A0 00 
       00 40 42 00 
       D7 1C 04    
040B11 01 00 00 40 0431*   	dl 1, 320, 160, 51200, fn_15_047
       01 00 A0 00 
       00 00 C8 00 
       EB 1C 04    
040B20 01 00 00 10 0432*   	dl 1, 16, 35, 560, fn_16_000
       00 00 23 00 
       00 30 02 00 
       FF 1C 04    
040B2F 01 00 00 0A 0433*   	dl 1, 10, 35, 350, fn_16_001
       00 00 23 00 
       00 5E 01 00 
       13 1D 04    
040B3E 01 00 00 0A 0434*   	dl 1, 10, 35, 350, fn_16_002
       00 00 23 00 
       00 5E 01 00 
       27 1D 04    
040B4D 01 00 00 24 0435*   	dl 1, 36, 35, 1260, fn_16_007
       00 00 23 00 
       00 EC 04 00 
       3B 1D 04    
040B5C 01 00 00 23 0436*   	dl 1, 35, 45, 1575, fn_16_012
       00 00 2D 00 
       00 27 06 00 
       4F 1D 04    
040B6B 01 00 00 1A 0437*   	dl 1, 26, 45, 1170, fn_16_013
       00 00 2D 00 
       00 92 04 00 
       63 1D 04    
040B7A 01 00 00 0F 0438*   	dl 1, 15, 45, 675, fn_16_014
       00 00 2D 00 
       00 A3 02 00 
       77 1D 04    
040B89 01 00 00 05 0439*   	dl 1, 5, 45, 225, fn_16_015
       00 00 2D 00 
       00 E1 00 00 
       8B 1D 04    
040B98 01 00 00 05 0440*   	dl 1, 5, 43, 215, fn_16_016
       00 00 2B 00 
       00 D7 00 00 
       9F 1D 04    
040BA7 01 00 00 0F 0441*   	dl 1, 15, 45, 675, fn_16_017
       00 00 2D 00 
       00 A3 02 00 
       B3 1D 04    
040BB6 01 00 00 1A 0442*   	dl 1, 26, 45, 1170, fn_16_018
       00 00 2D 00 
       00 92 04 00 
       C7 1D 04    
040BC5 01 00 00 23 0443*   	dl 1, 35, 45, 1575, fn_16_019
       00 00 2D 00 
       00 27 06 00 
       DB 1D 04    
040BD4 01 00 00 2E 0444*   	dl 1, 46, 45, 2070, fn_16_023
       00 00 2D 00 
       00 16 08 00 
       EF 1D 04    
040BE3 01 00 00 2D 0445*   	dl 1, 45, 63, 2835, fn_16_027
       00 00 3F 00 
       00 13 0B 00 
       03 1E 04    
040BF2 01 00 00 1B 0446*   	dl 1, 27, 63, 1701, fn_16_028
       00 00 3F 00 
       00 A5 06 00 
       17 1E 04    
040C01 01 00 00 09 0447*   	dl 1, 9, 63, 567, fn_16_029
       00 00 3F 00 
       00 37 02 00 
       2B 1E 04    
040C10 01 00 00 09 0448*   	dl 1, 9, 61, 549, fn_16_030
       00 00 3D 00 
       00 25 02 00 
       3F 1E 04    
040C1F 01 00 00 1B 0449*   	dl 1, 27, 63, 1701, fn_16_031
       00 00 3F 00 
       00 A5 06 00 
       53 1E 04    
040C2E 01 00 00 2D 0450*   	dl 1, 45, 63, 2835, fn_16_032
       00 00 3F 00 
       00 13 0B 00 
       67 1E 04    
040C3D 01 00 00 40 0451*   	dl 1, 64, 63, 4032, fn_16_035
       00 00 3F 00 
       00 C0 0F 00 
       7B 1E 04    
040C4C 01 00 00 40 0452*   	dl 1, 64, 107, 6848, fn_16_038
       00 00 6B 00 
       00 C0 1A 00 
       8F 1E 04    
040C5B 01 00 00 16 0453*   	dl 1, 22, 107, 2354, fn_16_039
       00 00 6B 00 
       00 32 09 00 
       A3 1E 04    
040C6A 01 00 00 16 0454*   	dl 1, 22, 105, 2310, fn_16_040
       00 00 69 00 
       00 06 09 00 
       B7 1E 04    
040C79 01 00 00 40 0455*   	dl 1, 64, 107, 6848, fn_16_041
       00 00 6B 00 
       00 C0 1A 00 
       CB 1E 04    
040C88 01 00 00 6C 0456*   	dl 1, 108, 107, 11556, fn_16_043
       00 00 6B 00 
       00 24 2D 00 
       DF 1E 04    
040C97 01 00 00 6A 0457*   	dl 1, 106, 160, 16960, fn_16_045
       00 00 A0 00 
       00 40 42 00 
       F3 1E 04    
040CA6 01 00 00 6A 0458*   	dl 1, 106, 160, 16960, fn_16_046
       00 00 A0 00 
       00 40 42 00 
       07 1F 04    
040CB5 01 00 00 40 0459*   	dl 1, 320, 160, 51200, fn_16_047
       01 00 A0 00 
       00 00 C8 00 
       1B 1F 04    
040CC4 01 00 00 10 0460*   	dl 1, 16, 35, 560, fn_17_000
       00 00 23 00 
       00 30 02 00 
       2F 1F 04    
040CD3 01 00 00 0A 0461*   	dl 1, 10, 35, 350, fn_17_001
       00 00 23 00 
       00 5E 01 00 
       43 1F 04    
040CE2 01 00 00 0A 0462*   	dl 1, 10, 35, 350, fn_17_002
       00 00 23 00 
       00 5E 01 00 
       57 1F 04    
040CF1 01 00 00 24 0463*   	dl 1, 36, 35, 1260, fn_17_007
       00 00 23 00 
       00 EC 04 00 
       6B 1F 04    
040D00 01 00 00 23 0464*   	dl 1, 35, 45, 1575, fn_17_012
       00 00 2D 00 
       00 27 06 00 
       7F 1F 04    
040D0F 01 00 00 1A 0465*   	dl 1, 26, 45, 1170, fn_17_013
       00 00 2D 00 
       00 92 04 00 
       93 1F 04    
040D1E 01 00 00 0F 0466*   	dl 1, 15, 45, 675, fn_17_014
       00 00 2D 00 
       00 A3 02 00 
       A7 1F 04    
040D2D 01 00 00 05 0467*   	dl 1, 5, 45, 225, fn_17_015
       00 00 2D 00 
       00 E1 00 00 
       BB 1F 04    
040D3C 01 00 00 05 0468*   	dl 1, 5, 43, 215, fn_17_016
       00 00 2B 00 
       00 D7 00 00 
       CF 1F 04    
040D4B 01 00 00 0F 0469*   	dl 1, 15, 45, 675, fn_17_017
       00 00 2D 00 
       00 A3 02 00 
       E3 1F 04    
040D5A 01 00 00 1A 0470*   	dl 1, 26, 45, 1170, fn_17_018
       00 00 2D 00 
       00 92 04 00 
       F7 1F 04    
040D69 01 00 00 23 0471*   	dl 1, 35, 45, 1575, fn_17_019
       00 00 2D 00 
       00 27 06 00 
       0B 20 04    
040D78 01 00 00 2E 0472*   	dl 1, 46, 45, 2070, fn_17_023
       00 00 2D 00 
       00 16 08 00 
       1F 20 04    
040D87 01 00 00 2D 0473*   	dl 1, 45, 63, 2835, fn_17_027
       00 00 3F 00 
       00 13 0B 00 
       33 20 04    
040D96 01 00 00 1B 0474*   	dl 1, 27, 63, 1701, fn_17_028
       00 00 3F 00 
       00 A5 06 00 
       47 20 04    
040DA5 01 00 00 09 0475*   	dl 1, 9, 63, 567, fn_17_029
       00 00 3F 00 
       00 37 02 00 
       5B 20 04    
040DB4 01 00 00 09 0476*   	dl 1, 9, 61, 549, fn_17_030
       00 00 3D 00 
       00 25 02 00 
       6F 20 04    
040DC3 01 00 00 1B 0477*   	dl 1, 27, 63, 1701, fn_17_031
       00 00 3F 00 
       00 A5 06 00 
       83 20 04    
040DD2 01 00 00 2D 0478*   	dl 1, 45, 63, 2835, fn_17_032
       00 00 3F 00 
       00 13 0B 00 
       97 20 04    
040DE1 01 00 00 40 0479*   	dl 1, 64, 63, 4032, fn_17_035
       00 00 3F 00 
       00 C0 0F 00 
       AB 20 04    
040DF0 01 00 00 40 0480*   	dl 1, 64, 107, 6848, fn_17_038
       00 00 6B 00 
       00 C0 1A 00 
       BF 20 04    
040DFF 01 00 00 16 0481*   	dl 1, 22, 107, 2354, fn_17_039
       00 00 6B 00 
       00 32 09 00 
       D3 20 04    
040E0E 01 00 00 16 0482*   	dl 1, 22, 105, 2310, fn_17_040
       00 00 69 00 
       00 06 09 00 
       E7 20 04    
040E1D 01 00 00 40 0483*   	dl 1, 64, 107, 6848, fn_17_041
       00 00 6B 00 
       00 C0 1A 00 
       FB 20 04    
040E2C 01 00 00 6C 0484*   	dl 1, 108, 107, 11556, fn_17_043
       00 00 6B 00 
       00 24 2D 00 
       0F 21 04    
040E3B 01 00 00 6A 0485*   	dl 1, 106, 160, 16960, fn_17_045
       00 00 A0 00 
       00 40 42 00 
       23 21 04    
040E4A 01 00 00 6A 0486*   	dl 1, 106, 160, 16960, fn_17_046
       00 00 A0 00 
       00 40 42 00 
       37 21 04    
040E59 01 00 00 40 0487*   	dl 1, 320, 160, 51200, fn_17_047
       01 00 A0 00 
       00 00 C8 00 
       4B 21 04    
040E68 01 00 00 13 0488*   	dl 1, 19, 18, 342, fn_20_007
       00 00 12 00 
       00 56 01 00 
       5F 21 04    
040E77 01 00 00 17 0489*   	dl 1, 23, 23, 529, fn_20_023
       00 00 17 00 
       00 11 02 00 
       73 21 04    
040E86 01 00 00 1F 0490*   	dl 1, 31, 33, 1023, fn_20_035
       00 00 21 00 
       00 FF 03 00 
       87 21 04    
040E95 01 00 00 36 0491*   	dl 1, 54, 56, 3024, fn_20_043
       00 00 38 00 
       00 D0 0B 00 
       9B 21 04    
040EA4 01 00 00 6A 0492*   	dl 1, 106, 90, 9540, fn_20_047
       00 00 5A 00 
       00 44 25 00 
       AF 21 04    
040EB3 01 00 00 0B 0493*   	dl 1, 11, 11, 121, fn_21_007
       00 00 0B 00 
       00 79 00 00 
       C3 21 04    
040EC2 01 00 00 0E 0494*   	dl 1, 14, 14, 196, fn_21_023
       00 00 0E 00 
       00 C4 00 00 
       D7 21 04    
040ED1 01 00 00 14 0495*   	dl 1, 20, 21, 420, fn_21_035
       00 00 15 00 
       00 A4 01 00 
       EB 21 04    
040EE0 01 00 00 21 0496*   	dl 1, 33, 36, 1188, fn_21_043
       00 00 24 00 
       00 A4 04 00 
       FF 21 04    
040EEF 01 00 00 64 0497*   	dl 1, 100, 30, 3000, fn_21_047
       00 00 1E 00 
       00 B8 0B 00 
       13 22 04    
040EFE 01 00 00 11 0498*   	dl 1, 17, 11, 187, fn_22_007
       00 00 0B 00 
       00 BB 00 00 
       27 22 04    
040F0D 01 00 00 16 0499*   	dl 1, 22, 14, 308, fn_22_023
       00 00 0E 00 
       00 34 01 00 
       3B 22 04    
040F1C 01 00 00 1E 0500*   	dl 1, 30, 21, 630, fn_22_035
       00 00 15 00 
       00 76 02 00 
       4F 22 04    
040F2B 01 00 00 33 0501*   	dl 1, 51, 36, 1836, fn_22_043
       00 00 24 00 
       00 2C 07 00 
       63 22 04    
040F3A 01 00 00 96 0502*   	dl 1, 150, 30, 4500, fn_22_047
       00 00 1E 00 
       00 94 11 00 
       77 22 04    
040F49 01 00 00 0E 0503*   	dl 1, 14, 6, 84, fn_23_007
       00 00 06 00 
       00 54 00 00 
       8B 22 04    
040F58 01 00 00 11 0504*   	dl 1, 17, 8, 136, fn_23_023
       00 00 08 00 
       00 88 00 00 
       9F 22 04    
040F67 01 00 00 18 0505*   	dl 1, 24, 11, 264, fn_23_035
       00 00 0B 00 
       00 08 01 00 
       B3 22 04    
040F76 01 00 00 28 0506*   	dl 1, 40, 18, 720, fn_23_043
       00 00 12 00 
       00 D0 02 00 
       C7 22 04    
040F85 01 00 00 01 0507*   	dl 1, 1, 1, 1, fn_23_047
       00 00 01 00 
       00 01 00 00 
       DB 22 04    
040F94 01 00 00 0B 0508*   	dl 1, 11, 11, 121, fn_24_007
       00 00 0B 00 
       00 79 00 00 
       EF 22 04    
040FA3 01 00 00 0E 0509*   	dl 1, 14, 14, 196, fn_24_023
       00 00 0E 00 
       00 C4 00 00 
       03 23 04    
040FB2 01 00 00 14 0510*   	dl 1, 20, 21, 420, fn_24_035
       00 00 15 00 
       00 A4 01 00 
       17 23 04    
040FC1 01 00 00 21 0511*   	dl 1, 33, 36, 1188, fn_24_043
       00 00 24 00 
       00 A4 04 00 
       2B 23 04    
040FD0 01 00 00 64 0512*   	dl 1, 100, 30, 3000, fn_24_047
       00 00 1E 00 
       00 B8 0B 00 
       3F 23 04    
040FDF             0513*   
040FDF             0514*   ; files_list: ; filename:
040FDF 69 6D 61 67 0515*   fn_10_000: db "images/10_000.rgba2",0
       65 73 2F 31 
       30 5F 30 30 
       30 2E 72 67 
       62 61 32 00 
040FF3 69 6D 61 67 0516*   fn_10_001: db "images/10_001.rgba2",0
       65 73 2F 31 
       30 5F 30 30 
       31 2E 72 67 
       62 61 32 00 
041007 69 6D 61 67 0517*   fn_10_002: db "images/10_002.rgba2",0
       65 73 2F 31 
       30 5F 30 30 
       32 2E 72 67 
       62 61 32 00 
04101B 69 6D 61 67 0518*   fn_10_007: db "images/10_007.rgba2",0
       65 73 2F 31 
       30 5F 30 30 
       37 2E 72 67 
       62 61 32 00 
04102F 69 6D 61 67 0519*   fn_10_012: db "images/10_012.rgba2",0
       65 73 2F 31 
       30 5F 30 31 
       32 2E 72 67 
       62 61 32 00 
041043 69 6D 61 67 0520*   fn_10_013: db "images/10_013.rgba2",0
       65 73 2F 31 
       30 5F 30 31 
       33 2E 72 67 
       62 61 32 00 
041057 69 6D 61 67 0521*   fn_10_014: db "images/10_014.rgba2",0
       65 73 2F 31 
       30 5F 30 31 
       34 2E 72 67 
       62 61 32 00 
04106B 69 6D 61 67 0522*   fn_10_015: db "images/10_015.rgba2",0
       65 73 2F 31 
       30 5F 30 31 
       35 2E 72 67 
       62 61 32 00 
04107F 69 6D 61 67 0523*   fn_10_016: db "images/10_016.rgba2",0
       65 73 2F 31 
       30 5F 30 31 
       36 2E 72 67 
       62 61 32 00 
041093 69 6D 61 67 0524*   fn_10_017: db "images/10_017.rgba2",0
       65 73 2F 31 
       30 5F 30 31 
       37 2E 72 67 
       62 61 32 00 
0410A7 69 6D 61 67 0525*   fn_10_018: db "images/10_018.rgba2",0
       65 73 2F 31 
       30 5F 30 31 
       38 2E 72 67 
       62 61 32 00 
0410BB 69 6D 61 67 0526*   fn_10_019: db "images/10_019.rgba2",0
       65 73 2F 31 
       30 5F 30 31 
       39 2E 72 67 
       62 61 32 00 
0410CF 69 6D 61 67 0527*   fn_10_023: db "images/10_023.rgba2",0
       65 73 2F 31 
       30 5F 30 32 
       33 2E 72 67 
       62 61 32 00 
0410E3 69 6D 61 67 0528*   fn_10_027: db "images/10_027.rgba2",0
       65 73 2F 31 
       30 5F 30 32 
       37 2E 72 67 
       62 61 32 00 
0410F7 69 6D 61 67 0529*   fn_10_028: db "images/10_028.rgba2",0
       65 73 2F 31 
       30 5F 30 32 
       38 2E 72 67 
       62 61 32 00 
04110B 69 6D 61 67 0530*   fn_10_029: db "images/10_029.rgba2",0
       65 73 2F 31 
       30 5F 30 32 
       39 2E 72 67 
       62 61 32 00 
04111F 69 6D 61 67 0531*   fn_10_030: db "images/10_030.rgba2",0
       65 73 2F 31 
       30 5F 30 33 
       30 2E 72 67 
       62 61 32 00 
041133 69 6D 61 67 0532*   fn_10_031: db "images/10_031.rgba2",0
       65 73 2F 31 
       30 5F 30 33 
       31 2E 72 67 
       62 61 32 00 
041147 69 6D 61 67 0533*   fn_10_032: db "images/10_032.rgba2",0
       65 73 2F 31 
       30 5F 30 33 
       32 2E 72 67 
       62 61 32 00 
04115B 69 6D 61 67 0534*   fn_10_035: db "images/10_035.rgba2",0
       65 73 2F 31 
       30 5F 30 33 
       35 2E 72 67 
       62 61 32 00 
04116F 69 6D 61 67 0535*   fn_10_038: db "images/10_038.rgba2",0
       65 73 2F 31 
       30 5F 30 33 
       38 2E 72 67 
       62 61 32 00 
041183 69 6D 61 67 0536*   fn_10_039: db "images/10_039.rgba2",0
       65 73 2F 31 
       30 5F 30 33 
       39 2E 72 67 
       62 61 32 00 
041197 69 6D 61 67 0537*   fn_10_040: db "images/10_040.rgba2",0
       65 73 2F 31 
       30 5F 30 34 
       30 2E 72 67 
       62 61 32 00 
0411AB 69 6D 61 67 0538*   fn_10_041: db "images/10_041.rgba2",0
       65 73 2F 31 
       30 5F 30 34 
       31 2E 72 67 
       62 61 32 00 
0411BF 69 6D 61 67 0539*   fn_10_043: db "images/10_043.rgba2",0
       65 73 2F 31 
       30 5F 30 34 
       33 2E 72 67 
       62 61 32 00 
0411D3 69 6D 61 67 0540*   fn_10_045: db "images/10_045.rgba2",0
       65 73 2F 31 
       30 5F 30 34 
       35 2E 72 67 
       62 61 32 00 
0411E7 69 6D 61 67 0541*   fn_10_046: db "images/10_046.rgba2",0
       65 73 2F 31 
       30 5F 30 34 
       36 2E 72 67 
       62 61 32 00 
0411FB 69 6D 61 67 0542*   fn_10_047: db "images/10_047.rgba2",0
       65 73 2F 31 
       30 5F 30 34 
       37 2E 72 67 
       62 61 32 00 
04120F 69 6D 61 67 0543*   fn_11_000: db "images/11_000.rgba2",0
       65 73 2F 31 
       31 5F 30 30 
       30 2E 72 67 
       62 61 32 00 
041223 69 6D 61 67 0544*   fn_11_001: db "images/11_001.rgba2",0
       65 73 2F 31 
       31 5F 30 30 
       31 2E 72 67 
       62 61 32 00 
041237 69 6D 61 67 0545*   fn_11_002: db "images/11_002.rgba2",0
       65 73 2F 31 
       31 5F 30 30 
       32 2E 72 67 
       62 61 32 00 
04124B 69 6D 61 67 0546*   fn_11_007: db "images/11_007.rgba2",0
       65 73 2F 31 
       31 5F 30 30 
       37 2E 72 67 
       62 61 32 00 
04125F 69 6D 61 67 0547*   fn_11_012: db "images/11_012.rgba2",0
       65 73 2F 31 
       31 5F 30 31 
       32 2E 72 67 
       62 61 32 00 
041273 69 6D 61 67 0548*   fn_11_013: db "images/11_013.rgba2",0
       65 73 2F 31 
       31 5F 30 31 
       33 2E 72 67 
       62 61 32 00 
041287 69 6D 61 67 0549*   fn_11_014: db "images/11_014.rgba2",0
       65 73 2F 31 
       31 5F 30 31 
       34 2E 72 67 
       62 61 32 00 
04129B 69 6D 61 67 0550*   fn_11_015: db "images/11_015.rgba2",0
       65 73 2F 31 
       31 5F 30 31 
       35 2E 72 67 
       62 61 32 00 
0412AF 69 6D 61 67 0551*   fn_11_016: db "images/11_016.rgba2",0
       65 73 2F 31 
       31 5F 30 31 
       36 2E 72 67 
       62 61 32 00 
0412C3 69 6D 61 67 0552*   fn_11_017: db "images/11_017.rgba2",0
       65 73 2F 31 
       31 5F 30 31 
       37 2E 72 67 
       62 61 32 00 
0412D7 69 6D 61 67 0553*   fn_11_018: db "images/11_018.rgba2",0
       65 73 2F 31 
       31 5F 30 31 
       38 2E 72 67 
       62 61 32 00 
0412EB 69 6D 61 67 0554*   fn_11_019: db "images/11_019.rgba2",0
       65 73 2F 31 
       31 5F 30 31 
       39 2E 72 67 
       62 61 32 00 
0412FF 69 6D 61 67 0555*   fn_11_023: db "images/11_023.rgba2",0
       65 73 2F 31 
       31 5F 30 32 
       33 2E 72 67 
       62 61 32 00 
041313 69 6D 61 67 0556*   fn_11_027: db "images/11_027.rgba2",0
       65 73 2F 31 
       31 5F 30 32 
       37 2E 72 67 
       62 61 32 00 
041327 69 6D 61 67 0557*   fn_11_028: db "images/11_028.rgba2",0
       65 73 2F 31 
       31 5F 30 32 
       38 2E 72 67 
       62 61 32 00 
04133B 69 6D 61 67 0558*   fn_11_029: db "images/11_029.rgba2",0
       65 73 2F 31 
       31 5F 30 32 
       39 2E 72 67 
       62 61 32 00 
04134F 69 6D 61 67 0559*   fn_11_030: db "images/11_030.rgba2",0
       65 73 2F 31 
       31 5F 30 33 
       30 2E 72 67 
       62 61 32 00 
041363 69 6D 61 67 0560*   fn_11_031: db "images/11_031.rgba2",0
       65 73 2F 31 
       31 5F 30 33 
       31 2E 72 67 
       62 61 32 00 
041377 69 6D 61 67 0561*   fn_11_032: db "images/11_032.rgba2",0
       65 73 2F 31 
       31 5F 30 33 
       32 2E 72 67 
       62 61 32 00 
04138B 69 6D 61 67 0562*   fn_11_035: db "images/11_035.rgba2",0
       65 73 2F 31 
       31 5F 30 33 
       35 2E 72 67 
       62 61 32 00 
04139F 69 6D 61 67 0563*   fn_11_038: db "images/11_038.rgba2",0
       65 73 2F 31 
       31 5F 30 33 
       38 2E 72 67 
       62 61 32 00 
0413B3 69 6D 61 67 0564*   fn_11_039: db "images/11_039.rgba2",0
       65 73 2F 31 
       31 5F 30 33 
       39 2E 72 67 
       62 61 32 00 
0413C7 69 6D 61 67 0565*   fn_11_040: db "images/11_040.rgba2",0
       65 73 2F 31 
       31 5F 30 34 
       30 2E 72 67 
       62 61 32 00 
0413DB 69 6D 61 67 0566*   fn_11_041: db "images/11_041.rgba2",0
       65 73 2F 31 
       31 5F 30 34 
       31 2E 72 67 
       62 61 32 00 
0413EF 69 6D 61 67 0567*   fn_11_043: db "images/11_043.rgba2",0
       65 73 2F 31 
       31 5F 30 34 
       33 2E 72 67 
       62 61 32 00 
041403 69 6D 61 67 0568*   fn_11_045: db "images/11_045.rgba2",0
       65 73 2F 31 
       31 5F 30 34 
       35 2E 72 67 
       62 61 32 00 
041417 69 6D 61 67 0569*   fn_11_046: db "images/11_046.rgba2",0
       65 73 2F 31 
       31 5F 30 34 
       36 2E 72 67 
       62 61 32 00 
04142B 69 6D 61 67 0570*   fn_11_047: db "images/11_047.rgba2",0
       65 73 2F 31 
       31 5F 30 34 
       37 2E 72 67 
       62 61 32 00 
04143F 69 6D 61 67 0571*   fn_12_000: db "images/12_000.rgba2",0
       65 73 2F 31 
       32 5F 30 30 
       30 2E 72 67 
       62 61 32 00 
041453 69 6D 61 67 0572*   fn_12_001: db "images/12_001.rgba2",0
       65 73 2F 31 
       32 5F 30 30 
       31 2E 72 67 
       62 61 32 00 
041467 69 6D 61 67 0573*   fn_12_002: db "images/12_002.rgba2",0
       65 73 2F 31 
       32 5F 30 30 
       32 2E 72 67 
       62 61 32 00 
04147B 69 6D 61 67 0574*   fn_12_007: db "images/12_007.rgba2",0
       65 73 2F 31 
       32 5F 30 30 
       37 2E 72 67 
       62 61 32 00 
04148F 69 6D 61 67 0575*   fn_12_012: db "images/12_012.rgba2",0
       65 73 2F 31 
       32 5F 30 31 
       32 2E 72 67 
       62 61 32 00 
0414A3 69 6D 61 67 0576*   fn_12_013: db "images/12_013.rgba2",0
       65 73 2F 31 
       32 5F 30 31 
       33 2E 72 67 
       62 61 32 00 
0414B7 69 6D 61 67 0577*   fn_12_014: db "images/12_014.rgba2",0
       65 73 2F 31 
       32 5F 30 31 
       34 2E 72 67 
       62 61 32 00 
0414CB 69 6D 61 67 0578*   fn_12_015: db "images/12_015.rgba2",0
       65 73 2F 31 
       32 5F 30 31 
       35 2E 72 67 
       62 61 32 00 
0414DF 69 6D 61 67 0579*   fn_12_016: db "images/12_016.rgba2",0
       65 73 2F 31 
       32 5F 30 31 
       36 2E 72 67 
       62 61 32 00 
0414F3 69 6D 61 67 0580*   fn_12_017: db "images/12_017.rgba2",0
       65 73 2F 31 
       32 5F 30 31 
       37 2E 72 67 
       62 61 32 00 
041507 69 6D 61 67 0581*   fn_12_018: db "images/12_018.rgba2",0
       65 73 2F 31 
       32 5F 30 31 
       38 2E 72 67 
       62 61 32 00 
04151B 69 6D 61 67 0582*   fn_12_019: db "images/12_019.rgba2",0
       65 73 2F 31 
       32 5F 30 31 
       39 2E 72 67 
       62 61 32 00 
04152F 69 6D 61 67 0583*   fn_12_023: db "images/12_023.rgba2",0
       65 73 2F 31 
       32 5F 30 32 
       33 2E 72 67 
       62 61 32 00 
041543 69 6D 61 67 0584*   fn_12_027: db "images/12_027.rgba2",0
       65 73 2F 31 
       32 5F 30 32 
       37 2E 72 67 
       62 61 32 00 
041557 69 6D 61 67 0585*   fn_12_028: db "images/12_028.rgba2",0
       65 73 2F 31 
       32 5F 30 32 
       38 2E 72 67 
       62 61 32 00 
04156B 69 6D 61 67 0586*   fn_12_029: db "images/12_029.rgba2",0
       65 73 2F 31 
       32 5F 30 32 
       39 2E 72 67 
       62 61 32 00 
04157F 69 6D 61 67 0587*   fn_12_030: db "images/12_030.rgba2",0
       65 73 2F 31 
       32 5F 30 33 
       30 2E 72 67 
       62 61 32 00 
041593 69 6D 61 67 0588*   fn_12_031: db "images/12_031.rgba2",0
       65 73 2F 31 
       32 5F 30 33 
       31 2E 72 67 
       62 61 32 00 
0415A7 69 6D 61 67 0589*   fn_12_032: db "images/12_032.rgba2",0
       65 73 2F 31 
       32 5F 30 33 
       32 2E 72 67 
       62 61 32 00 
0415BB 69 6D 61 67 0590*   fn_12_035: db "images/12_035.rgba2",0
       65 73 2F 31 
       32 5F 30 33 
       35 2E 72 67 
       62 61 32 00 
0415CF 69 6D 61 67 0591*   fn_12_038: db "images/12_038.rgba2",0
       65 73 2F 31 
       32 5F 30 33 
       38 2E 72 67 
       62 61 32 00 
0415E3 69 6D 61 67 0592*   fn_12_039: db "images/12_039.rgba2",0
       65 73 2F 31 
       32 5F 30 33 
       39 2E 72 67 
       62 61 32 00 
0415F7 69 6D 61 67 0593*   fn_12_040: db "images/12_040.rgba2",0
       65 73 2F 31 
       32 5F 30 34 
       30 2E 72 67 
       62 61 32 00 
04160B 69 6D 61 67 0594*   fn_12_041: db "images/12_041.rgba2",0
       65 73 2F 31 
       32 5F 30 34 
       31 2E 72 67 
       62 61 32 00 
04161F 69 6D 61 67 0595*   fn_12_043: db "images/12_043.rgba2",0
       65 73 2F 31 
       32 5F 30 34 
       33 2E 72 67 
       62 61 32 00 
041633 69 6D 61 67 0596*   fn_12_045: db "images/12_045.rgba2",0
       65 73 2F 31 
       32 5F 30 34 
       35 2E 72 67 
       62 61 32 00 
041647 69 6D 61 67 0597*   fn_12_046: db "images/12_046.rgba2",0
       65 73 2F 31 
       32 5F 30 34 
       36 2E 72 67 
       62 61 32 00 
04165B 69 6D 61 67 0598*   fn_12_047: db "images/12_047.rgba2",0
       65 73 2F 31 
       32 5F 30 34 
       37 2E 72 67 
       62 61 32 00 
04166F 69 6D 61 67 0599*   fn_13_000: db "images/13_000.rgba2",0
       65 73 2F 31 
       33 5F 30 30 
       30 2E 72 67 
       62 61 32 00 
041683 69 6D 61 67 0600*   fn_13_001: db "images/13_001.rgba2",0
       65 73 2F 31 
       33 5F 30 30 
       31 2E 72 67 
       62 61 32 00 
041697 69 6D 61 67 0601*   fn_13_002: db "images/13_002.rgba2",0
       65 73 2F 31 
       33 5F 30 30 
       32 2E 72 67 
       62 61 32 00 
0416AB 69 6D 61 67 0602*   fn_13_007: db "images/13_007.rgba2",0
       65 73 2F 31 
       33 5F 30 30 
       37 2E 72 67 
       62 61 32 00 
0416BF 69 6D 61 67 0603*   fn_13_012: db "images/13_012.rgba2",0
       65 73 2F 31 
       33 5F 30 31 
       32 2E 72 67 
       62 61 32 00 
0416D3 69 6D 61 67 0604*   fn_13_013: db "images/13_013.rgba2",0
       65 73 2F 31 
       33 5F 30 31 
       33 2E 72 67 
       62 61 32 00 
0416E7 69 6D 61 67 0605*   fn_13_014: db "images/13_014.rgba2",0
       65 73 2F 31 
       33 5F 30 31 
       34 2E 72 67 
       62 61 32 00 
0416FB 69 6D 61 67 0606*   fn_13_015: db "images/13_015.rgba2",0
       65 73 2F 31 
       33 5F 30 31 
       35 2E 72 67 
       62 61 32 00 
04170F 69 6D 61 67 0607*   fn_13_016: db "images/13_016.rgba2",0
       65 73 2F 31 
       33 5F 30 31 
       36 2E 72 67 
       62 61 32 00 
041723 69 6D 61 67 0608*   fn_13_017: db "images/13_017.rgba2",0
       65 73 2F 31 
       33 5F 30 31 
       37 2E 72 67 
       62 61 32 00 
041737 69 6D 61 67 0609*   fn_13_018: db "images/13_018.rgba2",0
       65 73 2F 31 
       33 5F 30 31 
       38 2E 72 67 
       62 61 32 00 
04174B 69 6D 61 67 0610*   fn_13_019: db "images/13_019.rgba2",0
       65 73 2F 31 
       33 5F 30 31 
       39 2E 72 67 
       62 61 32 00 
04175F 69 6D 61 67 0611*   fn_13_023: db "images/13_023.rgba2",0
       65 73 2F 31 
       33 5F 30 32 
       33 2E 72 67 
       62 61 32 00 
041773 69 6D 61 67 0612*   fn_13_027: db "images/13_027.rgba2",0
       65 73 2F 31 
       33 5F 30 32 
       37 2E 72 67 
       62 61 32 00 
041787 69 6D 61 67 0613*   fn_13_028: db "images/13_028.rgba2",0
       65 73 2F 31 
       33 5F 30 32 
       38 2E 72 67 
       62 61 32 00 
04179B 69 6D 61 67 0614*   fn_13_029: db "images/13_029.rgba2",0
       65 73 2F 31 
       33 5F 30 32 
       39 2E 72 67 
       62 61 32 00 
0417AF 69 6D 61 67 0615*   fn_13_030: db "images/13_030.rgba2",0
       65 73 2F 31 
       33 5F 30 33 
       30 2E 72 67 
       62 61 32 00 
0417C3 69 6D 61 67 0616*   fn_13_031: db "images/13_031.rgba2",0
       65 73 2F 31 
       33 5F 30 33 
       31 2E 72 67 
       62 61 32 00 
0417D7 69 6D 61 67 0617*   fn_13_032: db "images/13_032.rgba2",0
       65 73 2F 31 
       33 5F 30 33 
       32 2E 72 67 
       62 61 32 00 
0417EB 69 6D 61 67 0618*   fn_13_035: db "images/13_035.rgba2",0
       65 73 2F 31 
       33 5F 30 33 
       35 2E 72 67 
       62 61 32 00 
0417FF 69 6D 61 67 0619*   fn_13_038: db "images/13_038.rgba2",0
       65 73 2F 31 
       33 5F 30 33 
       38 2E 72 67 
       62 61 32 00 
041813 69 6D 61 67 0620*   fn_13_039: db "images/13_039.rgba2",0
       65 73 2F 31 
       33 5F 30 33 
       39 2E 72 67 
       62 61 32 00 
041827 69 6D 61 67 0621*   fn_13_040: db "images/13_040.rgba2",0
       65 73 2F 31 
       33 5F 30 34 
       30 2E 72 67 
       62 61 32 00 
04183B 69 6D 61 67 0622*   fn_13_041: db "images/13_041.rgba2",0
       65 73 2F 31 
       33 5F 30 34 
       31 2E 72 67 
       62 61 32 00 
04184F 69 6D 61 67 0623*   fn_13_043: db "images/13_043.rgba2",0
       65 73 2F 31 
       33 5F 30 34 
       33 2E 72 67 
       62 61 32 00 
041863 69 6D 61 67 0624*   fn_13_045: db "images/13_045.rgba2",0
       65 73 2F 31 
       33 5F 30 34 
       35 2E 72 67 
       62 61 32 00 
041877 69 6D 61 67 0625*   fn_13_046: db "images/13_046.rgba2",0
       65 73 2F 31 
       33 5F 30 34 
       36 2E 72 67 
       62 61 32 00 
04188B 69 6D 61 67 0626*   fn_13_047: db "images/13_047.rgba2",0
       65 73 2F 31 
       33 5F 30 34 
       37 2E 72 67 
       62 61 32 00 
04189F 69 6D 61 67 0627*   fn_14_000: db "images/14_000.rgba2",0
       65 73 2F 31 
       34 5F 30 30 
       30 2E 72 67 
       62 61 32 00 
0418B3 69 6D 61 67 0628*   fn_14_001: db "images/14_001.rgba2",0
       65 73 2F 31 
       34 5F 30 30 
       31 2E 72 67 
       62 61 32 00 
0418C7 69 6D 61 67 0629*   fn_14_002: db "images/14_002.rgba2",0
       65 73 2F 31 
       34 5F 30 30 
       32 2E 72 67 
       62 61 32 00 
0418DB 69 6D 61 67 0630*   fn_14_007: db "images/14_007.rgba2",0
       65 73 2F 31 
       34 5F 30 30 
       37 2E 72 67 
       62 61 32 00 
0418EF 69 6D 61 67 0631*   fn_14_012: db "images/14_012.rgba2",0
       65 73 2F 31 
       34 5F 30 31 
       32 2E 72 67 
       62 61 32 00 
041903 69 6D 61 67 0632*   fn_14_013: db "images/14_013.rgba2",0
       65 73 2F 31 
       34 5F 30 31 
       33 2E 72 67 
       62 61 32 00 
041917 69 6D 61 67 0633*   fn_14_014: db "images/14_014.rgba2",0
       65 73 2F 31 
       34 5F 30 31 
       34 2E 72 67 
       62 61 32 00 
04192B 69 6D 61 67 0634*   fn_14_015: db "images/14_015.rgba2",0
       65 73 2F 31 
       34 5F 30 31 
       35 2E 72 67 
       62 61 32 00 
04193F 69 6D 61 67 0635*   fn_14_016: db "images/14_016.rgba2",0
       65 73 2F 31 
       34 5F 30 31 
       36 2E 72 67 
       62 61 32 00 
041953 69 6D 61 67 0636*   fn_14_017: db "images/14_017.rgba2",0
       65 73 2F 31 
       34 5F 30 31 
       37 2E 72 67 
       62 61 32 00 
041967 69 6D 61 67 0637*   fn_14_018: db "images/14_018.rgba2",0
       65 73 2F 31 
       34 5F 30 31 
       38 2E 72 67 
       62 61 32 00 
04197B 69 6D 61 67 0638*   fn_14_019: db "images/14_019.rgba2",0
       65 73 2F 31 
       34 5F 30 31 
       39 2E 72 67 
       62 61 32 00 
04198F 69 6D 61 67 0639*   fn_14_023: db "images/14_023.rgba2",0
       65 73 2F 31 
       34 5F 30 32 
       33 2E 72 67 
       62 61 32 00 
0419A3 69 6D 61 67 0640*   fn_14_027: db "images/14_027.rgba2",0
       65 73 2F 31 
       34 5F 30 32 
       37 2E 72 67 
       62 61 32 00 
0419B7 69 6D 61 67 0641*   fn_14_028: db "images/14_028.rgba2",0
       65 73 2F 31 
       34 5F 30 32 
       38 2E 72 67 
       62 61 32 00 
0419CB 69 6D 61 67 0642*   fn_14_029: db "images/14_029.rgba2",0
       65 73 2F 31 
       34 5F 30 32 
       39 2E 72 67 
       62 61 32 00 
0419DF 69 6D 61 67 0643*   fn_14_030: db "images/14_030.rgba2",0
       65 73 2F 31 
       34 5F 30 33 
       30 2E 72 67 
       62 61 32 00 
0419F3 69 6D 61 67 0644*   fn_14_031: db "images/14_031.rgba2",0
       65 73 2F 31 
       34 5F 30 33 
       31 2E 72 67 
       62 61 32 00 
041A07 69 6D 61 67 0645*   fn_14_032: db "images/14_032.rgba2",0
       65 73 2F 31 
       34 5F 30 33 
       32 2E 72 67 
       62 61 32 00 
041A1B 69 6D 61 67 0646*   fn_14_035: db "images/14_035.rgba2",0
       65 73 2F 31 
       34 5F 30 33 
       35 2E 72 67 
       62 61 32 00 
041A2F 69 6D 61 67 0647*   fn_14_038: db "images/14_038.rgba2",0
       65 73 2F 31 
       34 5F 30 33 
       38 2E 72 67 
       62 61 32 00 
041A43 69 6D 61 67 0648*   fn_14_039: db "images/14_039.rgba2",0
       65 73 2F 31 
       34 5F 30 33 
       39 2E 72 67 
       62 61 32 00 
041A57 69 6D 61 67 0649*   fn_14_040: db "images/14_040.rgba2",0
       65 73 2F 31 
       34 5F 30 34 
       30 2E 72 67 
       62 61 32 00 
041A6B 69 6D 61 67 0650*   fn_14_041: db "images/14_041.rgba2",0
       65 73 2F 31 
       34 5F 30 34 
       31 2E 72 67 
       62 61 32 00 
041A7F 69 6D 61 67 0651*   fn_14_043: db "images/14_043.rgba2",0
       65 73 2F 31 
       34 5F 30 34 
       33 2E 72 67 
       62 61 32 00 
041A93 69 6D 61 67 0652*   fn_14_045: db "images/14_045.rgba2",0
       65 73 2F 31 
       34 5F 30 34 
       35 2E 72 67 
       62 61 32 00 
041AA7 69 6D 61 67 0653*   fn_14_046: db "images/14_046.rgba2",0
       65 73 2F 31 
       34 5F 30 34 
       36 2E 72 67 
       62 61 32 00 
041ABB 69 6D 61 67 0654*   fn_14_047: db "images/14_047.rgba2",0
       65 73 2F 31 
       34 5F 30 34 
       37 2E 72 67 
       62 61 32 00 
041ACF 69 6D 61 67 0655*   fn_15_000: db "images/15_000.rgba2",0
       65 73 2F 31 
       35 5F 30 30 
       30 2E 72 67 
       62 61 32 00 
041AE3 69 6D 61 67 0656*   fn_15_001: db "images/15_001.rgba2",0
       65 73 2F 31 
       35 5F 30 30 
       31 2E 72 67 
       62 61 32 00 
041AF7 69 6D 61 67 0657*   fn_15_002: db "images/15_002.rgba2",0
       65 73 2F 31 
       35 5F 30 30 
       32 2E 72 67 
       62 61 32 00 
041B0B 69 6D 61 67 0658*   fn_15_007: db "images/15_007.rgba2",0
       65 73 2F 31 
       35 5F 30 30 
       37 2E 72 67 
       62 61 32 00 
041B1F 69 6D 61 67 0659*   fn_15_012: db "images/15_012.rgba2",0
       65 73 2F 31 
       35 5F 30 31 
       32 2E 72 67 
       62 61 32 00 
041B33 69 6D 61 67 0660*   fn_15_013: db "images/15_013.rgba2",0
       65 73 2F 31 
       35 5F 30 31 
       33 2E 72 67 
       62 61 32 00 
041B47 69 6D 61 67 0661*   fn_15_014: db "images/15_014.rgba2",0
       65 73 2F 31 
       35 5F 30 31 
       34 2E 72 67 
       62 61 32 00 
041B5B 69 6D 61 67 0662*   fn_15_015: db "images/15_015.rgba2",0
       65 73 2F 31 
       35 5F 30 31 
       35 2E 72 67 
       62 61 32 00 
041B6F 69 6D 61 67 0663*   fn_15_016: db "images/15_016.rgba2",0
       65 73 2F 31 
       35 5F 30 31 
       36 2E 72 67 
       62 61 32 00 
041B83 69 6D 61 67 0664*   fn_15_017: db "images/15_017.rgba2",0
       65 73 2F 31 
       35 5F 30 31 
       37 2E 72 67 
       62 61 32 00 
041B97 69 6D 61 67 0665*   fn_15_018: db "images/15_018.rgba2",0
       65 73 2F 31 
       35 5F 30 31 
       38 2E 72 67 
       62 61 32 00 
041BAB 69 6D 61 67 0666*   fn_15_019: db "images/15_019.rgba2",0
       65 73 2F 31 
       35 5F 30 31 
       39 2E 72 67 
       62 61 32 00 
041BBF 69 6D 61 67 0667*   fn_15_023: db "images/15_023.rgba2",0
       65 73 2F 31 
       35 5F 30 32 
       33 2E 72 67 
       62 61 32 00 
041BD3 69 6D 61 67 0668*   fn_15_027: db "images/15_027.rgba2",0
       65 73 2F 31 
       35 5F 30 32 
       37 2E 72 67 
       62 61 32 00 
041BE7 69 6D 61 67 0669*   fn_15_028: db "images/15_028.rgba2",0
       65 73 2F 31 
       35 5F 30 32 
       38 2E 72 67 
       62 61 32 00 
041BFB 69 6D 61 67 0670*   fn_15_029: db "images/15_029.rgba2",0
       65 73 2F 31 
       35 5F 30 32 
       39 2E 72 67 
       62 61 32 00 
041C0F 69 6D 61 67 0671*   fn_15_030: db "images/15_030.rgba2",0
       65 73 2F 31 
       35 5F 30 33 
       30 2E 72 67 
       62 61 32 00 
041C23 69 6D 61 67 0672*   fn_15_031: db "images/15_031.rgba2",0
       65 73 2F 31 
       35 5F 30 33 
       31 2E 72 67 
       62 61 32 00 
041C37 69 6D 61 67 0673*   fn_15_032: db "images/15_032.rgba2",0
       65 73 2F 31 
       35 5F 30 33 
       32 2E 72 67 
       62 61 32 00 
041C4B 69 6D 61 67 0674*   fn_15_035: db "images/15_035.rgba2",0
       65 73 2F 31 
       35 5F 30 33 
       35 2E 72 67 
       62 61 32 00 
041C5F 69 6D 61 67 0675*   fn_15_038: db "images/15_038.rgba2",0
       65 73 2F 31 
       35 5F 30 33 
       38 2E 72 67 
       62 61 32 00 
041C73 69 6D 61 67 0676*   fn_15_039: db "images/15_039.rgba2",0
       65 73 2F 31 
       35 5F 30 33 
       39 2E 72 67 
       62 61 32 00 
041C87 69 6D 61 67 0677*   fn_15_040: db "images/15_040.rgba2",0
       65 73 2F 31 
       35 5F 30 34 
       30 2E 72 67 
       62 61 32 00 
041C9B 69 6D 61 67 0678*   fn_15_041: db "images/15_041.rgba2",0
       65 73 2F 31 
       35 5F 30 34 
       31 2E 72 67 
       62 61 32 00 
041CAF 69 6D 61 67 0679*   fn_15_043: db "images/15_043.rgba2",0
       65 73 2F 31 
       35 5F 30 34 
       33 2E 72 67 
       62 61 32 00 
041CC3 69 6D 61 67 0680*   fn_15_045: db "images/15_045.rgba2",0
       65 73 2F 31 
       35 5F 30 34 
       35 2E 72 67 
       62 61 32 00 
041CD7 69 6D 61 67 0681*   fn_15_046: db "images/15_046.rgba2",0
       65 73 2F 31 
       35 5F 30 34 
       36 2E 72 67 
       62 61 32 00 
041CEB 69 6D 61 67 0682*   fn_15_047: db "images/15_047.rgba2",0
       65 73 2F 31 
       35 5F 30 34 
       37 2E 72 67 
       62 61 32 00 
041CFF 69 6D 61 67 0683*   fn_16_000: db "images/16_000.rgba2",0
       65 73 2F 31 
       36 5F 30 30 
       30 2E 72 67 
       62 61 32 00 
041D13 69 6D 61 67 0684*   fn_16_001: db "images/16_001.rgba2",0
       65 73 2F 31 
       36 5F 30 30 
       31 2E 72 67 
       62 61 32 00 
041D27 69 6D 61 67 0685*   fn_16_002: db "images/16_002.rgba2",0
       65 73 2F 31 
       36 5F 30 30 
       32 2E 72 67 
       62 61 32 00 
041D3B 69 6D 61 67 0686*   fn_16_007: db "images/16_007.rgba2",0
       65 73 2F 31 
       36 5F 30 30 
       37 2E 72 67 
       62 61 32 00 
041D4F 69 6D 61 67 0687*   fn_16_012: db "images/16_012.rgba2",0
       65 73 2F 31 
       36 5F 30 31 
       32 2E 72 67 
       62 61 32 00 
041D63 69 6D 61 67 0688*   fn_16_013: db "images/16_013.rgba2",0
       65 73 2F 31 
       36 5F 30 31 
       33 2E 72 67 
       62 61 32 00 
041D77 69 6D 61 67 0689*   fn_16_014: db "images/16_014.rgba2",0
       65 73 2F 31 
       36 5F 30 31 
       34 2E 72 67 
       62 61 32 00 
041D8B 69 6D 61 67 0690*   fn_16_015: db "images/16_015.rgba2",0
       65 73 2F 31 
       36 5F 30 31 
       35 2E 72 67 
       62 61 32 00 
041D9F 69 6D 61 67 0691*   fn_16_016: db "images/16_016.rgba2",0
       65 73 2F 31 
       36 5F 30 31 
       36 2E 72 67 
       62 61 32 00 
041DB3 69 6D 61 67 0692*   fn_16_017: db "images/16_017.rgba2",0
       65 73 2F 31 
       36 5F 30 31 
       37 2E 72 67 
       62 61 32 00 
041DC7 69 6D 61 67 0693*   fn_16_018: db "images/16_018.rgba2",0
       65 73 2F 31 
       36 5F 30 31 
       38 2E 72 67 
       62 61 32 00 
041DDB 69 6D 61 67 0694*   fn_16_019: db "images/16_019.rgba2",0
       65 73 2F 31 
       36 5F 30 31 
       39 2E 72 67 
       62 61 32 00 
041DEF 69 6D 61 67 0695*   fn_16_023: db "images/16_023.rgba2",0
       65 73 2F 31 
       36 5F 30 32 
       33 2E 72 67 
       62 61 32 00 
041E03 69 6D 61 67 0696*   fn_16_027: db "images/16_027.rgba2",0
       65 73 2F 31 
       36 5F 30 32 
       37 2E 72 67 
       62 61 32 00 
041E17 69 6D 61 67 0697*   fn_16_028: db "images/16_028.rgba2",0
       65 73 2F 31 
       36 5F 30 32 
       38 2E 72 67 
       62 61 32 00 
041E2B 69 6D 61 67 0698*   fn_16_029: db "images/16_029.rgba2",0
       65 73 2F 31 
       36 5F 30 32 
       39 2E 72 67 
       62 61 32 00 
041E3F 69 6D 61 67 0699*   fn_16_030: db "images/16_030.rgba2",0
       65 73 2F 31 
       36 5F 30 33 
       30 2E 72 67 
       62 61 32 00 
041E53 69 6D 61 67 0700*   fn_16_031: db "images/16_031.rgba2",0
       65 73 2F 31 
       36 5F 30 33 
       31 2E 72 67 
       62 61 32 00 
041E67 69 6D 61 67 0701*   fn_16_032: db "images/16_032.rgba2",0
       65 73 2F 31 
       36 5F 30 33 
       32 2E 72 67 
       62 61 32 00 
041E7B 69 6D 61 67 0702*   fn_16_035: db "images/16_035.rgba2",0
       65 73 2F 31 
       36 5F 30 33 
       35 2E 72 67 
       62 61 32 00 
041E8F 69 6D 61 67 0703*   fn_16_038: db "images/16_038.rgba2",0
       65 73 2F 31 
       36 5F 30 33 
       38 2E 72 67 
       62 61 32 00 
041EA3 69 6D 61 67 0704*   fn_16_039: db "images/16_039.rgba2",0
       65 73 2F 31 
       36 5F 30 33 
       39 2E 72 67 
       62 61 32 00 
041EB7 69 6D 61 67 0705*   fn_16_040: db "images/16_040.rgba2",0
       65 73 2F 31 
       36 5F 30 34 
       30 2E 72 67 
       62 61 32 00 
041ECB 69 6D 61 67 0706*   fn_16_041: db "images/16_041.rgba2",0
       65 73 2F 31 
       36 5F 30 34 
       31 2E 72 67 
       62 61 32 00 
041EDF 69 6D 61 67 0707*   fn_16_043: db "images/16_043.rgba2",0
       65 73 2F 31 
       36 5F 30 34 
       33 2E 72 67 
       62 61 32 00 
041EF3 69 6D 61 67 0708*   fn_16_045: db "images/16_045.rgba2",0
       65 73 2F 31 
       36 5F 30 34 
       35 2E 72 67 
       62 61 32 00 
041F07 69 6D 61 67 0709*   fn_16_046: db "images/16_046.rgba2",0
       65 73 2F 31 
       36 5F 30 34 
       36 2E 72 67 
       62 61 32 00 
041F1B 69 6D 61 67 0710*   fn_16_047: db "images/16_047.rgba2",0
       65 73 2F 31 
       36 5F 30 34 
       37 2E 72 67 
       62 61 32 00 
041F2F 69 6D 61 67 0711*   fn_17_000: db "images/17_000.rgba2",0
       65 73 2F 31 
       37 5F 30 30 
       30 2E 72 67 
       62 61 32 00 
041F43 69 6D 61 67 0712*   fn_17_001: db "images/17_001.rgba2",0
       65 73 2F 31 
       37 5F 30 30 
       31 2E 72 67 
       62 61 32 00 
041F57 69 6D 61 67 0713*   fn_17_002: db "images/17_002.rgba2",0
       65 73 2F 31 
       37 5F 30 30 
       32 2E 72 67 
       62 61 32 00 
041F6B 69 6D 61 67 0714*   fn_17_007: db "images/17_007.rgba2",0
       65 73 2F 31 
       37 5F 30 30 
       37 2E 72 67 
       62 61 32 00 
041F7F 69 6D 61 67 0715*   fn_17_012: db "images/17_012.rgba2",0
       65 73 2F 31 
       37 5F 30 31 
       32 2E 72 67 
       62 61 32 00 
041F93 69 6D 61 67 0716*   fn_17_013: db "images/17_013.rgba2",0
       65 73 2F 31 
       37 5F 30 31 
       33 2E 72 67 
       62 61 32 00 
041FA7 69 6D 61 67 0717*   fn_17_014: db "images/17_014.rgba2",0
       65 73 2F 31 
       37 5F 30 31 
       34 2E 72 67 
       62 61 32 00 
041FBB 69 6D 61 67 0718*   fn_17_015: db "images/17_015.rgba2",0
       65 73 2F 31 
       37 5F 30 31 
       35 2E 72 67 
       62 61 32 00 
041FCF 69 6D 61 67 0719*   fn_17_016: db "images/17_016.rgba2",0
       65 73 2F 31 
       37 5F 30 31 
       36 2E 72 67 
       62 61 32 00 
041FE3 69 6D 61 67 0720*   fn_17_017: db "images/17_017.rgba2",0
       65 73 2F 31 
       37 5F 30 31 
       37 2E 72 67 
       62 61 32 00 
041FF7 69 6D 61 67 0721*   fn_17_018: db "images/17_018.rgba2",0
       65 73 2F 31 
       37 5F 30 31 
       38 2E 72 67 
       62 61 32 00 
04200B 69 6D 61 67 0722*   fn_17_019: db "images/17_019.rgba2",0
       65 73 2F 31 
       37 5F 30 31 
       39 2E 72 67 
       62 61 32 00 
04201F 69 6D 61 67 0723*   fn_17_023: db "images/17_023.rgba2",0
       65 73 2F 31 
       37 5F 30 32 
       33 2E 72 67 
       62 61 32 00 
042033 69 6D 61 67 0724*   fn_17_027: db "images/17_027.rgba2",0
       65 73 2F 31 
       37 5F 30 32 
       37 2E 72 67 
       62 61 32 00 
042047 69 6D 61 67 0725*   fn_17_028: db "images/17_028.rgba2",0
       65 73 2F 31 
       37 5F 30 32 
       38 2E 72 67 
       62 61 32 00 
04205B 69 6D 61 67 0726*   fn_17_029: db "images/17_029.rgba2",0
       65 73 2F 31 
       37 5F 30 32 
       39 2E 72 67 
       62 61 32 00 
04206F 69 6D 61 67 0727*   fn_17_030: db "images/17_030.rgba2",0
       65 73 2F 31 
       37 5F 30 33 
       30 2E 72 67 
       62 61 32 00 
042083 69 6D 61 67 0728*   fn_17_031: db "images/17_031.rgba2",0
       65 73 2F 31 
       37 5F 30 33 
       31 2E 72 67 
       62 61 32 00 
042097 69 6D 61 67 0729*   fn_17_032: db "images/17_032.rgba2",0
       65 73 2F 31 
       37 5F 30 33 
       32 2E 72 67 
       62 61 32 00 
0420AB 69 6D 61 67 0730*   fn_17_035: db "images/17_035.rgba2",0
       65 73 2F 31 
       37 5F 30 33 
       35 2E 72 67 
       62 61 32 00 
0420BF 69 6D 61 67 0731*   fn_17_038: db "images/17_038.rgba2",0
       65 73 2F 31 
       37 5F 30 33 
       38 2E 72 67 
       62 61 32 00 
0420D3 69 6D 61 67 0732*   fn_17_039: db "images/17_039.rgba2",0
       65 73 2F 31 
       37 5F 30 33 
       39 2E 72 67 
       62 61 32 00 
0420E7 69 6D 61 67 0733*   fn_17_040: db "images/17_040.rgba2",0
       65 73 2F 31 
       37 5F 30 34 
       30 2E 72 67 
       62 61 32 00 
0420FB 69 6D 61 67 0734*   fn_17_041: db "images/17_041.rgba2",0
       65 73 2F 31 
       37 5F 30 34 
       31 2E 72 67 
       62 61 32 00 
04210F 69 6D 61 67 0735*   fn_17_043: db "images/17_043.rgba2",0
       65 73 2F 31 
       37 5F 30 34 
       33 2E 72 67 
       62 61 32 00 
042123 69 6D 61 67 0736*   fn_17_045: db "images/17_045.rgba2",0
       65 73 2F 31 
       37 5F 30 34 
       35 2E 72 67 
       62 61 32 00 
042137 69 6D 61 67 0737*   fn_17_046: db "images/17_046.rgba2",0
       65 73 2F 31 
       37 5F 30 34 
       36 2E 72 67 
       62 61 32 00 
04214B 69 6D 61 67 0738*   fn_17_047: db "images/17_047.rgba2",0
       65 73 2F 31 
       37 5F 30 34 
       37 2E 72 67 
       62 61 32 00 
04215F 69 6D 61 67 0739*   fn_20_007: db "images/20_007.rgba2",0
       65 73 2F 32 
       30 5F 30 30 
       37 2E 72 67 
       62 61 32 00 
042173 69 6D 61 67 0740*   fn_20_023: db "images/20_023.rgba2",0
       65 73 2F 32 
       30 5F 30 32 
       33 2E 72 67 
       62 61 32 00 
042187 69 6D 61 67 0741*   fn_20_035: db "images/20_035.rgba2",0
       65 73 2F 32 
       30 5F 30 33 
       35 2E 72 67 
       62 61 32 00 
04219B 69 6D 61 67 0742*   fn_20_043: db "images/20_043.rgba2",0
       65 73 2F 32 
       30 5F 30 34 
       33 2E 72 67 
       62 61 32 00 
0421AF 69 6D 61 67 0743*   fn_20_047: db "images/20_047.rgba2",0
       65 73 2F 32 
       30 5F 30 34 
       37 2E 72 67 
       62 61 32 00 
0421C3 69 6D 61 67 0744*   fn_21_007: db "images/21_007.rgba2",0
       65 73 2F 32 
       31 5F 30 30 
       37 2E 72 67 
       62 61 32 00 
0421D7 69 6D 61 67 0745*   fn_21_023: db "images/21_023.rgba2",0
       65 73 2F 32 
       31 5F 30 32 
       33 2E 72 67 
       62 61 32 00 
0421EB 69 6D 61 67 0746*   fn_21_035: db "images/21_035.rgba2",0
       65 73 2F 32 
       31 5F 30 33 
       35 2E 72 67 
       62 61 32 00 
0421FF 69 6D 61 67 0747*   fn_21_043: db "images/21_043.rgba2",0
       65 73 2F 32 
       31 5F 30 34 
       33 2E 72 67 
       62 61 32 00 
042213 69 6D 61 67 0748*   fn_21_047: db "images/21_047.rgba2",0
       65 73 2F 32 
       31 5F 30 34 
       37 2E 72 67 
       62 61 32 00 
042227 69 6D 61 67 0749*   fn_22_007: db "images/22_007.rgba2",0
       65 73 2F 32 
       32 5F 30 30 
       37 2E 72 67 
       62 61 32 00 
04223B 69 6D 61 67 0750*   fn_22_023: db "images/22_023.rgba2",0
       65 73 2F 32 
       32 5F 30 32 
       33 2E 72 67 
       62 61 32 00 
04224F 69 6D 61 67 0751*   fn_22_035: db "images/22_035.rgba2",0
       65 73 2F 32 
       32 5F 30 33 
       35 2E 72 67 
       62 61 32 00 
042263 69 6D 61 67 0752*   fn_22_043: db "images/22_043.rgba2",0
       65 73 2F 32 
       32 5F 30 34 
       33 2E 72 67 
       62 61 32 00 
042277 69 6D 61 67 0753*   fn_22_047: db "images/22_047.rgba2",0
       65 73 2F 32 
       32 5F 30 34 
       37 2E 72 67 
       62 61 32 00 
04228B 69 6D 61 67 0754*   fn_23_007: db "images/23_007.rgba2",0
       65 73 2F 32 
       33 5F 30 30 
       37 2E 72 67 
       62 61 32 00 
04229F 69 6D 61 67 0755*   fn_23_023: db "images/23_023.rgba2",0
       65 73 2F 32 
       33 5F 30 32 
       33 2E 72 67 
       62 61 32 00 
0422B3 69 6D 61 67 0756*   fn_23_035: db "images/23_035.rgba2",0
       65 73 2F 32 
       33 5F 30 33 
       35 2E 72 67 
       62 61 32 00 
0422C7 69 6D 61 67 0757*   fn_23_043: db "images/23_043.rgba2",0
       65 73 2F 32 
       33 5F 30 34 
       33 2E 72 67 
       62 61 32 00 
0422DB 69 6D 61 67 0758*   fn_23_047: db "images/23_047.rgba2",0
       65 73 2F 32 
       33 5F 30 34 
       37 2E 72 67 
       62 61 32 00 
0422EF 69 6D 61 67 0759*   fn_24_007: db "images/24_007.rgba2",0
       65 73 2F 32 
       34 5F 30 30 
       37 2E 72 67 
       62 61 32 00 
042303 69 6D 61 67 0760*   fn_24_023: db "images/24_023.rgba2",0
       65 73 2F 32 
       34 5F 30 32 
       33 2E 72 67 
       62 61 32 00 
042317 69 6D 61 67 0761*   fn_24_035: db "images/24_035.rgba2",0
       65 73 2F 32 
       34 5F 30 33 
       35 2E 72 67 
       62 61 32 00 
04232B 69 6D 61 67 0762*   fn_24_043: db "images/24_043.rgba2",0
       65 73 2F 32 
       34 5F 30 34 
       33 2E 72 67 
       62 61 32 00 
04233F 69 6D 61 67 0763*   fn_24_047: db "images/24_047.rgba2",0
       65 73 2F 32 
       34 5F 30 34 
       37 2E 72 67 
       62 61 32 00 
042353             0035        include "timer.inc"
042353             0001*   ; Table 32. Timer Control Registers
042353             0002*   ; this constant is the base address of the timer control registers
042353             0003*   ; each timer takes three bytes:
042353             0004*   ;   0: control register
042353             0005*   ;   1: low byte of timer reset value
042353             0006*   ;   2: high byte of timer reset value
042353             0007*   ; note that the value is only 8-bits,so we use in0/out0 i/o calls,
042353             0008*   ; which correctly force the high and upper bytes of the address bus to zero
042353             0009*   TMR_CTL:     equ 80h
042353             0010*   
042353             0011*   ; Timer Control Register Bit Definitions
042353             0012*   PRT_IRQ_0:    equ %00000000 ; The timer does not reach its end-of-count value.
042353             0013*                               ; This bit is reset to 0 every time the TMRx_CTL register is read.
042353             0014*   PRT_IRQ_1:    equ %10000000 ; The timer reaches its end-of-count value. If IRQ_EN is set to 1,
042353             0015*                               ; an interrupt signal is sent to the CPU. This bit remains 1 until
042353             0016*                               ; the TMRx_CTL register is read.
042353             0017*   
042353             0018*   IRQ_EN_0:     equ %00000000 ; Timer interrupt requests are disabled.
042353             0019*   IRQ_EN_1:     equ %01000000 ; Timer interrupt requests are enabled.
042353             0020*   
042353             0021*   PRT_MODE_0:   equ %00000000 ; The timer operates in SINGLE PASS mode. PRT_EN (bit 0) is reset to
042353             0022*                               ;  0,and counting stops when the end-of-count value is reached.
042353             0023*   PRT_MODE_1:   equ %00010000 ; The timer operates in CONTINUOUS mode. The timer reload value is
042353             0024*                               ; written to the counter when the end-of-count value is reached.
042353             0025*   
042353             0026*   ; CLK_DIV is a 2-bit mask that sets the timer input source clock divider
042353             0027*   CLK_DIV_256:  equ %00001100 ;
042353             0028*   CLK_DIV_64:   equ %00001000 ;
042353             0029*   CLK_DIV_16:   equ %00000100 ;
042353             0030*   CLK_DIV_4:    equ %00000000 ;
042353             0031*   
042353             0032*   RST_EN_0:     equ %00000000 ; The reload and restart function is disabled.
042353             0033*   RST_EN_1:     equ %00000010 ; The reload and restart function is enabled.
042353             0034*                               ; When a 1 is written to this bit,the values in the reload registers
042353             0035*                               ;  are loaded into the downcounter when the timer restarts. The
042353             0036*                               ; programmer must ensure that this bit is set to 1 each time
042353             0037*                               ; SINGLE-PASS mode is used.
042353             0038*   
042353             0039*   ; disable/enable the programmable reload timer
042353             0040*   PRT_EN_0:     equ %00000000 ;
042353             0041*   PRT_EN_1:     equ %00000001 ;
042353             0042*   
042353             0043*   ; Table 37. Timer Input Source Select Register
042353             0044*   ; Each of the 4 timers are allocated two bits of the 8-bit register
042353             0045*   ; in little-endian order,with TMR0 using bits 0 and 1,TMR1 using bits 2 and 3,etc.
042353             0046*   ;   00: System clock / CLK_DIV
042353             0047*   ;   01: RTC / CLK_DIV
042353             0048*   ;   NOTE: these are the values given in the manual,but it may be a typo
042353             0049*   ;   10: GPIO port B pin 1.
042353             0050*   ;   11: GPIO port B pin 1.
042353             0051*   TMR_ISS:   equ 92h ; register address
042353             0052*   
042353             0053*   ; Table 51. Real-Time Clock Control Register
042353             0054*   RTC_CTRL: equ EDh ; register address
042353             0055*   
042353             0056*   ; alarm interrupt disable/enable
042353             0057*   RTC_ALARM_0:    equ %00000000
042353             0058*   RTC_ALARM_1:    equ %10000000
042353             0059*   
042353             0060*   ; interrupt on alarm disable/enable
042353             0061*   RTC_INT_ENT_0:  equ %00000000
042353             0062*   RTC_INT_ENT_1:  equ %01000000
042353             0063*   
042353             0064*   RTC_BCD_EN_0:   equ %00000000   ; RTC count and alarm registers are binary
042353             0065*   RTC_BCD_EN_1:   equ %00100000   ; RTC count and alarm registers are BCD
042353             0066*   
042353             0067*   RTC_CLK_SEL_0:  equ %00000000   ; RTC clock source is crystal oscillator output (32768 Hz).
042353             0068*                                   ; On-chip 32768 Hz oscillator is enabled.
042353             0069*   RTC_CLK_SEL_1:  equ %00010000   ; RTC clock source is power line frequency input as set by FREQ_SEL.
042353             0070*                                   ; On-chip 32768 Hz oscillator is disabled.
042353             0071*   
042353             0072*   RTC_FREQ_SEL_0: equ %00000000   ; 60 Hz power line frequency.
042353             0073*   RTC_FREQ_SEL_1: equ %00001000   ; 50 Hz power line frequency.
042353             0074*   
042353             0075*   RTC_SLP_WAKE_0: equ %00000000   ; RTC does not generate a sleep-mode recovery reset.
042353             0076*   RTC_SLP_WAKE_1: equ %00000010   ; RTC generates a sleep-mode recovery reset.
042353             0077*   
042353             0078*   RTC_UNLOCK_0:   equ %00000000   ; RTC count registers are locked to prevent Write access.
042353             0079*                                   ; RTC counter is enabled.
042353             0080*   RTC_UNLOCK_1:   equ %00000001   ; RTC count registers are unlocked to allow Write access.
042353             0081*                                   ; RTC counter is disabled.
042353             0082*   
042353             0083*   ; prt_reload_emulator: equ 11234 ; 1/102.4 seconds on emulator with 16 clock divider
042353             0084*   
042353             0085*   prt_reload_emulator: equ 11519 ; 1 centisecond on emulator with 16 clock divider
042353             0086*   prt_reload_hardware: equ 11532 ; 1 centisecond on hardware with 16 clock divider
042353 00 00 00    0087*   prt_reload: dl 0x000000
042356             0088*   
042356             0089*   ; ; returns: a = 0 if running on hardware,1 if running on emulator
042356             0090*   ; ;          de = number PRT interrupts during test interval
042356             0091*   ; prt_calibrate:
042356             0092*   ;     call vdu_vblank
042356             0093*   ; ; set a MOS timer
042356             0094*   ;     ld hl,120*1 ; 1 second
042356             0095*   ;     ld iy,tmr_test
042356             0096*   ;     call tmr_set
042356             0097*   ; ; set a PRT timer
042356             0098*   ;     ; ld hl,prt_reload_hardware
042356             0099*   ;     ; ld hl,prt_reload_emulator
042356             0100*   ;     ld hl,prt_reload_emulator + prt_reload_hardware / 2
042356             0101*   ;     ld (prt_reload),hl
042356             0102*   ;     call prt_set
042356             0103*   ; @loop:
042356             0104*   ; ; check time remaining on MOS timer
042356             0105*   ;     call tmr_get
042356             0106*   ;     jp z,@done ; time expired,so quit
042356             0107*   ;     jp m,@done ; time past expiration (negative),so quit
042356             0108*   ;     jr @loop
042356             0109*   ; @done:
042356             0110*   ;     ld de,(prt_irq_counter)
042356             0111*   ;     ld bc,prt_reload_hardware ; default value for running on hardware
042356             0112*   ;     ld (prt_reload),bc
042356             0113*   ;     ld hl,100 ; halfway between 101 for real hardware and 99 for emulator
042356             0114*   ;     xor a ; clear carry,zero is default value for running on hardware
042356             0115*   ;     ld (is_emulator),a
042356             0116*   ;     sbc hl,de
042356             0117*   ;     ld hl,on_hardware ; default message for running on hardware
042356             0118*   ;     jp z,prt_calibrate ; zero result is indeterminate so we try again
042356             0119*   ;     ret m ; negative result means we're on hardware
042356             0120*   ;     inc a ; we're on emulator
042356             0121*   ;     ld (is_emulator),a
042356             0122*   ;     ld bc,prt_reload_emulator
042356             0123*   ;     ld (prt_reload),bc
042356             0124*   ;     ld hl,on_emulator
042356             0125*   ;     ret
042356             0126*   
042356             0127*   ; calibrating_timer: defb "Calibrating timer\r\n",0
042356             0128*   
042356             0129*   ; set PRT timer
042356             0130*   prt_set:
042356 21 00 00 00 0131*       ld hl,0
04235A 22 A4 23 04 0132*       ld (prt_irq_counter),hl
04235E 2A 53 23 04 0133*       ld hl,(prt_reload)
042362 ED 29 84    0134*       out0 ($84),l
042365 ED 21 85    0135*   	out0 ($85),h
042368             0136*   ; disable timer
042368 3E 06       0137*       ld a,PRT_IRQ_0 | IRQ_EN_0 | PRT_MODE_0 | CLK_DIV_16 | RST_EN_1 | PRT_EN_0
04236A ED 39 83    0138*   	out0 ($83),a
04236D             0139*   ; enable timer,with interrupt and CONTINUOUS mode,clock divider 16
04236D 3E 57       0140*       ld a,PRT_IRQ_0 | IRQ_EN_1 | PRT_MODE_1 | CLK_DIV_16 | RST_EN_1 | PRT_EN_1
04236F ED 39 83    0141*   	out0 ($83),a
042372 C9          0142*       ret
042373             0143*   
042373             0144*   ; ===============================================
042373             0145*   ; PRT Timer Interrupt Handling
042373             0146*   ; https://github.com/tomm/agon-cpu-emulator/blob/main/sdcard/regression_suite/timerirq.inc
042373             0147*   ; -----------------------------------------------
042373             0148*   prt_irq_init:
042373             0149*       ; set up interrupt vector table 2
042373 21 00 00 00 0150*   	ld hl,0
042377 3A 0C 01 00 0151*   	ld a,($10c)
04237B 6F          0152*   	ld l,a
04237C 3A 0D 01 00 0153*   	ld a,($10d)
042380 67          0154*   	ld h,a
042381             0155*   
042381             0156*   	; skip over CALL ($c3)
042381 23          0157*   	inc hl
042382             0158*   	; load address of jump into vector table 2 (in ram)
042382 ED 27       0159*   	ld hl,(hl)
042384             0160*   
042384             0161*   	; write CALL prt_irq_handler to vector table 2
042384 3E C3       0162*   	ld a,$c3
042386 77          0163*   	ld (hl),a
042387 23          0164*   	inc hl
042388 11 8F 23 04 0165*   	ld de,prt_irq_handler
04238C ED 1F       0166*   	ld (hl),de
04238E             0167*   
04238E C9          0168*       ret
04238F             0169*   
04238F             0170*   prt_irq_handler:
04238F F3          0171*   	di
042390 F5          0172*   	push af
042391 E5          0173*       push hl
042392 ED 38 83    0174*   	in0 a,($83)
042395 2A A4 23 04 0175*   	ld hl,(prt_irq_counter)
042399 23          0176*   	inc hl
04239A 22 A4 23 04 0177*   	ld (prt_irq_counter),hl
04239E E1          0178*       pop hl
04239F F1          0179*   	pop af
0423A0 FB          0180*   	ei
0423A1 5B ED 4D    0181*   	reti.l
0423A4             0182*   
0423A4             0183*   prt_irq_counter:
0423A4 00 00 00    0184*   	.dl 0
0423A7             0185*   prt_irq_counter_saved:
0423A7 00 00 00    0186*       .dl 0
0423AA             0187*   
0423AA             0188*   prt_loop_reset:
0423AA E5          0189*       push hl
0423AB 21 00 00 00 0190*   	ld hl,0
0423AF 22 A4 23 04 0191*   	ld (prt_irq_counter),hl
0423B3 22 15 24 04 0192*       ld (prt_loop_counter),hl
0423B7 22 18 24 04 0193*       ld (prt_loops),hl
0423BB CD 56 23 04 0194*       call prt_set
0423BF E1          0195*       pop hl
0423C0 C9          0196*       ret
0423C1             0197*   
0423C1             0198*   prt_loop_start:
0423C1 E5          0199*       push hl
0423C2 21 00 00 00 0200*   	ld hl,0
0423C6 22 A4 23 04 0201*   	ld (prt_irq_counter),hl
0423CA E1          0202*       pop hl
0423CB C9          0203*       ret
0423CC             0204*   
0423CC             0205*   prt_loop_stop:
0423CC E5          0206*       push hl
0423CD D5          0207*       push de
0423CE 2A A4 23 04 0208*       ld hl,(prt_irq_counter)
0423D2 ED 5B 15 24 0209*       ld de,(prt_loop_counter)
       04          
0423D7 19          0210*       add hl,de
0423D8 22 15 24 04 0211*       ld (prt_loop_counter),hl
0423DC 21 00 00 00 0212*       ld hl,0
0423E0 22 A4 23 04 0213*       ld (prt_irq_counter),hl
0423E4 2A 18 24 04 0214*       ld hl,(prt_loops)
0423E8 23          0215*       inc hl
0423E9 22 18 24 04 0216*       ld (prt_loops),hl
0423ED D1          0217*       pop de
0423EE E1          0218*       pop hl
0423EF C9          0219*       ret
0423F0             0220*   
0423F0             0221*   ; inputs: bc = y,x text coordinates to print
0423F0             0222*   prt_loop_print:
0423F0 F5          0223*       push af
0423F1 E5          0224*       push hl
0423F2 C5          0225*       push bc
0423F3 D5          0226*       push de
0423F4 DD E5       0227*       push ix
0423F6 FD E5       0228*       push iy
0423F8 CD 8C 25 04 0229*       call vdu_move_cursor
0423FC             0230*   
0423FC 2A 15 24 04 0231*       ld hl,(prt_loop_counter)
042400 CD F2 24 04 0232*       call printDec
042404             0233*   
042404 2A 18 24 04 0234*       ld hl,(prt_loops)
042408 CD F2 24 04 0235*       call printDec
04240C             0236*   
04240C FD E1       0237*       pop iy
04240E DD E1       0238*       pop ix
042410 D1          0239*       pop de
042411 C1          0240*       pop bc
042412 E1          0241*       pop hl
042413 F1          0242*       pop af
042414 C9          0243*       ret
042415             0244*   
042415             0245*   prt_loop_counter:
042415 00 00 00    0246*       .dl 0
042418             0247*   prt_loops:
042418 00 00 00    0248*       .dl 0
04241B             0249*   
04241B             0250*   ; ===============================================
04241B             0251*   ; Timer functions
04241B             0252*   ; -----------------------------------------------
04241B             0253*   ; set a countdown timer
04241B             0254*   ; inputs: hl = time to set in 1/120ths of a second; iy = pointer to 3-byte buffer holding start time,iy+3 = pointer to 3-byte buffer holding timer set value
04241B             0255*   ; returns: hl = current time
04241B             0256*   tmr_set:
04241B FD 2F 03    0257*       ld (iy+3),hl            ; set time remaining
04241E             0258*       MOSCALL mos_sysvars     ; ix points to syvars table
                       M1 Args: function=mos_sysvars 
04241E 3E 08       0001*M1 			LD	A, function
042420 5B CF       0002*M1 			RST.LIL	08h
042422 DD 27 00    0259*       ld hl,(ix+sysvar_time)  ; get current time
042425 FD 2F 00    0260*       ld (iy+0),hl            ; set start time
042428 C9          0261*       ret
042429             0262*   
042429             0263*   ; gets time remaining on a countdown timer
042429             0264*   ; inputs: iy = pointer to 3-byte buffer holding start time,iy+3 = pointer to 3-byte buffer holding timer set value
042429             0265*   ; returns: hl pos = time remaining in 1/120ths of a second,hl neg = time past expiration
042429             0266*   ;          sign flags: pos = time not expired,zero or neg = time expired
042429             0267*   tmr_get:
042429             0268*       MOSCALL mos_sysvars     ; ix points to syvars table
                       M1 Args: function=mos_sysvars 
042429 3E 08       0001*M1 			LD	A, function
04242B 5B CF       0002*M1 			RST.LIL	08h
04242D DD 17 00    0269*       ld de,(ix+sysvar_time)  ; get current time
042430 FD 27 00    0270*       ld hl,(iy+0)            ; get start time
042433 AF          0271*       xor a                   ; clear carry
042434 ED 52       0272*       sbc hl,de               ; hl = time elapsed (will always be zero or negative)
042436 FD 17 03    0273*       ld de,(iy+3)            ; get timer set value
042439 AF          0274*       xor a                   ; clear carry
04243A ED 5A       0275*       adc hl,de               ; hl = time remaining
04243C             0276*                               ; (we do adc because add hl,rr doesn't set sign or zero flags)
04243C C9          0277*       ret
04243D             0278*   
04243D 00 00 00    0279*   timestamp_now: dl 0
042440 00 00 00    0280*   timestamp_old: dl 0
042443 00 00 00    0281*   timestamp_chg: dl 0
042446             0282*   
042446             0283*   ; update the global timestamp from the system clock
042446             0284*   ; inputs: none
042446             0285*   ; returns: hl = time elapsed in 1/120ths of a second
042446             0286*   ;          de = current time
042446             0287*   ;          ix = pointer to syvars table
042446             0288*   ; destroys: af,hl,de,ix
042446             0289*   timestamp_tick:
042446 ED 5B 3D 24 0290*       ld de,(timestamp_now)   ; get previous time
       04          
04244B ED 53 40 24 0291*       ld (timestamp_old),de   ; save previous time
       04          
042450             0292*       MOSCALL mos_sysvars     ; ix points to syvars table
                       M1 Args: function=mos_sysvars 
042450 3E 08       0001*M1 			LD	A, function
042452 5B CF       0002*M1 			RST.LIL	08h
042454 DD 27 00    0293*       ld hl,(ix+sysvar_time)  ; get current time
042457 22 3D 24 04 0294*       ld (timestamp_now),hl   ; save current time
04245B AF          0295*       xor a                   ; clear carry
04245C ED 52       0296*       sbc hl,de               ; hl = time elapsed
04245E 22 43 24 04 0297*       ld (timestamp_chg),hl   ; save elapsed time
042462 C9          0298*       ret
042463             0299*   
042463             0300*   ; set a countdown timer
042463             0301*   ; inputs: hl = time to set in 1/120ths of a second; iy = pointer to 3-byte buffer holding start time,iy+3 = pointer to 3-byte buffer holding timer set value
042463             0302*   ; requires: timestamp_tick to be called at least once before this function
042463             0303*   ; returns: hl = current time
042463             0304*   ; destroys: hl
042463             0305*   timestamp_tmr_set:
042463 FD 2F 03    0306*       ld (iy+3),hl            ; set time remaining
042466 2A 3D 24 04 0307*       ld hl,(timestamp_now)   ; get current timestamp
04246A FD 2F 00    0308*       ld (iy+0),hl            ; set start time
04246D C9          0309*       ret
04246E             0310*   
04246E             0311*   ; gets time remaining on a countdown timer following the global timestamp
04246E             0312*   ; inputs: iy = pointer to 3-byte buffer holding start time,iy+3 = pointer to 3-byte buffer holding timer set value
04246E             0313*   ; requires: timestamp_tick to be called at least once before this function
04246E             0314*   ; returns: hl pos = time remaining in 1/120ths of a second,hl neg = time past expiration
04246E             0315*   ;          sign flags: pos = time not expired,zero or neg = time expired
04246E             0316*   ; destroys: af,hl,de
04246E             0317*   timestamp_tmr_get:
04246E ED 5B 3D 24 0318*       ld de,(timestamp_now)   ; get current timestamp
       04          
042473 FD 27 00    0319*       ld hl,(iy+0)            ; get start time
042476 AF          0320*       xor a                   ; clear carry
042477 ED 52       0321*       sbc hl,de               ; hl = time elapsed (will always be zero or negative)
042479 FD 17 03    0322*       ld de,(iy+3)            ; get timer set value
04247C AF          0323*       xor a                   ; clear carry
04247D ED 5A       0324*       adc hl,de               ; hl = time remaining
04247F             0325*                               ; (we do adc because add hl,rr doesn't set sign or zero flags)
04247F C9          0326*       ret
042480             0327*   
042480             0328*   ; main loop timer functions
042480             0329*   tmr_main_loop: ds 6 ; buffer to hold main loop timer
042486             0330*   
042486             0331*   ; set a countdown timer for the main loop using the timestamp timer
042486             0332*   ; inputs: hl = time to set in 1/120ths of a second
042486             0333*   ; returns: hl = current time
042486             0334*   ; destroys: af,hl,de,ix,iy
042486             0335*   tmr_main_loop_set:
       FF FF FF FF 
       FF FF 
042486 FD 21 80 24 0336*       ld iy,tmr_main_loop
       04          
04248B FD 2F 03    0337*       ld (iy+3),hl ; set time remaining
04248E CD 46 24 04 0338*       call timestamp_tick
042492 2A 3D 24 04 0339*       ld hl,(timestamp_now)   ; get current timestamp
042496 FD 2F 00    0340*       ld (iy+0),hl ; set start time
042499 C9          0341*       ret
04249A             0342*   
04249A             0343*   ; gets time remaining on the main loop countdown timer following the global timestamp
04249A             0344*   ; returns: hl pos = time remaining in 1/120ths of a second,hl neg = time past expiration
04249A             0345*   ;          sign flags: pos = time not expired,zero or neg = time expired
04249A             0346*   ; destroys: af,hl,de,ix,iy
04249A             0347*   tmr_main_loop_get:
04249A CD 46 24 04 0348*       call timestamp_tick
04249E FD 21 80 24 0349*       ld iy,tmr_main_loop
       04          
0424A3 CD 6E 24 04 0350*       call timestamp_tmr_get
0424A7 C9          0351*       ret
0424A8             0352*   
0424A8             0353*   ; set a stopwatch
0424A8             0354*   ; returns: hl = start time
0424A8             0355*   ; destroys: hl,ix
0424A8             0356*   stopwatch_set:
0424A8             0357*       MOSCALL mos_sysvars     ; ix points to syvars table
                       M1 Args: function=mos_sysvars 
0424A8 3E 08       0001*M1 			LD	A, function
0424AA 5B CF       0002*M1 			RST.LIL	08h
0424AC DD 27 00    0358*       ld hl,(ix+sysvar_time)  ; get current time
0424AF 22 C4 24 04 0359*       ld (stopwatch_started),hl            ; set start time
0424B3 C9          0360*       ret
0424B4             0361*   
0424B4             0362*   ; gets time elapsed on a stopwatch
0424B4             0363*   ; returns: hl = time elapsed in 1/120ths of a second
0424B4             0364*   ; destroys: af,hl,de,ix
0424B4             0365*   stopwatch_get:
0424B4             0366*       MOSCALL mos_sysvars     ; ix points to syvars table
                       M1 Args: function=mos_sysvars 
0424B4 3E 08       0001*M1 			LD	A, function
0424B6 5B CF       0002*M1 			RST.LIL	08h
0424B8 DD 27 00    0367*       ld hl,(ix+sysvar_time)  ; get current time
0424BB ED 5B C4 24 0368*       ld de,(stopwatch_started)            ; get start time
       04          
0424C0 AF          0369*       xor a                   ; clear carry
0424C1 ED 52       0370*       sbc hl,de               ; hl = time elapsed (will always be zero or positive)
0424C3 C9          0371*       ret
0424C4             0372*   
0424C4             0373*   stopwatch_started: ds 3 ; buffer to hold stopwatch start time
0424C7             0374*   
0424C7             0375*   ; ------------------
0424C7             0376*   ; delay routine
0424C7             0377*   ; Author: Richard Turrnidge
0424C7             0378*   ; https://github.com/richardturnnidge/lessons/blob/main/slowdown.inc
0424C7             0379*   ; routine waits a fixed time,then returns
0424C7             0380*   ; arrive with A =  the delay byte. One bit to be set only.
0424C7             0381*   ; eg. ld A,00000100b
0424C7             0382*   
0424C7             0383*   multiPurposeDelay:
       FF FF FF 
0424C7 F5          0384*       push af
0424C8 C5          0385*       push bc
0424C9 DD E5       0386*       push ix
0424CB 47          0387*       ld b,a
0424CC 3E 08       0388*       ld a,$08
0424CE 5B CF       0389*       RST.LIL	08h                 ; get IX pointer to sysvars
0424D0             0390*   
0424D0             0391*   waitLoop:
0424D0             0392*   
0424D0 DD 7E 00    0393*       ld a,(ix + 0)              ; ix+0h is lowest byte of clock timer
0424D3             0394*   
0424D3             0395*                                   ;   we check if bit set is same as last time we checked.
0424D3             0396*                                   ;   bit 0 - don't use
0424D3             0397*                                   ;   bit 1 - changes 64 times per second
0424D3             0398*                                   ;   bit 2 - changes 32 times per second
0424D3             0399*                                   ;   bit 3 - changes 16 times per second
0424D3             0400*   
0424D3             0401*                                   ;   bit 4 - changes 8 times per second
0424D3             0402*                                   ;   bit 5 - changes 4 times per second
0424D3             0403*                                   ;   bit 6 - changes 2 times per second
0424D3             0404*                                   ;   bit 7 - changes 1 times per second
0424D3 A0          0405*       and b
0424D4 4F          0406*       ld c,a
0424D5 3A E6 24 04 0407*       ld a,(oldTimeStamp)
0424D9 B9          0408*       cp c                        ; is A same as last value?
0424DA 28 F4       0409*       jr z,waitLoop              ; loop here if it is
0424DC 79          0410*       ld a,c
0424DD 32 E6 24 04 0411*       ld (oldTimeStamp),a        ; set new value
0424E1             0412*   
0424E1 DD E1       0413*       pop ix
0424E3 C1          0414*       pop bc
0424E4 F1          0415*       pop af
0424E5 C9          0416*       ret
0424E6             0417*   
0424E6 00          0418*   oldTimeStamp:   .db 00h
0424E7             0036        include "includes.inc"
0424E7             0001*   ; Routines selected from functions.inc
0424E7             0002*   ; Retained in original source-file order.
0424E7             0003*   
0424E7             0004*   printString:
0424E7 C5          0005*       PUSH BC
0424E8 01 00 00 00 0006*       LD BC,0
0424EC 3E 00       0007*       LD A,0
0424EE 5B DF       0008*       RST.LIL 18h
0424F0 C1          0009*       POP BC
0424F1 C9          0010*       RET
0424F2             0011*   ; print a VDU sequence
0424F2             0012*   ; HL: Pointer to VDU sequence - <1 byte length> <data>
0424F2             0013*   
0424F2             0014*   printDec:
0424F2             0015*   ; BEGIN MY CODE
0424F2             0016*   ; back up all the things
0424F2 F5          0017*       push af
0424F3 C5          0018*       push bc
0424F4 D5          0019*       push de
0424F5 E5          0020*       push hl
0424F6             0021*   ; END MY CODE
0424F6 11 1E 25 04 0022*       LD DE, _printDecBuffer
0424FA CD 2E 25 04 0023*       CALL u24_to_ascii
0424FE             0024*   ; BEGIN MY CODE
0424FE             0025*   ; replace leading zeroes with spaces
0424FE 21 1E 25 04 0026*       LD HL, _printDecBuffer
042502 06 07       0027*       ld B, 7 ; if HL was 0, we want to keep the final zero
042504             0028*   @loop:
042504 7E          0029*       LD A, (HL)
042505 FE 30       0030*       CP '0'
042507 C2 11 25 04 0031*       JP NZ, @done
04250B 3E 20       0032*       LD A, ' '
04250D 77          0033*       LD (HL), A
04250E 23          0034*       INC HL
04250F             0035*       ; CALL vdu_cursor_forward
04250F 10 F3       0036*       DJNZ @loop
042511             0037*   @done:
042511             0038*   ; END MY CODE
042511 21 1E 25 04 0039*       LD HL, _printDecBuffer
042515 CD E7 24 04 0040*       CALL printString
042519             0041*   ; BEGIN MY CODE
042519             0042*   ; restore all the things
042519 E1          0043*       pop hl
04251A D1          0044*       pop de
04251B C1          0045*       pop bc
04251C F1          0046*       pop af
04251D             0047*   ; END MY CODE
04251D C9          0048*       RET
04251E 00 00 00 00 0049*   _printDecBuffer: blkb 16,0 ; a few bytes extra just to be sure
       00 00 00 00 
       00 00 00 00 
       00 00 00 00 
04252E             0050*   
04252E             0051*   ; This routine converts the unsigned 24-bit value in HLU into it's ASCII representation,
04252E             0052*   ; starting to memory location pointing by DE, in decimal form and with leading zeroes
04252E             0053*   ; so it will allways be 8 characters length
04252E             0054*   ; HL : Value to convert to string
04252E             0055*   ; DE : pointer to buffer, at least 8 byte + 0
04252E             0056*   
04252E             0057*   u24_to_ascii:
04252E 01 80 69 67 0058*       LD BC,-10000000
042532 CD 65 25 04 0059*       CALL @one_digit
042536 01 C0 BD F0 0060*       LD BC,-1000000
04253A CD 65 25 04 0061*       CALL @one_digit
04253E 01 60 79 FE 0062*       LD BC,-100000
042542 CD 65 25 04 0063*       CALL @one_digit
042546 01 F0 D8 FF 0064*       LD BC,-10000
04254A CD 65 25 04 0065*       CALL @one_digit
04254E 01 18 FC FF 0066*       LD BC,-1000
042552 CD 65 25 04 0067*       CALL @one_digit
042556 01 9C FF FF 0068*       LD BC,-100
04255A CD 65 25 04 0069*       CALL @one_digit
04255E 0E F6       0070*       LD C,-10
042560 CD 65 25 04 0071*       CALL @one_digit
042564 48          0072*       LD C,B
042565             0073*   @one_digit:
042565 3E 2F       0074*       LD A,'0'-1
042567             0075*   @divide_me:
042567 3C          0076*       INC A
042568 09          0077*       ADD HL,BC
042569 38 FC       0078*       JR C,@divide_me
04256B ED 42       0079*       SBC HL,BC
04256D 12          0080*       LD (DE),A
04256E 13          0081*       INC DE
04256F C9          0082*       RET
042570             0083*   
042570             0084*   
042570             0085*   ; Routines, constants, and private data selected from vdu.inc
042570             0086*   ; Retained in original source-file order.
042570             0087*   
042570             0088*   plot_bmp: equ 0xE8
042570             0089*   dr_abs_fg: equ 5
042570             0090*   
042570             0091*   cursor_on:
042570 21 7B 25 04 0092*   	ld hl,@cmd
042574 01 03 00 00 0093*   	ld bc,@end-@cmd
042578 5B DF       0094*   	rst.lil $18
04257A C9          0095*   	ret
04257B             0096*   @cmd:
04257B 17 01 01    0097*   	db 23,1,1
04257E             0098*   @end:
04257E             0099*   
04257E             0100*   cursor_off:
04257E 21 89 25 04 0101*   	ld hl,@cmd
042582 01 03 00 00 0102*   	ld bc,@end-@cmd
042586 5B DF       0103*   	rst.lil $18
042588 C9          0104*   	ret
042589             0105*   @cmd:
042589 17 01 00    0106*   	db 23,1,0
04258C             0107*   @end:
04258C             0108*   
04258C             0109*   ; VDU 9: Move cursor forward one character
04258C             0110*   
04258C             0111*   vdu_move_cursor:
04258C ED 43 9D 25 0112*       ld (@x0),bc
       04          
042591 21 9C 25 04 0113*   	ld hl,@cmd
042595 01 03 00 00 0114*   	ld bc,@end-@cmd
042599 5B DF       0115*   	rst.lil $18
04259B C9          0116*   	ret
04259C 1F          0117*   @cmd: 	db 31
04259D 00          0118*   @x0:	db 0
04259E 00          0119*   @y0: 	db 0
04259F 00          0120*   @end: 	db 0 ; padding
0425A0             0121*   
0425A0             0122*   ; VDU 12: Clear text area (CLS)
0425A0             0123*   
0425A0             0124*   vdu_cls:
0425A0 3E 0C       0125*       ld a,12
0425A2 5B D7       0126*   	rst.lil $10
0425A4 C9          0127*   	ret
0425A5             0128*   
0425A5             0129*   vdu_set_screen_mode:
0425A5 32 B5 25 04 0130*   	ld (@arg),a
0425A9 21 B4 25 04 0131*   	ld hl,@cmd
0425AD 01 02 00 00 0132*   	ld bc,@end-@cmd
0425B1 5B DF       0133*   	rst.lil $18
0425B3 C9          0134*   	ret
0425B4 16          0135*   @cmd: db 22 ; set screen mode
0425B5 00          0136*   @arg: db 0  ; screen mode parameter
0425B6             0137*   @end:
0425B6             0138*   
0425B6             0139*   ; VDU 23, 0, &C0, n: Turn logical screen scaling on and off *
0425B6             0140*   ; inputs: a is scaling mode, 1=on, 0=off
0425B6             0141*   ; note: default setting on boot is scaling ON
0425B6             0142*   
0425B6             0143*   vdu_set_scaling:
0425B6 32 C8 25 04 0144*   	ld (@arg),a
0425BA 21 C5 25 04 0145*   	ld hl,@cmd
0425BE 01 04 00 00 0146*   	ld bc,@end-@cmd
0425C2 5B DF       0147*   	rst.lil $18
0425C4 C9          0148*   	ret
0425C5 17 00 C0    0149*   @cmd: db 23,0,0xC0
0425C8 00          0150*   @arg: db 0  ; scaling on/off
0425C9             0151*   @end:
0425C9             0152*   
0425C9             0153*   ; VDU 23, 27, &20, bufferId; : Select bitmap (using a buffer ID)
0425C9             0154*   ; inputs: hl=bufferId
0425C9             0155*   
0425C9             0156*   vdu_buff_select:
0425C9 22 DB 25 04 0157*   	ld (@bufferId),hl
0425CD 21 D8 25 04 0158*   	ld hl,@cmd
0425D1 01 05 00 00 0159*   	ld bc,@end-@cmd
0425D5 5B DF       0160*   	rst.lil $18
0425D7 C9          0161*   	ret
0425D8 17 1B 20    0162*   @cmd: db 23,27,0x20
0425DB 00 00       0163*   @bufferId: dw 0x0000
0425DD 00          0164*   @end: db 0x00 ; padding
0425DE             0165*   
0425DE             0166*   ; VDU 23, 27, &21, w; h; format: Create bitmap from selected buffer
0425DE             0167*   ; inputs: a=format; bc=width; de=height
0425DE             0168*   ; prerequisites: buffer selected by vdu_bmp_select or vdu_buff_select
0425DE             0169*   ; formats: https://agonconsole8.github.io/agon-docs/VDP---Bitmaps-API.html
0425DE             0170*   ; 0 	RGBA8888 (4-bytes per pixel)
0425DE             0171*   ; 1 	RGBA2222 (1-bytes per pixel)
0425DE             0172*   ; 2 	Mono/Mask (1-bit per pixel)
0425DE             0173*   ; 3 	Reserved for internal use by VDP (“native” format)
0425DE             0174*   
0425DE             0175*   vdu_bmp_create:
0425DE ED 43 FA 25 0176*       ld (@width),bc
       04          
0425E3 ED 53 FC 25 0177*       ld (@height),de
       04          
0425E8 32 FE 25 04 0178*       ld (@fmt),a
0425EC 21 F7 25 04 0179*   	ld hl,@cmd
0425F0 01 08 00 00 0180*   	ld bc,@end-@cmd
0425F4 5B DF       0181*   	rst.lil $18
0425F6 C9          0182*   	ret
0425F7 17 1B 21    0183*   @cmd:       db 23,27,0x21
0425FA 00 00       0184*   @width:     dw 0x0000
0425FC 00 00       0185*   @height:    dw 0x0000
0425FE 00          0186*   @fmt:       db 0x00
0425FF             0187*   @end:
0425FF             0188*   
0425FF             0189*   ; https://agonconsole8.github.io/agon-docs/VDP---PLOT-Commands.html
0425FF             0190*   ; &E8-&EF 	232-239 	Bitmap plot §
0425FF             0191*   ; VDU 25, mode, x; y;: PLOT command
0425FF             0192*   ; inputs: bc=x0, de=y0
0425FF             0193*   ; prerequisites: vdu_buff_select
0425FF             0194*   
0425FF             0195*   vdu_plot_bmp:
0425FF ED 43 16 26 0196*       ld (@x0),bc
       04          
042604 ED 53 18 26 0197*       ld (@y0),de
       04          
042609 21 14 26 04 0198*   	ld hl,@cmd
04260D 01 06 00 00 0199*   	ld bc,@end-@cmd
042611 5B DF       0200*   	rst.lil $18
042613 C9          0201*   	ret
042614 19          0202*   @cmd:   db 25
042615 ED          0203*   @mode:  db plot_bmp+dr_abs_fg ; 0xED
042616 00 00       0204*   @x0: 	dw 0x0000
042618 00 00       0205*   @y0: 	dw 0x0000
04261A 00          0206*   @end:   db 0x00 ; padding
04261B             0207*   
04261B             0208*   ; scratch variables
04261B 00 00 00    0209*   bufferId0: dl 0x000000
04261E 00 00 00    0210*   bufferId1: dl 0x000000
042621             0211*   
042621             0212*   ; load a vdu buffer from local memory
042621             0213*   ; inputs: hl = bufferId ; bc = length ; de = pointer to data
042621             0214*   
042621             0215*   vdu_load_buffer:
042621 ED 43 4A 26 0216*       ld (@length),bc
       04          
042626 D5          0217*       push de ; save data pointer
042627             0218*   ; send the vdu command string
042627 7D          0219*       ld a,l
042628 32 47 26 04 0220*       ld (@bufferId),a
04262C 7C          0221*       ld a,h
04262D 32 48 26 04 0222*       ld (@bufferId+1),a
042631 21 44 26 04 0223*       ld hl,@cmd
042635 01 08 00 00 0224*       ld bc,@end-@cmd
042639 5B DF       0225*       rst.lil $18
04263B             0226*   ; send the buffer data
04263B E1          0227*       pop hl ; pointer to data
04263C ED 4B 4A 26 0228*       ld bc,(@length)
       04          
042641 5B DF       0229*       rst.lil $18 ; send it
042643 C9          0230*       ret
042644             0231*   ; Upload data :: VDU 23, 0 &A0, bufferId; 0, length; <buffer-data>
042644 17 00 A0    0232*   @cmd:       db 23,0,0xA0
042647 00 00       0233*   @bufferId:	dw 0x0000
042649 00          0234*   		    db 0 ; load buffer
04264A 00 00       0235*   @length:	dw 0x0000
04264C 00          0236*   @end: db 0 ; padding
04264D             0237*   
04264D             0238*   ; clear a buffer
04264D             0239*   ; inputs: hl = bufferId
04264D             0240*   
04264D             0241*   vdu_clear_buffer:
04264D 7D          0242*       ld a,l
04264E 32 65 26 04 0243*       ld (@bufferId),a
042652 7C          0244*       ld a,h
042653 32 66 26 04 0245*       ld (@bufferId+1),a
042657 21 62 26 04 0246*       ld hl,@cmd
04265B 01 06 00 00 0247*       ld bc,@end-@cmd
04265F 5B DF       0248*       rst.lil $18
042661 C9          0249*       ret
042662 17 00 A0    0250*   @cmd:       db 23,0,0xA0
042665 00 00       0251*   @bufferId:	dw 0x0000
042667 02          0252*   		    db 2 ; clear buffer
042668             0253*   @end:
042668             0254*   
042668             0255*   ; Command 14: Consolidate blocks in a buffer
042668             0256*   
042668             0257*   vdu_consolidate_buffer:
042668             0258*   ; set parameters for vdu call
042668 7D          0259*       ld a,l
042669 32 80 26 04 0260*       ld (@bufferId),a
04266D 7C          0261*       ld a,h
04266E 32 81 26 04 0262*       ld (@bufferId+1),a
042672 21 7D 26 04 0263*       ld hl,@beg
042676 01 06 00 00 0264*       ld bc,@end-@beg
04267A 5B DF       0265*       rst.lil $18
04267C C9          0266*       ret
04267D             0267*   ; VDU 23, 0, &A0, bufferId; 14
04267D 17 00 A0    0268*   @beg: db 23,0,0xA0
042680 00 00       0269*   @bufferId: dw 0x0000
042682 0E          0270*              db 14
042683             0271*   @end:
042683             0272*   
042683             0273*   ; load an image file to a buffer and make it a bitmap
042683             0274*   ; inputs: a = image type ; bc,de image width,height ; hl = bufferId ; ix = file size ; iy = pointer to filename
042683             0275*   
042683             0276*   vdu_load_img:
042683             0277*   ; back up image type and dimension parameters
042683 22 1B 26 04 0278*       ld (bufferId0),hl
042687 F5          0279*       push af
042688 C5          0280*   	push bc
042689 D5          0281*   	push de
04268A             0282*   ; load the image
04268A CD A5 26 04 0283*   	call vdu_load_buffer_from_file
04268E             0284*   ; now make it a bitmap
04268E 2A 1B 26 04 0285*       ld hl,(bufferId0)
042692 CD 68 26 04 0286*       call vdu_consolidate_buffer
042696 2A 1B 26 04 0287*       ld hl,(bufferId0)
04269A CD C9 25 04 0288*       call vdu_buff_select
04269E D1          0289*   	pop de ; image height
04269F C1          0290*   	pop bc ; image width
0426A0 F1          0291*   	pop af ; image type
0426A1 C3 DE 25 04 0292*   	jp vdu_bmp_create ; will return to caller from there
0426A5             0293*   
0426A5             0294*   ; inputs: hl = bufferId; iy = pointer to filename
0426A5             0295*   
0426A5             0296*   vdu_load_buffer_from_file:
0426A5 22 1B 26 04 0297*       ld (bufferId0),hl
0426A9             0298*   
0426A9             0299*   ; clear target buffer
0426A9 CD 4D 26 04 0300*       call vdu_clear_buffer
0426AD             0301*   
0426AD             0302*   ; open the file in read mode
0426AD             0303*   ; Open a file
0426AD             0304*   ; HLU: Filename
0426AD             0305*   ;   C: Mode
0426AD             0306*   ; Returns:
0426AD             0307*   ;   A: Filehandle, or 0 if couldn't open
0426AD FD E5       0308*   	push iy ; pointer to filename
0426AF E1          0309*   	pop hl
0426B0 0E 01       0310*   	ld c,fa_read
0426B2             0311*       MOSCALL mos_fopen
                       M1 Args: function=mos_fopen 
0426B2 3E 0A       0001*M1 			LD	A, function
0426B4 5B CF       0002*M1 			RST.LIL	08h
0426B6 32 F1 26 04 0312*       ld (@filehandle),a
0426BA             0313*   
0426BA             0314*   @read_file:
0426BA             0315*   ; Read a block of data from a file
0426BA             0316*   ;   C: Filehandle
0426BA             0317*   ; HLU: Pointer to where to write the data to
0426BA             0318*   ; DEU: Number of bytes to read
0426BA             0319*   ; Returns:
0426BA             0320*   ; DEU: Number of bytes read
0426BA 3A F1 26 04 0321*       ld a,(@filehandle)
0426BE 4F          0322*       ld c,a
0426BF 21 00 E0 B7 0323*       ld hl,filedata
0426C3 11 00 20 00 0324*       ld de,8192 ; max we can read into onboard sram at one time
0426C7             0325*       MOSCALL mos_fread
                       M1 Args: function=mos_fread 
0426C7 3E 1A       0001*M1 			LD	A, function
0426C9 5B CF       0002*M1 			RST.LIL	08h
0426CB             0326*   
0426CB             0327*   ; test de for zero bytes read
0426CB 21 00 00 00 0328*       ld hl,0
0426CF AF          0329*       xor a ; clear carry
0426D0 ED 52       0330*       sbc hl,de
0426D2 CA E8 26 04 0331*       jp z,@close_file
0426D6             0332*   
0426D6             0333*   ; load a vdu buffer from local memory
0426D6             0334*   ; inputs: hl = bufferId ; bc = length ; de = pointer to data
0426D6 2A 1B 26 04 0335*       ld hl,(bufferId0)
0426DA D5          0336*       push de ; chunksize
0426DB C1          0337*       pop bc
0426DC 11 00 E0 B7 0338*       ld de,filedata
0426E0 CD 21 26 04 0339*       call vdu_load_buffer
0426E4             0340*   
0426E4             0341*   ; ; print progress breadcrumbs
0426E4             0342*   ;     ld a,'.'
0426E4             0343*   ;     rst.lil 10h
0426E4             0344*   
0426E4             0345*   ; read the next block
0426E4 C3 BA 26 04 0346*       jp @read_file
0426E8             0347*   
0426E8             0348*   ; close the file
0426E8             0349*   @close_file:
0426E8 3A F1 26 04 0350*       ld a,(@filehandle)
0426EC             0351*       MOSCALL mos_fclose
                       M1 Args: function=mos_fclose 
0426EC 3E 0B       0001*M1 			LD	A, function
0426EE 5B CF       0002*M1 			RST.LIL	08h
0426F0 C9          0352*       ret ; vdu_load_buffer_from_file
0426F1             0353*   
0426F1 00          0354*   @filehandle: db 0 ; file handle
0426F2 00 00 00    0355*   @fil: dl 0 ; pointer to FIL struct
0426F5             0356*   
0426F5 00 00 00    0357*   @chunkpointer: dl 0 ; pointer to current chunk
0426F8             0037    
0426F8             0038    init:
0426F8             0039    ; set screen mode
0426F8             0040        ; ld a,0 ; 640x480x16 single-buffered
0426F8             0041        ; ld a,19 ; 1024x768x4 single-buffered
0426F8 3E 08       0042        ld a,8 ; 320x240x64 single-buffered
0426FA             0043        ; ld a,20 ; 512x384x64 single-buffered
0426FA             0044        ; ld a,23 ; 512x384x2 single-buffered
0426FA CD A5 25 04 0045        call vdu_set_screen_mode
0426FE             0046    
0426FE             0047    ; set screen scaling and background colors
0426FE 21 0C 27 04 0048        ld hl,@beg
042702 01 09 00 00 0049        ld bc,@end-@beg
042706 5B DF       0050        rst.lil $18
042708 C3 15 27 04 0051        jp @end
04270C             0052    @beg:
04270C             0053    ;   VDU 23, 0, &C0, 0: Normal coordinates
04270C 17 00 C0 00 0054        db 23,0,$C0,0
042710             0055    ;   VDU 17, color : set text background color
042710 11 8C       0056        db 17,12+128 ; blue
042712             0057    ;   VDU 18, color : set gfx background color
042712 12 00 8C    0058        db 18,0,12+128 ; blue
042715             0059    @end:
042715 CD 7E 25 04 0060        call cursor_off
042719 CD A0 25 04 0061        call vdu_cls
04271D             0062    
04271D             0063    ; initialize main loop timer
04271D             0064    main_loop_timer_reset: equ 60 ; 120ths of a second
04271D 21 3C 00 00 0065        ld hl,main_loop_timer_reset
042721 CD 86 24 04 0066        call tmr_main_loop_set
042725             0067    
042725 CD 22 01 04 0068        call tmr_slideshow_set
042729             0069    
042729 C9          0070        ret ; init
04272A             0071    
04272A             0072    main:
04272A 11 00 00 00 0073        ld de, 0
04272E C3 4A 27 04 0074        jp rendbmp
042732             0075    
042732             0076    mainloop:
042732 CD B2 00 04 0077        call reset_keys
042736             0078    
042736             0079    waitloop:
042736 CD 97 00 04 0080        call set_keys
04273A CD 9A 24 04 0081        call tmr_main_loop_get
04273E CA C2 00 04 0082        jp z, do_input
042742 FA C2 00 04 0083        jp m, do_input
042746 C3 36 27 04 0084        jp waitloop
04274A             0085    
04274A             0086    rendbmp:
04274A             0087    ; test de for wraparound
04274A 21 00 00 00 0088        ld hl,0
04274E AF          0089        xor a ; clear carry
04274F ED 52       0090        sbc hl,de
042751 CA 61 27 04 0091        jp z,@not_neg
042755 FA 61 27 04 0092        jp m,@not_neg
042759 11 F8 00 00 0093        ld de,num_images-1
04275D C3 70 27 04 0094        jp @load_image
042761             0095    @not_neg:
042761 21 F8 00 00 0096        ld hl,num_images-1
042765 AF          0097        xor a ; clear carry
042766 ED 52       0098        sbc hl,de
042768 F2 70 27 04 0099        jp p,@load_image
04276C 11 00 00 00 0100        ld de,0
042770             0101    @load_image:
042770 ED 53 84 00 0102        ld (current_image_index),de
       04          
042775 16 0F       0103        ld d,image_record_size
042777 ED 5C       0104        mlt de
042779 FD 21 48 01 0105        ld iy,image_list
       04          
04277E FD 19       0106        add iy,de
042780 FD 7E 00    0107        ld a,(iy+image_type) ; get image type
042783 FD 07 03    0108        ld bc,(iy+image_width) ; get image width
042786 FD 17 06    0109        ld de,(iy+image_height) ; get image height
042789 FD 31 09    0110        ld ix,(iy+image_filesize) ; get image file size
04278C FD 27 0C    0111        ld hl,(iy+image_filename) ; get image filename
04278F E5          0112        push hl
042790 FD E1       0113        pop iy
042792 21 00 01 00 0114        ld hl,256 ; set image bufferId
042796 CD 83 26 04 0115        call vdu_load_img
04279A             0116    ; plot image
04279A CD A0 25 04 0117        call vdu_cls
04279E 01 00 00 00 0118        ld bc,0 ; x
0427A2 11 00 00 00 0119        ld de,0 ; y
0427A6 CD FF 25 04 0120        call vdu_plot_bmp
0427AA             0121    
0427AA             0122    no_move:
0427AA 21 3C 00 00 0123        ld hl,main_loop_timer_reset
0427AE CD 86 24 04 0124        call tmr_main_loop_set
0427B2 C3 32 27 04 0125        jp mainloop
0427B6             0126    
0427B6             0127    main_end:
0427B6             0128    ; exit program gracefully
0427B6 AF          0129        xor a ; 640x480x16 single-buffered
0427B7 CD A5 25 04 0130        call vdu_set_screen_mode
0427BB 3E 01       0131        ld a,1 ; scaling on
0427BD CD B6 25 04 0132        call vdu_set_scaling
0427C1 CD 70 25 04 0133        call cursor_on
0427C5 C9          0134        ret
0427C6             0135    
0427C6             0136    ; load to onboard 8k sram
0427C6             0137    filedata: equ 0xB7E000
